<?xml version="1.0" encoding="UTF-8"?>
<osm version="0.6" generator="openstreetmap-cgimap 2.1.0 (113202 spike-06.openstreetmap.org)" copyright="OpenStreetMap and contributors" attribution="http://www.openstreetmap.org/copyright" license="http://opendatacommons.org/licenses/odbl/1-0/">
 <bounds minlat="47.3537300" minlon="-1.7782000" maxlat="47.3714000" maxlon="-1.7488000"/>
 <node id="331025004" visible="true" version="55" changeset="13819971" timestamp="2012-11-10T12:22:29Z" user="Rinaldum" uid="203790" lat="47.3677802" lon="-1.7298938"/>
 <node id="331214256" visible="true" version="4" changeset="771394" timestamp="2009-01-11T15:42:52Z" user="DrazziB" uid="53081" lat="47.3512229" lon="-1.7549998"/>
 <node id="331214257" visible="true" version="4" changeset="771394" timestamp="2009-01-11T15:42:53Z" user="DrazziB" uid="53081" lat="47.3524325" lon="-1.7567164"/>
 <node id="331214259" visible="true" version="5" changeset="13821256" timestamp="2012-11-10T14:25:22Z" user="Rinaldum" uid="203790" lat="47.3548674" lon="-1.7598907"/>
 <node id="331214261" visible="true" version="5" changeset="13821256" timestamp="2012-11-10T14:25:21Z" user="Rinaldum" uid="203790" lat="47.3550780" lon="-1.7600503"/>
 <node id="331214262" visible="true" version="4" changeset="771394" timestamp="2009-01-11T15:42:53Z" user="DrazziB" uid="53081" lat="47.3555026" lon="-1.7602527"/>
 <node id="331214264" visible="true" version="4" changeset="771394" timestamp="2009-01-11T15:42:53Z" user="DrazziB" uid="53081" lat="47.3569156" lon="-1.7610938"/>
 <node id="331214265" visible="true" version="5" changeset="15192508" timestamp="2013-02-28T04:20:32Z" user="Manu1400" uid="181135" lat="47.3575100" lon="-1.7615968"/>
 <node id="331214267" visible="true" version="5" changeset="15192508" timestamp="2013-02-28T04:20:33Z" user="Manu1400" uid="181135" lat="47.3579956" lon="-1.7626241"/>
 <node id="331214268" visible="true" version="17" changeset="157157068" timestamp="2024-09-27T07:10:42Z" user="MacDony" uid="3701940" lat="47.3586810" lon="-1.7649703"/>
 <node id="331214700" visible="true" version="7" changeset="905288" timestamp="2009-04-22T20:27:02Z" user="DrazziB" uid="53081" lat="47.3497787" lon="-1.7753138"/>
 <node id="331214701" visible="true" version="6" changeset="19839007" timestamp="2014-01-06T07:28:34Z" user="Britz" uid="143703" lat="47.3507630" lon="-1.7732078"/>
 <node id="331214702" visible="true" version="6" changeset="157157068" timestamp="2024-09-27T07:10:42Z" user="MacDony" uid="3701940" lat="47.3515625" lon="-1.7716780"/>
 <node id="331214703" visible="true" version="6" changeset="157157068" timestamp="2024-09-27T07:10:42Z" user="MacDony" uid="3701940" lat="47.3518944" lon="-1.7711902"/>
 <node id="331214704" visible="true" version="6" changeset="157157068" timestamp="2024-09-27T07:10:42Z" user="MacDony" uid="3701940" lat="47.3534997" lon="-1.7690984"/>
 <node id="331214705" visible="true" version="5" changeset="792537" timestamp="2009-01-15T22:30:26Z" user="DrazziB" uid="53081" lat="47.3553864" lon="-1.7671620"/>
 <node id="331214706" visible="true" version="6" changeset="20556132" timestamp="2014-02-14T10:23:44Z" user="Britz" uid="143703" lat="47.3566314" lon="-1.7661801"/>
 <node id="331214707" visible="true" version="5" changeset="792537" timestamp="2009-01-15T22:30:26Z" user="DrazziB" uid="53081" lat="47.3577819" lon="-1.7654969"/>
 <node id="331218945" visible="true" version="3" changeset="771394" timestamp="2009-01-11T15:42:53Z" user="DrazziB" uid="53081" lat="47.3517981" lon="-1.7558161"/>
 <node id="331220819" visible="true" version="2" changeset="169686278" timestamp="2025-07-29T17:58:50Z" user="Koreller" uid="12419855" lat="47.3611654" lon="-1.7800480"/>
 <node id="331220821" visible="true" version="5" changeset="145185652" timestamp="2023-12-16T14:10:35Z" user="StephaneP" uid="439947" lat="47.3679935" lon="-1.7804931"/>
 <node id="331220836" visible="true" version="18" changeset="145185652" timestamp="2023-12-16T14:10:35Z" user="StephaneP" uid="439947" lat="47.3687524" lon="-1.7913963"/>
 <node id="331221169" visible="true" version="2" changeset="771394" timestamp="2009-01-11T14:53:50Z" user="DrazziB" uid="53081" lat="47.3678862" lon="-1.7880532"/>
 <node id="331221172" visible="true" version="3" changeset="13836418" timestamp="2012-11-11T17:55:43Z" user="Pierre-Alain Dorange" uid="28269" lat="47.3678272" lon="-1.7875479"/>
 <node id="331221174" visible="true" version="3" changeset="13836418" timestamp="2012-11-11T17:55:43Z" user="Pierre-Alain Dorange" uid="28269" lat="47.3678455" lon="-1.7871978"/>
 <node id="331221177" visible="true" version="3" changeset="13836418" timestamp="2012-11-11T17:55:43Z" user="Pierre-Alain Dorange" uid="28269" lat="47.3681128" lon="-1.7858790"/>
 <node id="331221179" visible="true" version="3" changeset="13836418" timestamp="2012-11-11T17:55:43Z" user="Pierre-Alain Dorange" uid="28269" lat="47.3685772" lon="-1.7834369"/>
 <node id="331221182" visible="true" version="3" changeset="13836418" timestamp="2012-11-11T17:55:43Z" user="Pierre-Alain Dorange" uid="28269" lat="47.3686353" lon="-1.7828580"/>
 <node id="331221184" visible="true" version="3" changeset="13836418" timestamp="2012-11-11T17:55:43Z" user="Pierre-Alain Dorange" uid="28269" lat="47.3685921" lon="-1.7824769"/>
 <node id="331221188" visible="true" version="4" changeset="145185652" timestamp="2023-12-16T14:10:35Z" user="StephaneP" uid="439947" lat="47.3680629" lon="-1.7809133"/>
 <node id="331221189" visible="true" version="3" changeset="13836418" timestamp="2012-11-11T17:55:43Z" user="Pierre-Alain Dorange" uid="28269" lat="47.3677152" lon="-1.7788723"/>
 <node id="331221191" visible="true" version="3" changeset="13836418" timestamp="2012-11-11T17:55:43Z" user="Pierre-Alain Dorange" uid="28269" lat="47.3676786" lon="-1.7763029"/>
 <node id="331221192" visible="true" version="2" changeset="771394" timestamp="2009-01-11T14:53:51Z" user="DrazziB" uid="53081" lat="47.3676537" lon="-1.7744920"/>
 <node id="331221193" visible="true" version="4" changeset="169686278" timestamp="2025-07-29T17:58:50Z" user="Koreller" uid="12419855" lat="47.3676692" lon="-1.7743666"/>
 <node id="331221194" visible="true" version="3" changeset="13836418" timestamp="2012-11-11T17:55:44Z" user="Pierre-Alain Dorange" uid="28269" lat="47.3678937" lon="-1.7738876"/>
 <node id="331221195" visible="true" version="3" changeset="13836418" timestamp="2012-11-11T17:55:44Z" user="Pierre-Alain Dorange" uid="28269" lat="47.3682624" lon="-1.7731431"/>
 <node id="331221197" visible="true" version="4" changeset="171435089" timestamp="2025-09-04T06:08:55Z" user="MacDony" uid="3701940" lat="47.3683539" lon="-1.7727523"/>
 <node id="331221198" visible="true" version="3" changeset="13836418" timestamp="2012-11-11T17:55:44Z" user="Pierre-Alain Dorange" uid="28269" lat="47.3684501" lon="-1.7718855"/>
 <node id="331221199" visible="true" version="3" changeset="13836418" timestamp="2012-11-11T17:55:44Z" user="Pierre-Alain Dorange" uid="28269" lat="47.3691688" lon="-1.7704575"/>
 <node id="331221200" visible="true" version="3" changeset="13836418" timestamp="2012-11-11T17:55:44Z" user="Pierre-Alain Dorange" uid="28269" lat="47.3693321" lon="-1.7700286"/>
 <node id="331221203" visible="true" version="3" changeset="13836418" timestamp="2012-11-11T17:55:44Z" user="Pierre-Alain Dorange" uid="28269" lat="47.3697109" lon="-1.7681610"/>
 <node id="331221204" visible="true" version="3" changeset="13836418" timestamp="2012-11-11T17:55:44Z" user="Pierre-Alain Dorange" uid="28269" lat="47.3698361" lon="-1.7678317"/>
 <node id="331221205" visible="true" version="3" changeset="13836418" timestamp="2012-11-11T17:55:44Z" user="Pierre-Alain Dorange" uid="28269" lat="47.3703517" lon="-1.7669882"/>
 <node id="331221206" visible="true" version="3" changeset="13836418" timestamp="2012-11-11T17:55:44Z" user="Pierre-Alain Dorange" uid="28269" lat="47.3706324" lon="-1.7661889"/>
 <node id="331221208" visible="true" version="4" changeset="13836418" timestamp="2012-11-11T17:55:44Z" user="Pierre-Alain Dorange" uid="28269" lat="47.3712869" lon="-1.7627369"/>
 <node id="331221979" visible="true" version="6" changeset="171435089" timestamp="2025-09-04T06:08:55Z" user="MacDony" uid="3701940" lat="47.3680940" lon="-1.7735800"/>
 <node id="331221988" visible="true" version="3" changeset="792537" timestamp="2009-01-15T22:30:27Z" user="DrazziB" uid="53081" lat="47.3596657" lon="-1.7647588"/>
 <node id="331221989" visible="true" version="4" changeset="13836418" timestamp="2012-11-11T17:55:44Z" user="Pierre-Alain Dorange" uid="28269" lat="47.3602837" lon="-1.7646435"/>
 <node id="331221990" visible="true" version="3" changeset="792537" timestamp="2009-01-15T22:30:27Z" user="DrazziB" uid="53081" lat="47.3606657" lon="-1.7645871"/>
 <node id="331221991" visible="true" version="3" changeset="792537" timestamp="2009-01-15T22:30:27Z" user="DrazziB" uid="53081" lat="47.3609448" lon="-1.7646129"/>
 <node id="331221992" visible="true" version="3" changeset="792537" timestamp="2009-01-15T22:30:27Z" user="DrazziB" uid="53081" lat="47.3611425" lon="-1.7648446"/>
 <node id="331221993" visible="true" version="3" changeset="792537" timestamp="2009-01-15T22:30:27Z" user="DrazziB" uid="53081" lat="47.3620611" lon="-1.7667586"/>
 <node id="331221994" visible="true" version="3" changeset="792537" timestamp="2009-01-15T22:30:27Z" user="DrazziB" uid="53081" lat="47.3622064" lon="-1.7672479"/>
 <node id="331221995" visible="true" version="3" changeset="792537" timestamp="2009-01-15T22:30:27Z" user="DrazziB" uid="53081" lat="47.3622471" lon="-1.7674453"/>
 <node id="331221996" visible="true" version="3" changeset="792537" timestamp="2009-01-15T22:30:27Z" user="DrazziB" uid="53081" lat="47.3621890" lon="-1.7678143"/>
 <node id="331221997" visible="true" version="3" changeset="792537" timestamp="2009-01-15T22:30:27Z" user="DrazziB" uid="53081" lat="47.3620902" lon="-1.7683293"/>
 <node id="331221998" visible="true" version="3" changeset="792537" timestamp="2009-01-15T22:30:27Z" user="DrazziB" uid="53081" lat="47.3621483" lon="-1.7688186"/>
 <node id="331221999" visible="true" version="3" changeset="792537" timestamp="2009-01-15T22:30:27Z" user="DrazziB" uid="53081" lat="47.3624971" lon="-1.7695653"/>
 <node id="331222000" visible="true" version="3" changeset="792537" timestamp="2009-01-15T22:30:27Z" user="DrazziB" uid="53081" lat="47.3633401" lon="-1.7711961"/>
 <node id="331222001" visible="true" version="3" changeset="792537" timestamp="2009-01-15T22:30:27Z" user="DrazziB" uid="53081" lat="47.3637180" lon="-1.7714192"/>
 <node id="331222002" visible="true" version="3" changeset="792537" timestamp="2009-01-15T22:30:27Z" user="DrazziB" uid="53081" lat="47.3655609" lon="-1.7722947"/>
 <node id="331222003" visible="true" version="4" changeset="13836418" timestamp="2012-11-11T17:55:44Z" user="Pierre-Alain Dorange" uid="28269" lat="47.3664370" lon="-1.7728023"/>
 <node id="331222004" visible="true" version="5" changeset="171435089" timestamp="2025-09-04T06:08:55Z" user="MacDony" uid="3701940" lat="47.3673133" lon="-1.7733608"/>
 <node id="331222005" visible="true" version="5" changeset="171435089" timestamp="2025-09-04T06:08:55Z" user="MacDony" uid="3701940" lat="47.3676563" lon="-1.7735408"/>
 <node id="331222006" visible="true" version="4" changeset="13836418" timestamp="2012-11-11T17:55:44Z" user="Pierre-Alain Dorange" uid="28269" lat="47.3691003" lon="-1.7735479"/>
 <node id="331222007" visible="true" version="4" changeset="13836418" timestamp="2012-11-11T17:55:44Z" user="Pierre-Alain Dorange" uid="28269" lat="47.3707487" lon="-1.7735283"/>
 <node id="331222008" visible="true" version="3" changeset="792537" timestamp="2009-01-15T22:30:27Z" user="DrazziB" uid="53081" lat="47.3712113" lon="-1.7731959"/>
 <node id="331222009" visible="true" version="3" changeset="792537" timestamp="2009-01-15T22:30:27Z" user="DrazziB" uid="53081" lat="47.3723157" lon="-1.7722947"/>
 <node id="331222010" visible="true" version="4" changeset="13836418" timestamp="2012-11-11T17:55:44Z" user="Pierre-Alain Dorange" uid="28269" lat="47.3727901" lon="-1.7717066"/>
 <node id="331222011" visible="true" version="4" changeset="13836418" timestamp="2012-11-11T17:55:44Z" user="Pierre-Alain Dorange" uid="28269" lat="47.3731268" lon="-1.7710733"/>
 <node id="331222012" visible="true" version="3" changeset="792537" timestamp="2009-01-15T22:30:28Z" user="DrazziB" uid="53081" lat="47.3735654" lon="-1.7703721"/>
 <node id="331222013" visible="true" version="3" changeset="792537" timestamp="2009-01-15T22:30:28Z" user="DrazziB" uid="53081" lat="47.3740886" lon="-1.7693421"/>
 <node id="331222014" visible="true" version="3" changeset="792537" timestamp="2009-01-15T22:30:28Z" user="DrazziB" uid="53081" lat="47.3747745" lon="-1.7682864"/>
 <node id="331222016" visible="true" version="3" changeset="792537" timestamp="2009-01-15T22:30:28Z" user="DrazziB" uid="53081" lat="47.3762857" lon="-1.7666985"/>
 <node id="331222017" visible="true" version="3" changeset="792537" timestamp="2009-01-15T22:30:28Z" user="DrazziB" uid="53081" lat="47.3770878" lon="-1.7661406"/>
 <node id="331222018" visible="true" version="3" changeset="792537" timestamp="2009-01-15T22:30:28Z" user="DrazziB" uid="53081" lat="47.3783083" lon="-1.7654969"/>
 <node id="331222019" visible="true" version="4" changeset="13836418" timestamp="2012-11-11T17:55:44Z" user="Pierre-Alain Dorange" uid="28269" lat="47.3807134" lon="-1.7646683"/>
 <node id="331222020" visible="true" version="4" changeset="13836418" timestamp="2012-11-11T17:55:44Z" user="Pierre-Alain Dorange" uid="28269" lat="47.3812101" lon="-1.7644813"/>
 <node id="331222021" visible="true" version="8" changeset="13836418" timestamp="2012-11-11T17:55:44Z" user="Pierre-Alain Dorange" uid="28269" lat="47.3817091" lon="-1.7640290"/>
 <node id="331222254" visible="true" version="7" changeset="157157068" timestamp="2024-09-27T07:10:42Z" user="MacDony" uid="3701940" lat="47.3595030" lon="-1.7618866"/>
 <node id="331222255" visible="true" version="6" changeset="792537" timestamp="2009-01-15T22:28:59Z" user="DrazziB" uid="53081" lat="47.3622820" lon="-1.7511803"/>
 <node id="331222256" visible="true" version="7" changeset="13815258" timestamp="2012-11-09T22:32:43Z" user="Rinaldum" uid="203790" lat="47.3648730" lon="-1.7411590"/>
 <node id="331222257" visible="true" version="8" changeset="70738917" timestamp="2019-05-29T15:56:51Z" user="MacDony" uid="3701940" lat="47.3671044" lon="-1.7324910"/>
 <node id="331222258" visible="true" version="7" changeset="70738917" timestamp="2019-05-29T15:56:51Z" user="MacDony" uid="3701940" lat="47.3686873" lon="-1.7274552"/>
 <node id="331222259" visible="true" version="8" changeset="70738917" timestamp="2019-05-29T15:56:51Z" user="MacDony" uid="3701940" lat="47.3690873" lon="-1.7267252"/>
 <node id="331222260" visible="true" version="9" changeset="70738917" timestamp="2019-05-29T15:56:51Z" user="MacDony" uid="3701940" lat="47.3705263" lon="-1.7251000"/>
 <node id="331222261" visible="true" version="7" changeset="13821117" timestamp="2012-11-10T14:03:12Z" user="Rinaldum" uid="203790" lat="47.3714488" lon="-1.7241847"/>
 <node id="331222262" visible="true" version="8" changeset="70738917" timestamp="2019-05-29T15:56:51Z" user="MacDony" uid="3701940" lat="47.3734534" lon="-1.7214716"/>
 <node id="331233751" visible="true" version="9" changeset="70738917" timestamp="2019-05-29T15:56:51Z" user="MacDony" uid="3701940" lat="47.3705657" lon="-1.7250595"/>
 <node id="331234196" visible="true" version="25" changeset="13835183" timestamp="2012-11-11T16:46:53Z" user="Pierre-Alain Dorange" uid="28269" lat="47.3767514" lon="-1.7442057"/>
 <node id="331234238" visible="true" version="5" changeset="152587622" timestamp="2024-06-12T13:30:56Z" user="MacDony" uid="3701940" lat="47.3757447" lon="-1.7446188"/>
 <node id="331234239" visible="true" version="6" changeset="152587622" timestamp="2024-06-12T13:30:56Z" user="MacDony" uid="3701940" lat="47.3753770" lon="-1.7447372"/>
 <node id="331234240" visible="true" version="5" changeset="54812892" timestamp="2017-12-21T12:04:49Z" user="vinc44" uid="1060302" lat="47.3749246" lon="-1.7447607"/>
 <node id="331234241" visible="true" version="5" changeset="44138363" timestamp="2016-12-03T14:43:31Z" user="FRichard44" uid="2516858" lat="47.3746815" lon="-1.7447817"/>
 <node id="331234242" visible="true" version="5" changeset="44138363" timestamp="2016-12-03T14:43:31Z" user="FRichard44" uid="2516858" lat="47.3742062" lon="-1.7450048"/>
 <node id="331234243" visible="true" version="5" changeset="44138363" timestamp="2016-12-03T14:43:31Z" user="FRichard44" uid="2516858" lat="47.3739185" lon="-1.7453267"/>
 <node id="331234244" visible="true" version="5" changeset="44138363" timestamp="2016-12-03T14:43:31Z" user="FRichard44" uid="2516858" lat="47.3733140" lon="-1.7459865"/>
 <node id="331234245" visible="true" version="5" changeset="54812892" timestamp="2017-12-21T12:04:49Z" user="vinc44" uid="1060302" lat="47.3721753" lon="-1.7472122"/>
 <node id="331234246" visible="true" version="5" changeset="54812892" timestamp="2017-12-21T12:04:49Z" user="vinc44" uid="1060302" lat="47.3718111" lon="-1.7475582"/>
 <node id="331234247" visible="true" version="5" changeset="54812892" timestamp="2017-12-21T12:04:49Z" user="vinc44" uid="1060302" lat="47.3712940" lon="-1.7477467"/>
 <node id="331234248" visible="true" version="5" changeset="44138363" timestamp="2016-12-03T14:43:31Z" user="FRichard44" uid="2516858" lat="47.3707434" lon="-1.7479510"/>
 <node id="331234249" visible="true" version="5" changeset="44138363" timestamp="2016-12-03T14:43:31Z" user="FRichard44" uid="2516858" lat="47.3701737" lon="-1.7480239"/>
 <node id="331234250" visible="true" version="4" changeset="792537" timestamp="2009-01-15T22:29:00Z" user="DrazziB" uid="53081" lat="47.3696999" lon="-1.7478845"/>
 <node id="331234251" visible="true" version="4" changeset="792537" timestamp="2009-01-15T22:29:00Z" user="DrazziB" uid="53081" lat="47.3692581" lon="-1.7479188"/>
 <node id="331234252" visible="true" version="4" changeset="792537" timestamp="2009-01-15T22:29:00Z" user="DrazziB" uid="53081" lat="47.3684327" lon="-1.7486054"/>
 <node id="331234253" visible="true" version="4" changeset="792537" timestamp="2009-01-15T22:29:00Z" user="DrazziB" uid="53081" lat="47.3677293" lon="-1.7493178"/>
 <node id="331234254" visible="true" version="4" changeset="792537" timestamp="2009-01-15T22:29:00Z" user="DrazziB" uid="53081" lat="47.3673863" lon="-1.7496354"/>
 <node id="331234255" visible="true" version="4" changeset="792537" timestamp="2009-01-15T22:29:00Z" user="DrazziB" uid="53081" lat="47.3672061" lon="-1.7497384"/>
 <node id="331234256" visible="true" version="4" changeset="792537" timestamp="2009-01-15T22:29:00Z" user="DrazziB" uid="53081" lat="47.3670143" lon="-1.7496268"/>
 <node id="331234257" visible="true" version="4" changeset="792537" timestamp="2009-01-15T22:29:00Z" user="DrazziB" uid="53081" lat="47.3665971" lon="-1.7492742"/>
 <node id="331234488" visible="true" version="8" changeset="157157660" timestamp="2024-09-27T07:30:00Z" user="MacDony" uid="3701940" lat="47.3649135" lon="-1.7410010"/>
 <node id="331234507" visible="true" version="7" changeset="44138363" timestamp="2016-12-03T14:43:31Z" user="FRichard44" uid="2516858" lat="47.3641168" lon="-1.7440994"/>
 <node id="331234627" visible="true" version="2" changeset="771394" timestamp="2009-01-11T15:43:01Z" user="DrazziB" uid="53081" lat="47.3622006" lon="-1.7448718"/>
 <node id="331234628" visible="true" version="2" changeset="771394" timestamp="2009-01-11T15:43:01Z" user="DrazziB" uid="53081" lat="47.3617297" lon="-1.7450005"/>
 <node id="331234629" visible="true" version="2" changeset="771394" timestamp="2009-01-11T15:43:02Z" user="DrazziB" uid="53081" lat="47.3613460" lon="-1.7451636"/>
 <node id="331234630" visible="true" version="2" changeset="771394" timestamp="2009-01-11T15:43:02Z" user="DrazziB" uid="53081" lat="47.3607878" lon="-1.7453009"/>
 <node id="331234632" visible="true" version="2" changeset="771394" timestamp="2009-01-11T15:43:02Z" user="DrazziB" uid="53081" lat="47.3601018" lon="-1.7453095"/>
 <node id="331234633" visible="true" version="2" changeset="771394" timestamp="2009-01-11T15:43:02Z" user="DrazziB" uid="53081" lat="47.3588169" lon="-1.7451722"/>
 <node id="331234634" visible="true" version="3" changeset="13818273" timestamp="2012-11-10T09:11:31Z" user="Rinaldum" uid="203790" lat="47.3579148" lon="-1.7450269"/>
 <node id="331234635" visible="true" version="5" changeset="13818273" timestamp="2012-11-10T09:11:31Z" user="Rinaldum" uid="203790" lat="47.3574313" lon="-1.7450134"/>
 <node id="331234636" visible="true" version="3" changeset="13818273" timestamp="2012-11-10T09:11:31Z" user="Rinaldum" uid="203790" lat="47.3573571" lon="-1.7452376"/>
 <node id="331234637" visible="true" version="2" changeset="771394" timestamp="2009-01-11T15:43:02Z" user="DrazziB" uid="53081" lat="47.3572993" lon="-1.7460477"/>
 <node id="331234638" visible="true" version="2" changeset="771394" timestamp="2009-01-11T15:43:02Z" user="DrazziB" uid="53081" lat="47.3571191" lon="-1.7502276"/>
 <node id="331234639" visible="true" version="3" changeset="13815258" timestamp="2012-11-09T22:55:42Z" user="Rinaldum" uid="203790" lat="47.3570538" lon="-1.7504496"/>
 <node id="331234641" visible="true" version="3" changeset="13815258" timestamp="2012-11-09T22:55:41Z" user="Rinaldum" uid="203790" lat="47.3568047" lon="-1.7505558"/>
 <node id="331234642" visible="true" version="3" changeset="13815258" timestamp="2012-11-09T22:55:42Z" user="Rinaldum" uid="203790" lat="47.3562318" lon="-1.7506446"/>
 <node id="331234644" visible="true" version="3" changeset="13815258" timestamp="2012-11-09T22:55:42Z" user="Rinaldum" uid="203790" lat="47.3559051" lon="-1.7504738"/>
 <node id="331234645" visible="true" version="3" changeset="13815258" timestamp="2012-11-09T22:55:42Z" user="Rinaldum" uid="203790" lat="47.3555979" lon="-1.7500973"/>
 <node id="331234646" visible="true" version="3" changeset="13815258" timestamp="2012-11-09T22:55:42Z" user="Rinaldum" uid="203790" lat="47.3550923" lon="-1.7499206"/>
 <node id="331234647" visible="true" version="3" changeset="13815258" timestamp="2012-11-09T22:55:41Z" user="Rinaldum" uid="203790" lat="47.3545848" lon="-1.7497618"/>
 <node id="331234653" visible="true" version="4" changeset="13819740" timestamp="2012-11-10T11:57:22Z" user="Rinaldum" uid="203790" lat="47.3494199" lon="-1.7528713"/>
 <node id="331234676" visible="true" version="3" changeset="13815258" timestamp="2012-11-09T22:55:42Z" user="Rinaldum" uid="203790" lat="47.3547871" lon="-1.7498201"/>
 <node id="331234682" visible="true" version="3" changeset="13818273" timestamp="2012-11-10T09:11:31Z" user="Rinaldum" uid="203790" lat="47.3550965" lon="-1.7432327"/>
 <node id="332303001" visible="true" version="5" changeset="14151805" timestamp="2012-12-04T13:10:54Z" user="PhQ" uid="141978" lat="47.3753912" lon="-1.7188126"/>
 <node id="332303874" visible="true" version="5" changeset="54812892" timestamp="2017-12-21T12:04:49Z" user="vinc44" uid="1060302" lat="47.3720925" lon="-1.7473249"/>
 <node id="332303886" visible="true" version="2" changeset="13836418" timestamp="2012-11-11T17:55:44Z" user="Pierre-Alain Dorange" uid="28269" lat="47.3729661" lon="-1.7531751"/>
 <node id="332303965" visible="true" version="4" changeset="54812892" timestamp="2017-12-21T12:04:49Z" user="vinc44" uid="1060302" lat="47.3751760" lon="-1.7447819"/>
 <node id="332305291" visible="true" version="4" changeset="792537" timestamp="2009-01-15T22:25:59Z" user="DrazziB" uid="53081" lat="47.3804544" lon="-1.7863445"/>
 <node id="332305292" visible="true" version="4" changeset="792537" timestamp="2009-01-15T22:25:59Z" user="DrazziB" uid="53081" lat="47.3795884" lon="-1.7852459"/>
 <node id="332305293" visible="true" version="4" changeset="792537" timestamp="2009-01-15T22:25:59Z" user="DrazziB" uid="53081" lat="47.3793443" lon="-1.7848854"/>
 <node id="332305294" visible="true" version="4" changeset="792537" timestamp="2009-01-15T22:25:59Z" user="DrazziB" uid="53081" lat="47.3790944" lon="-1.7841387"/>
 <node id="332305295" visible="true" version="5" changeset="20556132" timestamp="2014-02-14T10:23:45Z" user="Britz" uid="143703" lat="47.3787933" lon="-1.7836158"/>
 <node id="332305298" visible="true" version="5" changeset="20556132" timestamp="2014-02-14T10:23:45Z" user="Britz" uid="143703" lat="47.3763327" lon="-1.7807857"/>
 <node id="332305299" visible="true" version="5" changeset="20556132" timestamp="2014-02-14T10:23:45Z" user="Britz" uid="143703" lat="47.3761518" lon="-1.7806451"/>
 <node id="332305300" visible="true" version="5" changeset="20556132" timestamp="2014-02-14T10:23:45Z" user="Britz" uid="143703" lat="47.3755080" lon="-1.7805024"/>
 <node id="332305301" visible="true" version="5" changeset="20556132" timestamp="2014-02-14T10:23:45Z" user="Britz" uid="143703" lat="47.3753472" lon="-1.7804212"/>
 <node id="332305302" visible="true" version="4" changeset="792537" timestamp="2009-01-15T22:25:59Z" user="DrazziB" uid="53081" lat="47.3752351" lon="-1.7802420"/>
 <node id="332305303" visible="true" version="5" changeset="20556132" timestamp="2014-02-14T10:23:45Z" user="Britz" uid="143703" lat="47.3750226" lon="-1.7796976"/>
 <node id="332305304" visible="true" version="5" changeset="20556132" timestamp="2014-02-14T10:23:45Z" user="Britz" uid="143703" lat="47.3749603" lon="-1.7794147"/>
 <node id="332305305" visible="true" version="5" changeset="20556132" timestamp="2014-02-14T10:23:45Z" user="Britz" uid="143703" lat="47.3749202" lon="-1.7787810"/>
 <node id="332305306" visible="true" version="4" changeset="792537" timestamp="2009-01-15T22:25:59Z" user="DrazziB" uid="53081" lat="47.3748108" lon="-1.7784052"/>
 <node id="332305308" visible="true" version="5" changeset="20556132" timestamp="2014-02-14T10:23:45Z" user="Britz" uid="143703" lat="47.3742412" lon="-1.7770157"/>
 <node id="332305309" visible="true" version="5" changeset="20556132" timestamp="2014-02-14T10:23:45Z" user="Britz" uid="143703" lat="47.3740471" lon="-1.7765941"/>
 <node id="332305310" visible="true" version="5" changeset="20556132" timestamp="2014-02-14T10:23:45Z" user="Britz" uid="143703" lat="47.3737658" lon="-1.7759452"/>
 <node id="332305311" visible="true" version="5" changeset="20556132" timestamp="2014-02-14T10:23:45Z" user="Britz" uid="143703" lat="47.3735952" lon="-1.7756970"/>
 <node id="332305312" visible="true" version="4" changeset="792537" timestamp="2009-01-15T22:26:00Z" user="DrazziB" uid="53081" lat="47.3729566" lon="-1.7751865"/>
 <node id="332305313" visible="true" version="4" changeset="792537" timestamp="2009-01-15T22:26:00Z" user="DrazziB" uid="53081" lat="47.3724160" lon="-1.7748089"/>
 <node id="332305314" visible="true" version="4" changeset="792537" timestamp="2009-01-15T22:26:00Z" user="DrazziB" uid="53081" lat="47.3720265" lon="-1.7744827"/>
 <node id="332305315" visible="true" version="4" changeset="792537" timestamp="2009-01-15T22:26:00Z" user="DrazziB" uid="53081" lat="47.3716545" lon="-1.7740021"/>
 <node id="332305316" visible="true" version="7" changeset="13836418" timestamp="2012-11-11T17:55:45Z" user="Pierre-Alain Dorange" uid="28269" lat="47.3709672" lon="-1.7734498"/>
 <node id="332305317" visible="true" version="5" changeset="13836418" timestamp="2012-11-11T17:55:45Z" user="Pierre-Alain Dorange" uid="28269" lat="47.3726774" lon="-1.7719854"/>
 <node id="332305617" visible="true" version="5" changeset="20556132" timestamp="2014-02-14T10:23:45Z" user="Britz" uid="143703" lat="47.3769655" lon="-1.7816599"/>
 <node id="332305671" visible="true" version="3" changeset="792537" timestamp="2009-01-15T22:25:59Z" user="DrazziB" uid="53081" lat="47.3793908" lon="-1.7849541"/>
 <node id="332305689" visible="true" version="3" changeset="20556132" timestamp="2014-02-14T10:23:46Z" user="Britz" uid="143703" lat="47.3766512" lon="-1.7811985"/>
 <node id="332305938" visible="true" version="6" changeset="171435089" timestamp="2025-09-04T06:08:55Z" user="MacDony" uid="3701940" lat="47.3757317" lon="-1.7591425"/>
 <node id="332305976" visible="true" version="4" changeset="171435089" timestamp="2025-09-04T06:08:55Z" user="MacDony" uid="3701940" lat="47.3766735" lon="-1.7584520"/>
 <node id="332305977" visible="true" version="4" changeset="171435089" timestamp="2025-09-04T06:08:55Z" user="MacDony" uid="3701940" lat="47.3779204" lon="-1.7575861"/>
 <node id="332305978" visible="true" version="4" changeset="171435089" timestamp="2025-09-04T06:08:55Z" user="MacDony" uid="3701940" lat="47.3783861" lon="-1.7572843"/>
 <node id="332305979" visible="true" version="4" changeset="171435089" timestamp="2025-09-04T06:08:55Z" user="MacDony" uid="3701940" lat="47.3785616" lon="-1.7571898"/>
 <node id="332305980" visible="true" version="4" changeset="171435089" timestamp="2025-09-04T06:08:55Z" user="MacDony" uid="3701940" lat="47.3793662" lon="-1.7571254"/>
 <node id="332305981" visible="true" version="4" changeset="171435089" timestamp="2025-09-04T06:08:55Z" user="MacDony" uid="3701940" lat="47.3795769" lon="-1.7570769"/>
 <node id="332305982" visible="true" version="3" changeset="792537" timestamp="2009-01-15T22:28:19Z" user="DrazziB" uid="53081" lat="47.3800417" lon="-1.7568188"/>
 <node id="332305983" visible="true" version="3" changeset="792537" timestamp="2009-01-15T22:28:19Z" user="DrazziB" uid="53081" lat="47.3809367" lon="-1.7563381"/>
 <node id="332305984" visible="true" version="3" changeset="792537" timestamp="2009-01-15T22:28:19Z" user="DrazziB" uid="53081" lat="47.3814830" lon="-1.7558231"/>
 <node id="332305985" visible="true" version="8" changeset="776326" timestamp="2009-03-09T23:27:59Z" user="DrazziB" uid="53081" lat="47.3817200" lon="-1.7555880"/>
 <node id="332306129" visible="true" version="4" changeset="20556132" timestamp="2014-02-14T10:23:46Z" user="Britz" uid="143703" lat="47.3810177" lon="-1.7562625"/>
 <node id="332306203" visible="true" version="3" changeset="157157068" timestamp="2024-09-27T07:10:42Z" user="MacDony" uid="3701940" lat="47.3610515" lon="-1.7604919"/>
 <node id="332306204" visible="true" version="1" changeset="792537" timestamp="2009-01-15T22:28:19Z" user="DrazziB" uid="53081" lat="47.3611963" lon="-1.7606897"/>
 <node id="332306205" visible="true" version="1" changeset="792537" timestamp="2009-01-15T22:28:19Z" user="DrazziB" uid="53081" lat="47.3620509" lon="-1.7609215"/>
 <node id="332306206" visible="true" version="2" changeset="13836418" timestamp="2012-11-11T17:55:45Z" user="Pierre-Alain Dorange" uid="28269" lat="47.3628714" lon="-1.7611533"/>
 <node id="332306207" visible="true" version="1" changeset="792537" timestamp="2009-01-15T22:28:19Z" user="DrazziB" uid="53081" lat="47.3643648" lon="-1.7615223"/>
 <node id="332306208" visible="true" version="2" changeset="13836418" timestamp="2012-11-11T17:55:45Z" user="Pierre-Alain Dorange" uid="28269" lat="47.3657259" lon="-1.7619466"/>
 <node id="332306209" visible="true" version="2" changeset="13836418" timestamp="2012-11-11T17:55:46Z" user="Pierre-Alain Dorange" uid="28269" lat="47.3670962" lon="-1.7623770"/>
 <node id="332306210" visible="true" version="2" changeset="13836418" timestamp="2012-11-11T17:55:46Z" user="Pierre-Alain Dorange" uid="28269" lat="47.3679772" lon="-1.7624653"/>
 <node id="332306211" visible="true" version="2" changeset="13836418" timestamp="2012-11-11T17:55:46Z" user="Pierre-Alain Dorange" uid="28269" lat="47.3688259" lon="-1.7625106"/>
 <node id="332306212" visible="true" version="2" changeset="13836418" timestamp="2012-11-11T17:55:46Z" user="Pierre-Alain Dorange" uid="28269" lat="47.3701539" lon="-1.7625376"/>
 <node id="332306213" visible="true" version="2" changeset="13836418" timestamp="2012-11-11T17:55:46Z" user="Pierre-Alain Dorange" uid="28269" lat="47.3704828" lon="-1.7626000"/>
 <node id="332306214" visible="true" version="2" changeset="13836418" timestamp="2012-11-11T17:55:46Z" user="Pierre-Alain Dorange" uid="28269" lat="47.3715150" lon="-1.7626688"/>
 <node id="332306215" visible="true" version="2" changeset="13836418" timestamp="2012-11-11T17:55:46Z" user="Pierre-Alain Dorange" uid="28269" lat="47.3724529" lon="-1.7627485"/>
 <node id="332306216" visible="true" version="2" changeset="13836418" timestamp="2012-11-11T17:55:46Z" user="Pierre-Alain Dorange" uid="28269" lat="47.3729044" lon="-1.7626515"/>
 <node id="332306217" visible="true" version="2" changeset="13836418" timestamp="2012-11-11T17:55:46Z" user="Pierre-Alain Dorange" uid="28269" lat="47.3734184" lon="-1.7623032"/>
 <node id="332306218" visible="true" version="2" changeset="13836418" timestamp="2012-11-11T17:55:46Z" user="Pierre-Alain Dorange" uid="28269" lat="47.3742571" lon="-1.7615503"/>
 <node id="332306219" visible="true" version="2" changeset="13836418" timestamp="2012-11-11T17:55:46Z" user="Pierre-Alain Dorange" uid="28269" lat="47.3745136" lon="-1.7612696"/>
 <node id="332306220" visible="true" version="2" changeset="13836418" timestamp="2012-11-11T17:55:46Z" user="Pierre-Alain Dorange" uid="28269" lat="47.3748266" lon="-1.7607215"/>
 <node id="332306221" visible="true" version="2" changeset="171435089" timestamp="2025-09-04T06:08:55Z" user="MacDony" uid="3701940" lat="47.3754746" lon="-1.7595881"/>
 <node id="332306222" visible="true" version="4" changeset="157157068" timestamp="2024-09-27T07:10:42Z" user="MacDony" uid="3701940" lat="47.3599147" lon="-1.7602834"/>
 <node id="332306284" visible="true" version="2" changeset="157157068" timestamp="2024-09-27T07:10:42Z" user="MacDony" uid="3701940" lat="47.3609077" lon="-1.7605135"/>
 <node id="332306286" visible="true" version="2" changeset="157157068" timestamp="2024-09-27T07:10:42Z" user="MacDony" uid="3701940" lat="47.3612232" lon="-1.7603257"/>
 <node id="332306287" visible="true" version="2" changeset="157157068" timestamp="2024-09-27T07:10:42Z" user="MacDony" uid="3701940" lat="47.3614619" lon="-1.7599588"/>
 <node id="332306289" visible="true" version="2" changeset="157157068" timestamp="2024-09-27T07:10:42Z" user="MacDony" uid="3701940" lat="47.3619756" lon="-1.7595062"/>
 <node id="332306290" visible="true" version="2" changeset="157157068" timestamp="2024-09-27T07:10:42Z" user="MacDony" uid="3701940" lat="47.3624771" lon="-1.7591240"/>
 <node id="332306291" visible="true" version="2" changeset="157157068" timestamp="2024-09-27T07:10:42Z" user="MacDony" uid="3701940" lat="47.3629288" lon="-1.7588277"/>
 <node id="332306292" visible="true" version="3" changeset="157157068" timestamp="2024-09-27T07:10:42Z" user="MacDony" uid="3701940" lat="47.3640433" lon="-1.7590003"/>
 <node id="332306293" visible="true" version="2" changeset="14087557" timestamp="2012-11-29T15:08:31Z" user="PhQ" uid="141978" lat="47.3643281" lon="-1.7591133"/>
 <node id="332306294" visible="true" version="2" changeset="14087557" timestamp="2012-11-29T15:08:31Z" user="PhQ" uid="141978" lat="47.3646385" lon="-1.7592093"/>
 <node id="332306375" visible="true" version="2" changeset="792537" timestamp="2009-01-15T22:29:00Z" user="DrazziB" uid="53081" lat="47.3613658" lon="-1.7546808"/>
 <node id="332306380" visible="true" version="1" changeset="792537" timestamp="2009-01-15T22:29:00Z" user="DrazziB" uid="53081" lat="47.3665041" lon="-1.7492056"/>
 <node id="332306381" visible="true" version="1" changeset="792537" timestamp="2009-01-15T22:29:00Z" user="DrazziB" uid="53081" lat="47.3663820" lon="-1.7492571"/>
 <node id="332306382" visible="true" version="1" changeset="792537" timestamp="2009-01-15T22:29:00Z" user="DrazziB" uid="53081" lat="47.3656379" lon="-1.7510166"/>
 <node id="332306383" visible="true" version="1" changeset="792537" timestamp="2009-01-15T22:29:00Z" user="DrazziB" uid="53081" lat="47.3654693" lon="-1.7513943"/>
 <node id="332306384" visible="true" version="1" changeset="792537" timestamp="2009-01-15T22:29:00Z" user="DrazziB" uid="53081" lat="47.3648822" lon="-1.7513599"/>
 <node id="332306385" visible="true" version="1" changeset="792537" timestamp="2009-01-15T22:29:00Z" user="DrazziB" uid="53081" lat="47.3640973" lon="-1.7526731"/>
 <node id="332306386" visible="true" version="1" changeset="792537" timestamp="2009-01-15T22:29:00Z" user="DrazziB" uid="53081" lat="47.3638822" lon="-1.7527761"/>
 <node id="332306387" visible="true" version="1" changeset="792537" timestamp="2009-01-15T22:29:00Z" user="DrazziB" uid="53081" lat="47.3637950" lon="-1.7535314"/>
 <node id="332306388" visible="true" version="1" changeset="792537" timestamp="2009-01-15T22:29:00Z" user="DrazziB" uid="53081" lat="47.3636846" lon="-1.7536344"/>
 <node id="332306981" visible="true" version="3" changeset="44138363" timestamp="2016-12-03T14:43:31Z" user="FRichard44" uid="2516858" lat="47.3632170" lon="-1.7710314"/>
 <node id="332307089" visible="true" version="2" changeset="44138363" timestamp="2016-12-03T14:43:31Z" user="FRichard44" uid="2516858" lat="47.3614615" lon="-1.7721299"/>
 <node id="332307090" visible="true" version="1" changeset="792537" timestamp="2009-01-15T22:30:40Z" user="DrazziB" uid="53081" lat="47.3601672" lon="-1.7728777"/>
 <node id="332307091" visible="true" version="2" changeset="121156728" timestamp="2022-05-18T16:56:12Z" user="Frêne" uid="16004379" lat="47.3593532" lon="-1.7734431"/>
 <node id="332307092" visible="true" version="2" changeset="121156728" timestamp="2022-05-18T16:56:12Z" user="Frêne" uid="16004379" lat="47.3583459" lon="-1.7737735"/>
 <node id="332307095" visible="true" version="2" changeset="121156728" timestamp="2022-05-18T16:56:12Z" user="Frêne" uid="16004379" lat="47.3560966" lon="-1.7745493"/>
 <node id="332307318" visible="true" version="3" changeset="792537" timestamp="2009-01-15T22:32:06Z" user="DrazziB" uid="53081" lat="47.3620451" lon="-1.7687921"/>
 <node id="332307321" visible="true" version="2" changeset="792537" timestamp="2009-01-15T22:32:05Z" user="DrazziB" uid="53081" lat="47.3621672" lon="-1.7675133"/>
 <node id="332307322" visible="true" version="2" changeset="792537" timestamp="2009-01-15T22:32:05Z" user="DrazziB" uid="53081" lat="47.3621207" lon="-1.7672386"/>
 <node id="332307323" visible="true" version="2" changeset="792537" timestamp="2009-01-15T22:32:05Z" user="DrazziB" uid="53081" lat="47.3619056" lon="-1.7666721"/>
 <node id="332307324" visible="true" version="2" changeset="792537" timestamp="2009-01-15T22:32:05Z" user="DrazziB" uid="53081" lat="47.3608765" lon="-1.7668438"/>
 <node id="332307325" visible="true" version="2" changeset="792537" timestamp="2009-01-15T22:32:05Z" user="DrazziB" uid="53081" lat="47.3605335" lon="-1.7672472"/>
 <node id="332307326" visible="true" version="2" changeset="792537" timestamp="2009-01-15T22:32:05Z" user="DrazziB" uid="53081" lat="47.3598183" lon="-1.7656164"/>
 <node id="332307327" visible="true" version="2" changeset="792537" timestamp="2009-01-15T22:32:05Z" user="DrazziB" uid="53081" lat="47.3595160" lon="-1.7651873"/>
 <node id="332307328" visible="true" version="2" changeset="792537" timestamp="2009-01-15T22:32:05Z" user="DrazziB" uid="53081" lat="47.3594346" lon="-1.7649298"/>
 <node id="332307329" visible="true" version="2" changeset="792537" timestamp="2009-01-15T22:32:05Z" user="DrazziB" uid="53081" lat="47.3586206" lon="-1.7651529"/>
 <node id="332307330" visible="true" version="2" changeset="792537" timestamp="2009-01-15T22:32:05Z" user="DrazziB" uid="53081" lat="47.3583648" lon="-1.7663288"/>
 <node id="332307331" visible="true" version="2" changeset="792537" timestamp="2009-01-15T22:32:05Z" user="DrazziB" uid="53081" lat="47.3586439" lon="-1.7668610"/>
 <node id="332307332" visible="true" version="2" changeset="792537" timestamp="2009-01-15T22:32:05Z" user="DrazziB" uid="53081" lat="47.3589462" lon="-1.7669983"/>
 <node id="332307334" visible="true" version="2" changeset="792537" timestamp="2009-01-15T22:32:05Z" user="DrazziB" uid="53081" lat="47.3596207" lon="-1.7668352"/>
 <node id="332307335" visible="true" version="2" changeset="792537" timestamp="2009-01-15T22:32:05Z" user="DrazziB" uid="53081" lat="47.3597835" lon="-1.7670927"/>
 <node id="332307336" visible="true" version="2" changeset="792537" timestamp="2009-01-15T22:32:05Z" user="DrazziB" uid="53081" lat="47.3596323" lon="-1.7674703"/>
 <node id="332307337" visible="true" version="2" changeset="792537" timestamp="2009-01-15T22:32:05Z" user="DrazziB" uid="53081" lat="47.3585043" lon="-1.7688093"/>
 <node id="332307338" visible="true" version="2" changeset="792537" timestamp="2009-01-15T22:32:05Z" user="DrazziB" uid="53081" lat="47.3583299" lon="-1.7691011"/>
 <node id="332307339" visible="true" version="2" changeset="792537" timestamp="2009-01-15T22:32:05Z" user="DrazziB" uid="53081" lat="47.3589171" lon="-1.7702083"/>
 <node id="332307340" visible="true" version="2" changeset="792537" timestamp="2009-01-15T22:32:05Z" user="DrazziB" uid="53081" lat="47.3594288" lon="-1.7701311"/>
 <node id="332307341" visible="true" version="2" changeset="792537" timestamp="2009-01-15T22:32:05Z" user="DrazziB" uid="53081" lat="47.3594404" lon="-1.7706203"/>
 <node id="332307342" visible="true" version="2" changeset="792537" timestamp="2009-01-15T22:32:05Z" user="DrazziB" uid="53081" lat="47.3578589" lon="-1.7713756"/>
 <node id="332307343" visible="true" version="2" changeset="792537" timestamp="2009-01-15T22:32:05Z" user="DrazziB" uid="53081" lat="47.3578124" lon="-1.7709894"/>
 <node id="332307344" visible="true" version="2" changeset="792537" timestamp="2009-01-15T22:32:05Z" user="DrazziB" uid="53081" lat="47.3582485" lon="-1.7704658"/>
 <node id="332307345" visible="true" version="2" changeset="792537" timestamp="2009-01-15T22:32:05Z" user="DrazziB" uid="53081" lat="47.3579345" lon="-1.7703543"/>
 <node id="332307346" visible="true" version="2" changeset="792537" timestamp="2009-01-15T22:32:05Z" user="DrazziB" uid="53081" lat="47.3577194" lon="-1.7705088"/>
 <node id="332307347" visible="true" version="2" changeset="792537" timestamp="2009-01-15T22:32:05Z" user="DrazziB" uid="53081" lat="47.3575740" lon="-1.7700968"/>
 <node id="332307348" visible="true" version="2" changeset="792537" timestamp="2009-01-15T22:32:05Z" user="DrazziB" uid="53081" lat="47.3571438" lon="-1.7699594"/>
 <node id="332307350" visible="true" version="2" changeset="792537" timestamp="2009-01-15T22:32:05Z" user="DrazziB" uid="53081" lat="47.3568240" lon="-1.7692213"/>
 <node id="332307351" visible="true" version="2" changeset="792537" timestamp="2009-01-15T22:32:05Z" user="DrazziB" uid="53081" lat="47.3570159" lon="-1.7689638"/>
 <node id="332307352" visible="true" version="2" changeset="792537" timestamp="2009-01-15T22:32:05Z" user="DrazziB" uid="53081" lat="47.3571031" lon="-1.7684917"/>
 <node id="332307353" visible="true" version="2" changeset="792537" timestamp="2009-01-15T22:32:05Z" user="DrazziB" uid="53081" lat="47.3570973" lon="-1.7677021"/>
 <node id="332307354" visible="true" version="2" changeset="792537" timestamp="2009-01-15T22:32:05Z" user="DrazziB" uid="53081" lat="47.3570973" lon="-1.7675047"/>
 <node id="332307355" visible="true" version="2" changeset="792537" timestamp="2009-01-15T22:32:05Z" user="DrazziB" uid="53081" lat="47.3574578" lon="-1.7672644"/>
 <node id="332307356" visible="true" version="2" changeset="792537" timestamp="2009-01-15T22:32:05Z" user="DrazziB" uid="53081" lat="47.3577485" lon="-1.7669811"/>
 <node id="332307357" visible="true" version="2" changeset="792537" timestamp="2009-01-15T22:32:05Z" user="DrazziB" uid="53081" lat="47.3578357" lon="-1.7665005"/>
 <node id="332307358" visible="true" version="3" changeset="54812892" timestamp="2017-12-21T12:04:49Z" user="vinc44" uid="1060302" lat="47.3577837" lon="-1.7660909"/>
 <node id="332307359" visible="true" version="3" changeset="42888216" timestamp="2016-10-14T07:06:12Z" user="Adrien G" uid="94804" lat="47.3576014" lon="-1.7656128"/>
 <node id="332307360" visible="true" version="3" changeset="42888216" timestamp="2016-10-14T07:06:12Z" user="Adrien G" uid="94804" lat="47.3565100" lon="-1.7661545"/>
 <node id="332307361" visible="true" version="3" changeset="42888216" timestamp="2016-10-14T07:06:12Z" user="Adrien G" uid="94804" lat="47.3548649" lon="-1.7677424"/>
 <node id="332307362" visible="true" version="2" changeset="792537" timestamp="2009-01-15T22:32:05Z" user="DrazziB" uid="53081" lat="47.3544458" lon="-1.7682171"/>
 <node id="332307363" visible="true" version="2" changeset="792537" timestamp="2009-01-15T22:32:05Z" user="DrazziB" uid="53081" lat="47.3537248" lon="-1.7691011"/>
 <node id="332307364" visible="true" version="2" changeset="792537" timestamp="2009-01-15T22:32:05Z" user="DrazziB" uid="53081" lat="47.3543528" lon="-1.7708349"/>
 <node id="332307365" visible="true" version="2" changeset="792537" timestamp="2009-01-15T22:32:05Z" user="DrazziB" uid="53081" lat="47.3535620" lon="-1.7719507"/>
 <node id="332307367" visible="true" version="3" changeset="173326290" timestamp="2025-10-15T15:27:10Z" user="Falig44" uid="23098618" lat="47.3534376" lon="-1.7720576"/>
 <node id="332307368" visible="true" version="2" changeset="792537" timestamp="2009-01-15T22:32:05Z" user="DrazziB" uid="53081" lat="47.3532712" lon="-1.7730665"/>
 <node id="332307369" visible="true" version="2" changeset="792537" timestamp="2009-01-15T22:32:05Z" user="DrazziB" uid="53081" lat="47.3535620" lon="-1.7735643"/>
 <node id="332307370" visible="true" version="2" changeset="792537" timestamp="2009-01-15T22:32:05Z" user="DrazziB" uid="53081" lat="47.3531782" lon="-1.7743111"/>
 <node id="332307371" visible="true" version="2" changeset="792537" timestamp="2009-01-15T22:32:05Z" user="DrazziB" uid="53081" lat="47.3526549" lon="-1.7746372"/>
 <node id="332307372" visible="true" version="2" changeset="792537" timestamp="2009-01-15T22:32:05Z" user="DrazziB" uid="53081" lat="47.3523292" lon="-1.7751522"/>
 <node id="332307499" visible="true" version="1" changeset="792537" timestamp="2009-01-15T22:32:05Z" user="DrazziB" uid="53081" lat="47.3523351" lon="-1.7753668"/>
 <node id="332307500" visible="true" version="1" changeset="792537" timestamp="2009-01-15T22:32:05Z" user="DrazziB" uid="53081" lat="47.3525037" lon="-1.7754011"/>
 <node id="332307501" visible="true" version="1" changeset="792537" timestamp="2009-01-15T22:32:05Z" user="DrazziB" uid="53081" lat="47.3527944" lon="-1.7753324"/>
 <node id="332307502" visible="true" version="1" changeset="792537" timestamp="2009-01-15T22:32:05Z" user="DrazziB" uid="53081" lat="47.3532073" lon="-1.7748947"/>
 <node id="332307503" visible="true" version="1" changeset="792537" timestamp="2009-01-15T22:32:05Z" user="DrazziB" uid="53081" lat="47.3536085" lon="-1.7747230"/>
 <node id="332307504" visible="true" version="1" changeset="792537" timestamp="2009-01-15T22:32:06Z" user="DrazziB" uid="53081" lat="47.3537364" lon="-1.7750320"/>
 <node id="332307505" visible="true" version="1" changeset="792537" timestamp="2009-01-15T22:32:06Z" user="DrazziB" uid="53081" lat="47.3551610" lon="-1.7743797"/>
 <node id="332307506" visible="true" version="1" changeset="792537" timestamp="2009-01-15T22:32:06Z" user="DrazziB" uid="53081" lat="47.3553994" lon="-1.7747402"/>
 <node id="332307507" visible="true" version="1" changeset="792537" timestamp="2009-01-15T22:32:06Z" user="DrazziB" uid="53081" lat="47.3560390" lon="-1.7744570"/>
 <node id="332307508" visible="true" version="1" changeset="792537" timestamp="2009-01-15T22:32:06Z" user="DrazziB" uid="53081" lat="47.3562949" lon="-1.7745428"/>
 <node id="332307509" visible="true" version="1" changeset="792537" timestamp="2009-01-15T22:32:06Z" user="DrazziB" uid="53081" lat="47.3578648" lon="-1.7740364"/>
 <node id="332307510" visible="true" version="1" changeset="792537" timestamp="2009-01-15T22:32:06Z" user="DrazziB" uid="53081" lat="47.3575275" lon="-1.7725172"/>
 <node id="332307511" visible="true" version="1" changeset="792537" timestamp="2009-01-15T22:32:06Z" user="DrazziB" uid="53081" lat="47.3581206" lon="-1.7722769"/>
 <node id="332307512" visible="true" version="1" changeset="792537" timestamp="2009-01-15T22:32:06Z" user="DrazziB" uid="53081" lat="47.3591555" lon="-1.7719078"/>
 <node id="332307513" visible="true" version="1" changeset="792537" timestamp="2009-01-15T22:32:06Z" user="DrazziB" uid="53081" lat="47.3592892" lon="-1.7732553"/>
 <node id="332307514" visible="true" version="1" changeset="792537" timestamp="2009-01-15T22:32:06Z" user="DrazziB" uid="53081" lat="47.3604346" lon="-1.7725944"/>
 <node id="332307515" visible="true" version="1" changeset="792537" timestamp="2009-01-15T22:32:06Z" user="DrazziB" uid="53081" lat="47.3600800" lon="-1.7712984"/>
 <node id="332307516" visible="true" version="1" changeset="792537" timestamp="2009-01-15T22:32:06Z" user="DrazziB" uid="53081" lat="47.3598707" lon="-1.7706633"/>
 <node id="332307517" visible="true" version="1" changeset="792537" timestamp="2009-01-15T22:32:06Z" user="DrazziB" uid="53081" lat="47.3598241" lon="-1.7702255"/>
 <node id="332307518" visible="true" version="1" changeset="792537" timestamp="2009-01-15T22:32:06Z" user="DrazziB" uid="53081" lat="47.3599346" lon="-1.7699938"/>
 <node id="332307519" visible="true" version="1" changeset="792537" timestamp="2009-01-15T22:32:06Z" user="DrazziB" uid="53081" lat="47.3599404" lon="-1.7694788"/>
 <node id="332307520" visible="true" version="1" changeset="792537" timestamp="2009-01-15T22:32:06Z" user="DrazziB" uid="53081" lat="47.3602311" lon="-1.7690239"/>
 <node id="332307521" visible="true" version="1" changeset="792537" timestamp="2009-01-15T22:32:06Z" user="DrazziB" uid="53081" lat="47.3607777" lon="-1.7687406"/>
 <node id="332307522" visible="true" version="1" changeset="792537" timestamp="2009-01-15T22:32:06Z" user="DrazziB" uid="53081" lat="47.3613939" lon="-1.7686291"/>
 <node id="332307596" visible="true" version="1" changeset="792537" timestamp="2009-01-15T22:32:23Z" user="DrazziB" uid="53081" lat="47.3581962" lon="-1.7702770"/>
 <node id="332307597" visible="true" version="1" changeset="792537" timestamp="2009-01-15T22:32:23Z" user="DrazziB" uid="53081" lat="47.3584287" lon="-1.7701568"/>
 <node id="332307598" visible="true" version="1" changeset="792537" timestamp="2009-01-15T22:32:23Z" user="DrazziB" uid="53081" lat="47.3583532" lon="-1.7700453"/>
 <node id="332307599" visible="true" version="1" changeset="792537" timestamp="2009-01-15T22:32:23Z" user="DrazziB" uid="53081" lat="47.3583939" lon="-1.7696934"/>
 <node id="332307600" visible="true" version="1" changeset="792537" timestamp="2009-01-15T22:32:23Z" user="DrazziB" uid="53081" lat="47.3582543" lon="-1.7695131"/>
 <node id="332307601" visible="true" version="1" changeset="792537" timestamp="2009-01-15T22:32:23Z" user="DrazziB" uid="53081" lat="47.3580217" lon="-1.7695904"/>
 <node id="332307602" visible="true" version="1" changeset="792537" timestamp="2009-01-15T22:32:23Z" user="DrazziB" uid="53081" lat="47.3575392" lon="-1.7699337"/>
 <node id="332307603" visible="true" version="1" changeset="792537" timestamp="2009-01-15T22:32:23Z" user="DrazziB" uid="53081" lat="47.3572136" lon="-1.7698994"/>
 <node id="332307604" visible="true" version="1" changeset="792537" timestamp="2009-01-15T22:32:23Z" user="DrazziB" uid="53081" lat="47.3576089" lon="-1.7700367"/>
 <node id="332307605" visible="true" version="1" changeset="792537" timestamp="2009-01-15T22:32:23Z" user="DrazziB" uid="53081" lat="47.3577485" lon="-1.7704143"/>
 <node id="332307607" visible="true" version="1" changeset="792537" timestamp="2009-01-15T22:32:23Z" user="DrazziB" uid="53081" lat="47.3579985" lon="-1.7702598"/>
 <node id="332307820" visible="true" version="1" changeset="792537" timestamp="2009-01-15T22:33:18Z" user="DrazziB" uid="53081" lat="47.3711721" lon="-1.7615738"/>
 <node id="332307822" visible="true" version="1" changeset="792537" timestamp="2009-01-15T22:33:18Z" user="DrazziB" uid="53081" lat="47.3708698" lon="-1.7622003"/>
 <node id="332307823" visible="true" version="1" changeset="792537" timestamp="2009-01-15T22:33:18Z" user="DrazziB" uid="53081" lat="47.3706140" lon="-1.7618570"/>
 <node id="332307824" visible="true" version="1" changeset="792537" timestamp="2009-01-15T22:33:18Z" user="DrazziB" uid="53081" lat="47.3706780" lon="-1.7612305"/>
 <node id="332307825" visible="true" version="1" changeset="792537" timestamp="2009-01-15T22:33:18Z" user="DrazziB" uid="53081" lat="47.3705850" lon="-1.7605696"/>
 <node id="332307826" visible="true" version="1" changeset="792537" timestamp="2009-01-15T22:33:18Z" user="DrazziB" uid="53081" lat="47.3703582" lon="-1.7596340"/>
 <node id="332307827" visible="true" version="2" changeset="14514775" timestamp="2013-01-03T16:39:41Z" user="ËdzëronK" uid="211154" lat="47.3701205" lon="-1.7584097"/>
 <node id="332307828" visible="true" version="2" changeset="14514775" timestamp="2013-01-03T16:39:41Z" user="ËdzëronK" uid="211154" lat="47.3697135" lon="-1.7582812"/>
 <node id="332307829" visible="true" version="2" changeset="14514775" timestamp="2013-01-03T16:39:41Z" user="ËdzëronK" uid="211154" lat="47.3695297" lon="-1.7582260"/>
 <node id="332307830" visible="true" version="2" changeset="14514775" timestamp="2013-01-03T16:39:41Z" user="ËdzëronK" uid="211154" lat="47.3696787" lon="-1.7580472"/>
 <node id="332307831" visible="true" version="2" changeset="14514775" timestamp="2013-01-03T16:39:41Z" user="ËdzëronK" uid="211154" lat="47.3698260" lon="-1.7579435"/>
 <node id="332307832" visible="true" version="2" changeset="14514775" timestamp="2013-01-03T16:39:41Z" user="ËdzëronK" uid="211154" lat="47.3703277" lon="-1.7578211"/>
 <node id="332307833" visible="true" version="2" changeset="14514775" timestamp="2013-01-03T16:39:41Z" user="ËdzëronK" uid="211154" lat="47.3705227" lon="-1.7575576"/>
 <node id="332307835" visible="true" version="1" changeset="792537" timestamp="2009-01-15T22:33:19Z" user="DrazziB" uid="53081" lat="47.3707128" lon="-1.7568102"/>
 <node id="332307836" visible="true" version="2" changeset="14514775" timestamp="2013-01-03T16:39:41Z" user="ËdzëronK" uid="211154" lat="47.3710274" lon="-1.7554197"/>
 <node id="332307837" visible="true" version="2" changeset="14514775" timestamp="2013-01-03T16:39:41Z" user="ËdzëronK" uid="211154" lat="47.3710423" lon="-1.7548213"/>
 <node id="332307838" visible="true" version="2" changeset="14514775" timestamp="2013-01-03T16:39:42Z" user="ËdzëronK" uid="211154" lat="47.3711011" lon="-1.7541658"/>
 <node id="332307839" visible="true" version="2" changeset="14514775" timestamp="2013-01-03T16:39:42Z" user="ËdzëronK" uid="211154" lat="47.3711641" lon="-1.7541256"/>
 <node id="332307840" visible="true" version="2" changeset="14514775" timestamp="2013-01-03T16:39:42Z" user="ËdzëronK" uid="211154" lat="47.3711917" lon="-1.7543532"/>
 <node id="332307841" visible="true" version="1" changeset="792537" timestamp="2009-01-15T22:33:19Z" user="DrazziB" uid="53081" lat="47.3714511" lon="-1.7544413"/>
 <node id="332307842" visible="true" version="1" changeset="792537" timestamp="2009-01-15T22:33:19Z" user="DrazziB" uid="53081" lat="47.3715964" lon="-1.7545185"/>
 <node id="332307843" visible="true" version="1" changeset="792537" timestamp="2009-01-15T22:33:19Z" user="DrazziB" uid="53081" lat="47.3716313" lon="-1.7548275"/>
 <node id="332307845" visible="true" version="1" changeset="792537" timestamp="2009-01-15T22:33:19Z" user="DrazziB" uid="53081" lat="47.3714511" lon="-1.7553081"/>
 <node id="332307846" visible="true" version="2" changeset="14514775" timestamp="2013-01-03T16:39:42Z" user="ËdzëronK" uid="211154" lat="47.3712764" lon="-1.7554627"/>
 <node id="332307847" visible="true" version="2" changeset="14514775" timestamp="2013-01-03T16:39:42Z" user="ËdzëronK" uid="211154" lat="47.3710096" lon="-1.7565990"/>
 <node id="332307848" visible="true" version="2" changeset="14514775" timestamp="2013-01-03T16:39:42Z" user="ËdzëronK" uid="211154" lat="47.3709193" lon="-1.7570121"/>
 <node id="332307849" visible="true" version="2" changeset="14514775" timestamp="2013-01-03T16:39:42Z" user="ËdzëronK" uid="211154" lat="47.3708161" lon="-1.7574106"/>
 <node id="332307850" visible="true" version="2" changeset="14514775" timestamp="2013-01-03T16:39:42Z" user="ËdzëronK" uid="211154" lat="47.3710044" lon="-1.7575302"/>
 <node id="332307851" visible="true" version="2" changeset="14514775" timestamp="2013-01-03T16:39:42Z" user="ËdzëronK" uid="211154" lat="47.3708594" lon="-1.7580579"/>
 <node id="332307852" visible="true" version="2" changeset="14514775" timestamp="2013-01-03T16:39:42Z" user="ËdzëronK" uid="211154" lat="47.3707086" lon="-1.7583370"/>
 <node id="332307854" visible="true" version="1" changeset="792537" timestamp="2009-01-15T22:33:20Z" user="DrazziB" uid="53081" lat="47.3706954" lon="-1.7588186"/>
 <node id="332307855" visible="true" version="1" changeset="792537" timestamp="2009-01-15T22:33:20Z" user="DrazziB" uid="53081" lat="47.3708117" lon="-1.7594881"/>
 <node id="332307856" visible="true" version="1" changeset="792537" timestamp="2009-01-15T22:33:20Z" user="DrazziB" uid="53081" lat="47.3708872" lon="-1.7604408"/>
 <node id="332307857" visible="true" version="1" changeset="792537" timestamp="2009-01-15T22:33:20Z" user="DrazziB" uid="53081" lat="47.3710151" lon="-1.7607155"/>
 <node id="332307858" visible="true" version="1" changeset="792537" timestamp="2009-01-15T22:33:20Z" user="DrazziB" uid="53081" lat="47.3710500" lon="-1.7610845"/>
 <node id="332307859" visible="true" version="1" changeset="792537" timestamp="2009-01-15T22:33:20Z" user="DrazziB" uid="53081" lat="47.3710442" lon="-1.7612133"/>
 <node id="332307860" visible="true" version="1" changeset="792537" timestamp="2009-01-15T22:33:20Z" user="DrazziB" uid="53081" lat="47.3711430" lon="-1.7614708"/>
 <node id="411204549" visible="true" version="1" changeset="1321933" timestamp="2009-05-26T01:39:20Z" user="DrazziB" uid="53081" lat="47.4076125" lon="-1.7327315"/>
 <node id="411208598" visible="true" version="1" changeset="1321933" timestamp="2009-05-26T01:41:39Z" user="DrazziB" uid="53081" lat="47.3756034" lon="-1.7540935"/>
 <node id="411208599" visible="true" version="1" changeset="1321933" timestamp="2009-05-26T01:41:39Z" user="DrazziB" uid="53081" lat="47.3752679" lon="-1.7541359"/>
 <node id="411208628" visible="true" version="1" changeset="1321933" timestamp="2009-05-26T01:41:40Z" user="DrazziB" uid="53081" lat="47.3730615" lon="-1.7536362"/>
 <node id="411208629" visible="true" version="1" changeset="1321933" timestamp="2009-05-26T01:41:40Z" user="DrazziB" uid="53081" lat="47.3730750" lon="-1.7537032"/>
 <node id="411208630" visible="true" version="1" changeset="1321933" timestamp="2009-05-26T01:41:40Z" user="DrazziB" uid="53081" lat="47.3724860" lon="-1.7531609"/>
 <node id="411208631" visible="true" version="1" changeset="1321933" timestamp="2009-05-26T01:41:40Z" user="DrazziB" uid="53081" lat="47.3723563" lon="-1.7531104"/>
 <node id="411208632" visible="true" version="1" changeset="1321933" timestamp="2009-05-26T01:41:40Z" user="DrazziB" uid="53081" lat="47.3730567" lon="-1.7544323"/>
 <node id="411208633" visible="true" version="1" changeset="1321933" timestamp="2009-05-26T01:41:40Z" user="DrazziB" uid="53081" lat="47.3731106" lon="-1.7544553"/>
 <node id="411208634" visible="true" version="1" changeset="1321933" timestamp="2009-05-26T01:41:40Z" user="DrazziB" uid="53081" lat="47.3726406" lon="-1.7532597"/>
 <node id="411208635" visible="true" version="1" changeset="1321933" timestamp="2009-05-26T01:41:40Z" user="DrazziB" uid="53081" lat="47.3730428" lon="-1.7535993"/>
 <node id="411208636" visible="true" version="1" changeset="1321933" timestamp="2009-05-26T01:41:40Z" user="DrazziB" uid="53081" lat="47.3738872" lon="-1.7545518"/>
 <node id="411208637" visible="true" version="1" changeset="1321933" timestamp="2009-05-26T01:41:40Z" user="DrazziB" uid="53081" lat="47.3740104" lon="-1.7545562"/>
 <node id="411208638" visible="true" version="1" changeset="1321933" timestamp="2009-05-26T01:41:40Z" user="DrazziB" uid="53081" lat="47.3730084" lon="-1.7543634"/>
 <node id="411208639" visible="true" version="1" changeset="1321933" timestamp="2009-05-26T01:41:40Z" user="DrazziB" uid="53081" lat="47.3730154" lon="-1.7543944"/>
 <node id="411208640" visible="true" version="1" changeset="1321933" timestamp="2009-05-26T01:41:40Z" user="DrazziB" uid="53081" lat="47.3740672" lon="-1.7547128"/>
 <node id="411208641" visible="true" version="1" changeset="1321933" timestamp="2009-05-26T01:41:40Z" user="DrazziB" uid="53081" lat="47.3740794" lon="-1.7547470"/>
 <node id="411208642" visible="true" version="1" changeset="1321933" timestamp="2009-05-26T01:41:40Z" user="DrazziB" uid="53081" lat="47.3732365" lon="-1.7544802"/>
 <node id="411208643" visible="true" version="1" changeset="1321933" timestamp="2009-05-26T01:41:40Z" user="DrazziB" uid="53081" lat="47.3734117" lon="-1.7544900"/>
 <node id="411208644" visible="true" version="1" changeset="1321933" timestamp="2009-05-26T01:41:40Z" user="DrazziB" uid="53081" lat="47.3746576" lon="-1.7544674"/>
 <node id="411208645" visible="true" version="1" changeset="1321933" timestamp="2009-05-26T01:41:40Z" user="DrazziB" uid="53081" lat="47.3746882" lon="-1.7545698"/>
 <node id="411208646" visible="true" version="1" changeset="1321933" timestamp="2009-05-26T01:41:40Z" user="DrazziB" uid="53081" lat="47.3740505" lon="-1.7545760"/>
 <node id="411208647" visible="true" version="1" changeset="1321933" timestamp="2009-05-26T01:41:40Z" user="DrazziB" uid="53081" lat="47.3740616" lon="-1.7546145"/>
 <node id="411208648" visible="true" version="1" changeset="1321933" timestamp="2009-05-26T01:41:40Z" user="DrazziB" uid="53081" lat="47.3745644" lon="-1.7538827"/>
 <node id="411208649" visible="true" version="1" changeset="1321933" timestamp="2009-05-26T01:41:41Z" user="DrazziB" uid="53081" lat="47.3745490" lon="-1.7539047"/>
 <node id="411208650" visible="true" version="1" changeset="1321933" timestamp="2009-05-26T01:41:41Z" user="DrazziB" uid="53081" lat="47.3745635" lon="-1.7546197"/>
 <node id="411208651" visible="true" version="1" changeset="1321933" timestamp="2009-05-26T01:41:41Z" user="DrazziB" uid="53081" lat="47.3741245" lon="-1.7547563"/>
 <node id="411208652" visible="true" version="1" changeset="1321933" timestamp="2009-05-26T01:41:41Z" user="DrazziB" uid="53081" lat="47.3751401" lon="-1.7541385"/>
 <node id="411208653" visible="true" version="1" changeset="1321933" timestamp="2009-05-26T01:41:41Z" user="DrazziB" uid="53081" lat="47.3748982" lon="-1.7541076"/>
 <node id="411208654" visible="true" version="1" changeset="1321933" timestamp="2009-05-26T01:41:41Z" user="DrazziB" uid="53081" lat="47.3745054" lon="-1.7540956"/>
 <node id="411208655" visible="true" version="1" changeset="1321933" timestamp="2009-05-26T01:41:41Z" user="DrazziB" uid="53081" lat="47.3745148" lon="-1.7541586"/>
 <node id="411208656" visible="true" version="1" changeset="1321933" timestamp="2009-05-26T01:41:41Z" user="DrazziB" uid="53081" lat="47.3756489" lon="-1.7538093"/>
 <node id="411208657" visible="true" version="1" changeset="1321933" timestamp="2009-05-26T01:41:41Z" user="DrazziB" uid="53081" lat="47.3756697" lon="-1.7540725"/>
 <node id="411208658" visible="true" version="1" changeset="1321933" timestamp="2009-05-26T01:41:41Z" user="DrazziB" uid="53081" lat="47.3748250" lon="-1.7540679"/>
 <node id="411208659" visible="true" version="1" changeset="1321933" timestamp="2009-05-26T01:41:41Z" user="DrazziB" uid="53081" lat="47.3745811" lon="-1.7538818"/>
 <node id="411208660" visible="true" version="1" changeset="1321933" timestamp="2009-05-26T01:41:41Z" user="DrazziB" uid="53081" lat="47.3672072" lon="-1.7623301"/>
 <node id="411208661" visible="true" version="1" changeset="1321933" timestamp="2009-05-26T01:41:41Z" user="DrazziB" uid="53081" lat="47.3673670" lon="-1.7623591"/>
 <node id="411208662" visible="true" version="1" changeset="1321933" timestamp="2009-05-26T01:41:41Z" user="DrazziB" uid="53081" lat="47.3799297" lon="-1.7493764"/>
 <node id="411208663" visible="true" version="1" changeset="1321933" timestamp="2009-05-26T01:41:41Z" user="DrazziB" uid="53081" lat="47.3798277" lon="-1.7493468"/>
 <node id="411208664" visible="true" version="1" changeset="1321933" timestamp="2009-05-26T01:41:41Z" user="DrazziB" uid="53081" lat="47.3703971" lon="-1.7624760"/>
 <node id="411208665" visible="true" version="1" changeset="1321933" timestamp="2009-05-26T01:41:41Z" user="DrazziB" uid="53081" lat="47.3704981" lon="-1.7615895"/>
 <node id="411208666" visible="true" version="1" changeset="1321933" timestamp="2009-05-26T01:41:41Z" user="DrazziB" uid="53081" lat="47.3703602" lon="-1.7625376"/>
 <node id="411208667" visible="true" version="1" changeset="1321933" timestamp="2009-05-26T01:41:41Z" user="DrazziB" uid="53081" lat="47.3703804" lon="-1.7625254"/>
 <node id="411208668" visible="true" version="1" changeset="1321933" timestamp="2009-05-26T01:41:41Z" user="DrazziB" uid="53081" lat="47.3705341" lon="-1.7604509"/>
 <node id="411208669" visible="true" version="1" changeset="1321933" timestamp="2009-05-26T01:41:41Z" user="DrazziB" uid="53081" lat="47.3705031" lon="-1.7602253"/>
 <node id="411208670" visible="true" version="1" changeset="1321933" timestamp="2009-05-26T01:41:41Z" user="DrazziB" uid="53081" lat="47.3705228" lon="-1.7612443"/>
 <node id="411208671" visible="true" version="1" changeset="1321933" timestamp="2009-05-26T01:41:41Z" user="DrazziB" uid="53081" lat="47.3705434" lon="-1.7606371"/>
 <node id="411208672" visible="true" version="1" changeset="1321933" timestamp="2009-05-26T01:41:41Z" user="DrazziB" uid="53081" lat="47.3701392" lon="-1.7589306"/>
 <node id="411208673" visible="true" version="1" changeset="1321933" timestamp="2009-05-26T01:41:41Z" user="DrazziB" uid="53081" lat="47.3701306" lon="-1.7588118"/>
 <node id="411208674" visible="true" version="1" changeset="1321933" timestamp="2009-05-26T01:41:41Z" user="DrazziB" uid="53081" lat="47.3703957" lon="-1.7597242"/>
 <node id="411208675" visible="true" version="1" changeset="1321933" timestamp="2009-05-26T01:41:41Z" user="DrazziB" uid="53081" lat="47.3703426" lon="-1.7595412"/>
 <node id="411208676" visible="true" version="1" changeset="1321933" timestamp="2009-05-26T01:41:42Z" user="DrazziB" uid="53081" lat="47.3705480" lon="-1.7571394"/>
 <node id="411208677" visible="true" version="1" changeset="1321933" timestamp="2009-05-26T01:41:42Z" user="DrazziB" uid="53081" lat="47.3703945" lon="-1.7573407"/>
 <node id="411208678" visible="true" version="1" changeset="1321933" timestamp="2009-05-26T01:41:42Z" user="DrazziB" uid="53081" lat="47.3701634" lon="-1.7578309"/>
 <node id="411208679" visible="true" version="1" changeset="1321933" timestamp="2009-05-26T01:41:42Z" user="DrazziB" uid="53081" lat="47.3701909" lon="-1.7576961"/>
 <node id="411208680" visible="true" version="1" changeset="1321933" timestamp="2009-05-26T01:41:42Z" user="DrazziB" uid="53081" lat="47.3707411" lon="-1.7559411"/>
 <node id="411208681" visible="true" version="1" changeset="1321933" timestamp="2009-05-26T01:41:42Z" user="DrazziB" uid="53081" lat="47.3707118" lon="-1.7563693"/>
 <node id="411208682" visible="true" version="1" changeset="1321933" timestamp="2009-05-26T01:41:42Z" user="DrazziB" uid="53081" lat="47.3706516" lon="-1.7567335"/>
 <node id="411208683" visible="true" version="1" changeset="1321933" timestamp="2009-05-26T01:41:42Z" user="DrazziB" uid="53081" lat="47.3705737" lon="-1.7570798"/>
 <node id="411208684" visible="true" version="1" changeset="1321933" timestamp="2009-05-26T01:41:42Z" user="DrazziB" uid="53081" lat="47.3712460" lon="-1.7524440"/>
 <node id="411208685" visible="true" version="1" changeset="1321933" timestamp="2009-05-26T01:41:42Z" user="DrazziB" uid="53081" lat="47.3709770" lon="-1.7540815"/>
 <node id="411208686" visible="true" version="1" changeset="1321933" timestamp="2009-05-26T01:41:42Z" user="DrazziB" uid="53081" lat="47.3709337" lon="-1.7544137"/>
 <node id="411208687" visible="true" version="1" changeset="1321933" timestamp="2009-05-26T01:41:42Z" user="DrazziB" uid="53081" lat="47.3708154" lon="-1.7555844"/>
 <node id="411208688" visible="true" version="1" changeset="1321933" timestamp="2009-05-26T01:41:42Z" user="DrazziB" uid="53081" lat="47.3717136" lon="-1.7525741"/>
 <node id="411208689" visible="true" version="1" changeset="1321933" timestamp="2009-05-26T01:41:42Z" user="DrazziB" uid="53081" lat="47.3716037" lon="-1.7525113"/>
 <node id="411208690" visible="true" version="1" changeset="1321933" timestamp="2009-05-26T01:41:42Z" user="DrazziB" uid="53081" lat="47.3712949" lon="-1.7524000"/>
 <node id="411208691" visible="true" version="1" changeset="1321933" timestamp="2009-05-26T01:41:42Z" user="DrazziB" uid="53081" lat="47.3712610" lon="-1.7524053"/>
 <node id="411208692" visible="true" version="1" changeset="1321933" timestamp="2009-05-26T01:41:42Z" user="DrazziB" uid="53081" lat="47.3776035" lon="-1.7493924"/>
 <node id="411208693" visible="true" version="1" changeset="1321933" timestamp="2009-05-26T01:41:42Z" user="DrazziB" uid="53081" lat="47.3777298" lon="-1.7494383"/>
 <node id="411208694" visible="true" version="1" changeset="1321933" timestamp="2009-05-26T01:41:42Z" user="DrazziB" uid="53081" lat="47.3769162" lon="-1.7496804"/>
 <node id="411208695" visible="true" version="1" changeset="1321933" timestamp="2009-05-26T01:41:42Z" user="DrazziB" uid="53081" lat="47.3768595" lon="-1.7496615"/>
 <node id="411208696" visible="true" version="1" changeset="1321933" timestamp="2009-05-26T01:41:42Z" user="DrazziB" uid="53081" lat="47.3772704" lon="-1.7494212"/>
 <node id="411208697" visible="true" version="1" changeset="1321933" timestamp="2009-05-26T01:41:42Z" user="DrazziB" uid="53081" lat="47.3772852" lon="-1.7493665"/>
 <node id="411208698" visible="true" version="1" changeset="1321933" timestamp="2009-05-26T01:41:42Z" user="DrazziB" uid="53081" lat="47.3773078" lon="-1.7493473"/>
 <node id="411208699" visible="true" version="1" changeset="1321933" timestamp="2009-05-26T01:41:42Z" user="DrazziB" uid="53081" lat="47.3773405" lon="-1.7493411"/>
 <node id="411208700" visible="true" version="1" changeset="1321933" timestamp="2009-05-26T01:41:42Z" user="DrazziB" uid="53081" lat="47.3787595" lon="-1.7494592"/>
 <node id="411208701" visible="true" version="1" changeset="1321933" timestamp="2009-05-26T01:41:42Z" user="DrazziB" uid="53081" lat="47.3788471" lon="-1.7494753"/>
 <node id="411208702" visible="true" version="1" changeset="1321933" timestamp="2009-05-26T01:41:43Z" user="DrazziB" uid="53081" lat="47.3772713" lon="-1.7496547"/>
 <node id="411208703" visible="true" version="1" changeset="1321933" timestamp="2009-05-26T01:41:43Z" user="DrazziB" uid="53081" lat="47.3772925" lon="-1.7495961"/>
 <node id="411208704" visible="true" version="1" changeset="1321933" timestamp="2009-05-26T01:41:43Z" user="DrazziB" uid="53081" lat="47.3784664" lon="-1.7495324"/>
 <node id="411208705" visible="true" version="1" changeset="1321933" timestamp="2009-05-26T01:41:43Z" user="DrazziB" uid="53081" lat="47.3786964" lon="-1.7495616"/>
 <node id="411208706" visible="true" version="1" changeset="1321933" timestamp="2009-05-26T01:41:43Z" user="DrazziB" uid="53081" lat="47.3787214" lon="-1.7495520"/>
 <node id="411208707" visible="true" version="1" changeset="1321933" timestamp="2009-05-26T01:41:43Z" user="DrazziB" uid="53081" lat="47.3787044" lon="-1.7494782"/>
 <node id="411208708" visible="true" version="1" changeset="1321933" timestamp="2009-05-26T01:41:43Z" user="DrazziB" uid="53081" lat="47.3797091" lon="-1.7493522"/>
 <node id="411208709" visible="true" version="1" changeset="1321933" timestamp="2009-05-26T01:41:43Z" user="DrazziB" uid="53081" lat="47.3796542" lon="-1.7493379"/>
 <node id="411208710" visible="true" version="1" changeset="1321933" timestamp="2009-05-26T01:41:43Z" user="DrazziB" uid="53081" lat="47.3777866" lon="-1.7494818"/>
 <node id="411208711" visible="true" version="1" changeset="1321933" timestamp="2009-05-26T01:41:43Z" user="DrazziB" uid="53081" lat="47.3778487" lon="-1.7494981"/>
 <node id="411208712" visible="true" version="1" changeset="1321933" timestamp="2009-05-26T01:41:43Z" user="DrazziB" uid="53081" lat="47.3791777" lon="-1.7494434"/>
 <node id="411208713" visible="true" version="1" changeset="1321933" timestamp="2009-05-26T01:41:43Z" user="DrazziB" uid="53081" lat="47.3790460" lon="-1.7494703"/>
 <node id="411208714" visible="true" version="1" changeset="1321933" timestamp="2009-05-26T01:41:43Z" user="DrazziB" uid="53081" lat="47.3795539" lon="-1.7493744"/>
 <node id="411208715" visible="true" version="1" changeset="1321933" timestamp="2009-05-26T01:41:43Z" user="DrazziB" uid="53081" lat="47.3792572" lon="-1.7494002"/>
 <node id="411208716" visible="true" version="1" changeset="1321933" timestamp="2009-05-26T01:41:43Z" user="DrazziB" uid="53081" lat="47.3808006" lon="-1.7489995"/>
 <node id="411208717" visible="true" version="1" changeset="1321933" timestamp="2009-05-26T01:41:43Z" user="DrazziB" uid="53081" lat="47.3807445" lon="-1.7490293"/>
 <node id="411208718" visible="true" version="1" changeset="1321933" timestamp="2009-05-26T01:41:43Z" user="DrazziB" uid="53081" lat="47.3789466" lon="-1.7495308"/>
 <node id="411208719" visible="true" version="1" changeset="1321933" timestamp="2009-05-26T01:41:43Z" user="DrazziB" uid="53081" lat="47.3789057" lon="-1.7495284"/>
 <node id="411208720" visible="true" version="1" changeset="1321933" timestamp="2009-05-26T01:41:44Z" user="DrazziB" uid="53081" lat="47.3801743" lon="-1.7492777"/>
 <node id="411208721" visible="true" version="1" changeset="1321933" timestamp="2009-05-26T01:41:44Z" user="DrazziB" uid="53081" lat="47.3800390" lon="-1.7493456"/>
 <node id="411208722" visible="true" version="1" changeset="1321933" timestamp="2009-05-26T01:41:44Z" user="DrazziB" uid="53081" lat="47.3806274" lon="-1.7490580"/>
 <node id="411208723" visible="true" version="1" changeset="1321933" timestamp="2009-05-26T01:41:44Z" user="DrazziB" uid="53081" lat="47.3802181" lon="-1.7492173"/>
 <node id="411208724" visible="true" version="1" changeset="1321933" timestamp="2009-05-26T01:41:44Z" user="DrazziB" uid="53081" lat="47.3759464" lon="-1.7526167"/>
 <node id="411208725" visible="true" version="1" changeset="1321933" timestamp="2009-05-26T01:41:44Z" user="DrazziB" uid="53081" lat="47.3761228" lon="-1.7525875"/>
 <node id="411208726" visible="true" version="1" changeset="1321933" timestamp="2009-05-26T01:41:44Z" user="DrazziB" uid="53081" lat="47.3850521" lon="-1.7444504"/>
 <node id="411208727" visible="true" version="1" changeset="1321933" timestamp="2009-05-26T01:41:44Z" user="DrazziB" uid="53081" lat="47.3850684" lon="-1.7444343"/>
 <node id="411208728" visible="true" version="1" changeset="1321933" timestamp="2009-05-26T01:41:44Z" user="DrazziB" uid="53081" lat="47.3755460" lon="-1.7529237"/>
 <node id="411208729" visible="true" version="1" changeset="1321933" timestamp="2009-05-26T01:41:44Z" user="DrazziB" uid="53081" lat="47.3755524" lon="-1.7528909"/>
 <node id="411208730" visible="true" version="1" changeset="1321933" timestamp="2009-05-26T01:41:44Z" user="DrazziB" uid="53081" lat="47.3762318" lon="-1.7525509"/>
 <node id="411208731" visible="true" version="1" changeset="1321933" timestamp="2009-05-26T01:41:44Z" user="DrazziB" uid="53081" lat="47.3762947" lon="-1.7525166"/>
 <node id="411208732" visible="true" version="1" changeset="1321933" timestamp="2009-05-26T01:41:44Z" user="DrazziB" uid="53081" lat="47.3762723" lon="-1.7511907"/>
 <node id="411208733" visible="true" version="1" changeset="1321933" timestamp="2009-05-26T01:41:44Z" user="DrazziB" uid="53081" lat="47.3763756" lon="-1.7509522"/>
 <node id="411208734" visible="true" version="1" changeset="1321933" timestamp="2009-05-26T01:41:44Z" user="DrazziB" uid="53081" lat="47.3755719" lon="-1.7528648"/>
 <node id="411208735" visible="true" version="1" changeset="1321933" timestamp="2009-05-26T01:41:44Z" user="DrazziB" uid="53081" lat="47.3758693" lon="-1.7526514"/>
 <node id="411208736" visible="true" version="1" changeset="1321933" timestamp="2009-05-26T01:41:44Z" user="DrazziB" uid="53081" lat="47.3763109" lon="-1.7524787"/>
 <node id="411208737" visible="true" version="1" changeset="1321933" timestamp="2009-05-26T01:41:44Z" user="DrazziB" uid="53081" lat="47.3762172" lon="-1.7513191"/>
 <node id="411208738" visible="true" version="1" changeset="1321933" timestamp="2009-05-26T01:41:44Z" user="DrazziB" uid="53081" lat="47.3764236" lon="-1.7507225"/>
 <node id="411208739" visible="true" version="1" changeset="1321933" timestamp="2009-05-26T01:41:44Z" user="DrazziB" uid="53081" lat="47.3764487" lon="-1.7506679"/>
 <node id="411208740" visible="true" version="1" changeset="1321933" timestamp="2009-05-26T01:41:44Z" user="DrazziB" uid="53081" lat="47.3767197" lon="-1.7502176"/>
 <node id="411208741" visible="true" version="1" changeset="1321933" timestamp="2009-05-26T01:41:44Z" user="DrazziB" uid="53081" lat="47.3767630" lon="-1.7503122"/>
 <node id="411208742" visible="true" version="1" changeset="1321933" timestamp="2009-05-26T01:41:44Z" user="DrazziB" uid="53081" lat="47.3762210" lon="-1.7512187"/>
 <node id="411208743" visible="true" version="1" changeset="1321933" timestamp="2009-05-26T01:41:44Z" user="DrazziB" uid="53081" lat="47.3762341" lon="-1.7512008"/>
 <node id="411208744" visible="true" version="1" changeset="1321933" timestamp="2009-05-26T01:41:44Z" user="DrazziB" uid="53081" lat="47.3767302" lon="-1.7504300"/>
 <node id="411208745" visible="true" version="1" changeset="1321933" timestamp="2009-05-26T01:41:44Z" user="DrazziB" uid="53081" lat="47.3765261" lon="-1.7505876"/>
 <node id="411208746" visible="true" version="1" changeset="1321933" timestamp="2009-05-26T01:41:45Z" user="DrazziB" uid="53081" lat="47.3767678" lon="-1.7499531"/>
 <node id="411208747" visible="true" version="1" changeset="1321933" timestamp="2009-05-26T01:41:45Z" user="DrazziB" uid="53081" lat="47.3767245" lon="-1.7501078"/>
 <node id="411208748" visible="true" version="1" changeset="1321933" timestamp="2009-05-26T01:41:45Z" user="DrazziB" uid="53081" lat="47.3770936" lon="-1.7498222"/>
 <node id="411208749" visible="true" version="1" changeset="1321933" timestamp="2009-05-26T01:41:45Z" user="DrazziB" uid="53081" lat="47.3770671" lon="-1.7498130"/>
 <node id="411208750" visible="true" version="1" changeset="1321933" timestamp="2009-05-26T01:41:45Z" user="DrazziB" uid="53081" lat="47.3767713" lon="-1.7503505"/>
 <node id="411208751" visible="true" version="1" changeset="1321933" timestamp="2009-05-26T01:41:45Z" user="DrazziB" uid="53081" lat="47.3767598" lon="-1.7503939"/>
 <node id="411208752" visible="true" version="1" changeset="1321933" timestamp="2009-05-26T01:41:45Z" user="DrazziB" uid="53081" lat="47.3768344" lon="-1.7496756"/>
 <node id="411208753" visible="true" version="1" changeset="1321933" timestamp="2009-05-26T01:41:45Z" user="DrazziB" uid="53081" lat="47.3768001" lon="-1.7497483"/>
 <node id="411208754" visible="true" version="1" changeset="1321933" timestamp="2009-05-26T01:41:45Z" user="DrazziB" uid="53081" lat="47.3771689" lon="-1.7497454"/>
 <node id="411208755" visible="true" version="1" changeset="1321933" timestamp="2009-05-26T01:41:45Z" user="DrazziB" uid="53081" lat="47.3771166" lon="-1.7498110"/>
 <node id="411208756" visible="true" version="1" changeset="1321933" timestamp="2009-05-26T01:41:45Z" user="DrazziB" uid="53081" lat="47.3847369" lon="-1.7453542"/>
 <node id="411208757" visible="true" version="1" changeset="1321933" timestamp="2009-05-26T01:41:45Z" user="DrazziB" uid="53081" lat="47.3846070" lon="-1.7455776"/>
 <node id="411208758" visible="true" version="1" changeset="1321933" timestamp="2009-05-26T01:41:45Z" user="DrazziB" uid="53081" lat="47.3839150" lon="-1.7469867"/>
 <node id="411208759" visible="true" version="1" changeset="1321933" timestamp="2009-05-26T01:41:45Z" user="DrazziB" uid="53081" lat="47.3839813" lon="-1.7469193"/>
 <node id="411208760" visible="true" version="1" changeset="1321933" timestamp="2009-05-26T01:41:45Z" user="DrazziB" uid="53081" lat="47.3850559" lon="-1.7448567"/>
 <node id="411208761" visible="true" version="1" changeset="1321933" timestamp="2009-05-26T01:41:45Z" user="DrazziB" uid="53081" lat="47.3850144" lon="-1.7449883"/>
 <node id="411208762" visible="true" version="1" changeset="1321933" timestamp="2009-05-26T01:41:45Z" user="DrazziB" uid="53081" lat="47.3845223" lon="-1.7456371"/>
 <node id="411208763" visible="true" version="1" changeset="1321933" timestamp="2009-05-26T01:41:45Z" user="DrazziB" uid="53081" lat="47.3844276" lon="-1.7458270"/>
 <node id="411208764" visible="true" version="1" changeset="1321933" timestamp="2009-05-26T01:41:45Z" user="DrazziB" uid="53081" lat="47.3842306" lon="-1.7457931"/>
 <node id="411208765" visible="true" version="1" changeset="1321933" timestamp="2009-05-26T01:41:45Z" user="DrazziB" uid="53081" lat="47.3841910" lon="-1.7458125"/>
 <node id="411208766" visible="true" version="1" changeset="1321933" timestamp="2009-05-26T01:41:45Z" user="DrazziB" uid="53081" lat="47.3849712" lon="-1.7450821"/>
 <node id="411208767" visible="true" version="1" changeset="1321933" timestamp="2009-05-26T01:41:45Z" user="DrazziB" uid="53081" lat="47.3849103" lon="-1.7451645"/>
 <node id="411208768" visible="true" version="1" changeset="1321933" timestamp="2009-05-26T01:41:45Z" user="DrazziB" uid="53081" lat="47.3843916" lon="-1.7458692"/>
 <node id="411208769" visible="true" version="1" changeset="1321933" timestamp="2009-05-26T01:41:45Z" user="DrazziB" uid="53081" lat="47.3843517" lon="-1.7458857"/>
 <node id="411208770" visible="true" version="1" changeset="1321933" timestamp="2009-05-26T01:41:45Z" user="DrazziB" uid="53081" lat="47.3841269" lon="-1.7459156"/>
 <node id="411208771" visible="true" version="1" changeset="1321933" timestamp="2009-05-26T01:41:45Z" user="DrazziB" uid="53081" lat="47.3840585" lon="-1.7459713"/>
 <node id="411208772" visible="true" version="1" changeset="1321933" timestamp="2009-05-26T01:41:45Z" user="DrazziB" uid="53081" lat="47.3856331" lon="-1.7439563"/>
 <node id="411208773" visible="true" version="1" changeset="1321933" timestamp="2009-05-26T01:41:46Z" user="DrazziB" uid="53081" lat="47.3857033" lon="-1.7437921"/>
 <node id="411208774" visible="true" version="1" changeset="1321933" timestamp="2009-05-26T01:41:46Z" user="DrazziB" uid="53081" lat="47.3843198" lon="-1.7458709"/>
 <node id="411208775" visible="true" version="1" changeset="1321933" timestamp="2009-05-26T01:41:46Z" user="DrazziB" uid="53081" lat="47.3842610" lon="-1.7458092"/>
 <node id="411208776" visible="true" version="1" changeset="1321933" timestamp="2009-05-26T01:41:46Z" user="DrazziB" uid="53081" lat="47.3857650" lon="-1.7432422"/>
 <node id="411208777" visible="true" version="1" changeset="1321933" timestamp="2009-05-26T01:41:46Z" user="DrazziB" uid="53081" lat="47.3857843" lon="-1.7431140"/>
 <node id="411208778" visible="true" version="1" changeset="1321933" timestamp="2009-05-26T01:41:46Z" user="DrazziB" uid="53081" lat="47.3854721" lon="-1.7441977"/>
 <node id="411208779" visible="true" version="1" changeset="1321933" timestamp="2009-05-26T01:41:46Z" user="DrazziB" uid="53081" lat="47.3855152" lon="-1.7441198"/>
 <node id="411208780" visible="true" version="1" changeset="1321933" timestamp="2009-05-26T01:41:46Z" user="DrazziB" uid="53081" lat="47.3850342" lon="-1.7445527"/>
 <node id="411208781" visible="true" version="1" changeset="1321933" timestamp="2009-05-26T01:41:46Z" user="DrazziB" uid="53081" lat="47.3850331" lon="-1.7445004"/>
 <node id="411208782" visible="true" version="1" changeset="1321933" timestamp="2009-05-26T01:41:46Z" user="DrazziB" uid="53081" lat="47.3857462" lon="-1.7436504"/>
 <node id="411208783" visible="true" version="1" changeset="1321933" timestamp="2009-05-26T01:41:46Z" user="DrazziB" uid="53081" lat="47.3857664" lon="-1.7435098"/>
 <node id="411208784" visible="true" version="1" changeset="1321933" timestamp="2009-05-26T01:41:46Z" user="DrazziB" uid="53081" lat="47.3853502" lon="-1.7443790"/>
 <node id="411208785" visible="true" version="1" changeset="1321933" timestamp="2009-05-26T01:41:46Z" user="DrazziB" uid="53081" lat="47.3854336" lon="-1.7443412"/>
 <node id="411208786" visible="true" version="1" changeset="1321933" timestamp="2009-05-26T01:41:46Z" user="DrazziB" uid="53081" lat="47.3850668" lon="-1.7447865"/>
 <node id="411208787" visible="true" version="1" changeset="1321933" timestamp="2009-05-26T01:41:46Z" user="DrazziB" uid="53081" lat="47.3850664" lon="-1.7446849"/>
 <node id="411208788" visible="true" version="1" changeset="1321933" timestamp="2009-05-26T01:41:46Z" user="DrazziB" uid="53081" lat="47.3821929" lon="-1.7482654"/>
 <node id="411208789" visible="true" version="1" changeset="1321933" timestamp="2009-05-26T01:41:46Z" user="DrazziB" uid="53081" lat="47.3822735" lon="-1.7482157"/>
 <node id="411208790" visible="true" version="1" changeset="1321933" timestamp="2009-05-26T01:41:46Z" user="DrazziB" uid="53081" lat="47.3900930" lon="-1.7394318"/>
 <node id="411208791" visible="true" version="1" changeset="1321933" timestamp="2009-05-26T01:41:46Z" user="DrazziB" uid="53081" lat="47.3900105" lon="-1.7395125"/>
 <node id="411208792" visible="true" version="1" changeset="1321933" timestamp="2009-05-26T01:41:46Z" user="DrazziB" uid="53081" lat="47.3825647" lon="-1.7480952"/>
 <node id="411208793" visible="true" version="1" changeset="1321933" timestamp="2009-05-26T01:41:46Z" user="DrazziB" uid="53081" lat="47.3826698" lon="-1.7480221"/>
 <node id="411208794" visible="true" version="1" changeset="1321933" timestamp="2009-05-26T01:41:46Z" user="DrazziB" uid="53081" lat="47.3824317" lon="-1.7482133"/>
 <node id="411208795" visible="true" version="1" changeset="1321933" timestamp="2009-05-26T01:41:46Z" user="DrazziB" uid="53081" lat="47.3824852" lon="-1.7481855"/>
 <node id="411208796" visible="true" version="1" changeset="1321933" timestamp="2009-05-26T01:41:46Z" user="DrazziB" uid="53081" lat="47.3808653" lon="-1.7489189"/>
 <node id="411208797" visible="true" version="1" changeset="1321933" timestamp="2009-05-26T01:41:46Z" user="DrazziB" uid="53081" lat="47.3810730" lon="-1.7487261"/>
 <node id="411208798" visible="true" version="1" changeset="1321933" timestamp="2009-05-26T01:41:46Z" user="DrazziB" uid="53081" lat="47.3827390" lon="-1.7479274"/>
 <node id="411208799" visible="true" version="1" changeset="1321933" timestamp="2009-05-26T01:41:46Z" user="DrazziB" uid="53081" lat="47.3829349" lon="-1.7478365"/>
 <node id="411208800" visible="true" version="1" changeset="1321933" timestamp="2009-05-26T01:41:47Z" user="DrazziB" uid="53081" lat="47.3813175" lon="-1.7485622"/>
 <node id="411208801" visible="true" version="1" changeset="1321933" timestamp="2009-05-26T01:41:47Z" user="DrazziB" uid="53081" lat="47.3816766" lon="-1.7482454"/>
 <node id="411208802" visible="true" version="1" changeset="1321933" timestamp="2009-05-26T01:41:47Z" user="DrazziB" uid="53081" lat="47.3811833" lon="-1.7486425"/>
 <node id="411208803" visible="true" version="1" changeset="1321933" timestamp="2009-05-26T01:41:47Z" user="DrazziB" uid="53081" lat="47.3812178" lon="-1.7485980"/>
 <node id="411208804" visible="true" version="1" changeset="1321933" timestamp="2009-05-26T01:41:47Z" user="DrazziB" uid="53081" lat="47.3840461" lon="-1.7466981"/>
 <node id="411208805" visible="true" version="1" changeset="1321933" timestamp="2009-05-26T01:41:47Z" user="DrazziB" uid="53081" lat="47.3840425" lon="-1.7468145"/>
 <node id="411208806" visible="true" version="1" changeset="1321933" timestamp="2009-05-26T01:41:47Z" user="DrazziB" uid="53081" lat="47.3818068" lon="-1.7481669"/>
 <node id="411208807" visible="true" version="1" changeset="1321933" timestamp="2009-05-26T01:41:47Z" user="DrazziB" uid="53081" lat="47.3818901" lon="-1.7481603"/>
 <node id="411208808" visible="true" version="1" changeset="1321933" timestamp="2009-05-26T01:41:47Z" user="DrazziB" uid="53081" lat="47.3839821" lon="-1.7461582"/>
 <node id="411208809" visible="true" version="1" changeset="1321933" timestamp="2009-05-26T01:41:47Z" user="DrazziB" uid="53081" lat="47.3841098" lon="-1.7464275"/>
 <node id="411208810" visible="true" version="1" changeset="1321933" timestamp="2009-05-26T01:41:47Z" user="DrazziB" uid="53081" lat="47.3841212" lon="-1.7464958"/>
 <node id="411208811" visible="true" version="1" changeset="1321933" timestamp="2009-05-26T01:41:47Z" user="DrazziB" uid="53081" lat="47.3841084" lon="-1.7465514"/>
 <node id="411208812" visible="true" version="1" changeset="1321933" timestamp="2009-05-26T01:41:47Z" user="DrazziB" uid="53081" lat="47.3831284" lon="-1.7475708"/>
 <node id="411208813" visible="true" version="1" changeset="1321933" timestamp="2009-05-26T01:41:47Z" user="DrazziB" uid="53081" lat="47.3830032" lon="-1.7477620"/>
 <node id="411208814" visible="true" version="1" changeset="1321933" timestamp="2009-05-26T01:41:47Z" user="DrazziB" uid="53081" lat="47.3839512" lon="-1.7460167"/>
 <node id="411208815" visible="true" version="1" changeset="1321933" timestamp="2009-05-26T01:41:47Z" user="DrazziB" uid="53081" lat="47.3839601" lon="-1.7460862"/>
 <node id="411208816" visible="true" version="1" changeset="1321933" timestamp="2009-05-26T01:41:47Z" user="DrazziB" uid="53081" lat="47.3838034" lon="-1.7470586"/>
 <node id="411208817" visible="true" version="1" changeset="1321933" timestamp="2009-05-26T01:41:47Z" user="DrazziB" uid="53081" lat="47.3835749" lon="-1.7471788"/>
 <node id="411208818" visible="true" version="1" changeset="1321933" timestamp="2009-05-26T01:41:47Z" user="DrazziB" uid="53081" lat="47.3833628" lon="-1.7473308"/>
 <node id="411208819" visible="true" version="1" changeset="1321933" timestamp="2009-05-26T01:41:47Z" user="DrazziB" uid="53081" lat="47.3832368" lon="-1.7474465"/>
 <node id="411208820" visible="true" version="1" changeset="1321933" timestamp="2009-05-26T01:41:47Z" user="DrazziB" uid="53081" lat="47.3899184" lon="-1.7395569"/>
 <node id="411208821" visible="true" version="1" changeset="1321933" timestamp="2009-05-26T01:41:47Z" user="DrazziB" uid="53081" lat="47.3899496" lon="-1.7395506"/>
 <node id="411208822" visible="true" version="1" changeset="1321933" timestamp="2009-05-26T01:41:47Z" user="DrazziB" uid="53081" lat="47.3878796" lon="-1.7405138"/>
 <node id="411208823" visible="true" version="1" changeset="1321933" timestamp="2009-05-26T01:41:47Z" user="DrazziB" uid="53081" lat="47.3878108" lon="-1.7406376"/>
 <node id="411208824" visible="true" version="1" changeset="1321933" timestamp="2009-05-26T01:41:47Z" user="DrazziB" uid="53081" lat="47.3897807" lon="-1.7394587"/>
 <node id="411208825" visible="true" version="1" changeset="1321933" timestamp="2009-05-26T01:41:47Z" user="DrazziB" uid="53081" lat="47.3898117" lon="-1.7394437"/>
 <node id="411208826" visible="true" version="1" changeset="1321933" timestamp="2009-05-26T01:41:47Z" user="DrazziB" uid="53081" lat="47.3898393" lon="-1.7394574"/>
 <node id="411208827" visible="true" version="1" changeset="1321933" timestamp="2009-05-26T01:41:48Z" user="DrazziB" uid="53081" lat="47.3898915" lon="-1.7395396"/>
 <node id="411208828" visible="true" version="1" changeset="1321933" timestamp="2009-05-26T01:41:48Z" user="DrazziB" uid="53081" lat="47.3896429" lon="-1.7395873"/>
 <node id="411208829" visible="true" version="1" changeset="1321933" timestamp="2009-05-26T01:41:48Z" user="DrazziB" uid="53081" lat="47.3897134" lon="-1.7396377"/>
 <node id="411208830" visible="true" version="1" changeset="1321933" timestamp="2009-05-26T01:41:48Z" user="DrazziB" uid="53081" lat="47.3897349" lon="-1.7396147"/>
 <node id="411208831" visible="true" version="1" changeset="1321933" timestamp="2009-05-26T01:41:48Z" user="DrazziB" uid="53081" lat="47.3897627" lon="-1.7394964"/>
 <node id="411208832" visible="true" version="1" changeset="1321933" timestamp="2009-05-26T01:41:48Z" user="DrazziB" uid="53081" lat="47.3893655" lon="-1.7391696"/>
 <node id="411208833" visible="true" version="1" changeset="1321933" timestamp="2009-05-26T01:41:48Z" user="DrazziB" uid="53081" lat="47.3894492" lon="-1.7392369"/>
 <node id="411208834" visible="true" version="1" changeset="1321933" timestamp="2009-05-26T01:41:48Z" user="DrazziB" uid="53081" lat="47.3895191" lon="-1.7393314"/>
 <node id="411208835" visible="true" version="1" changeset="1321933" timestamp="2009-05-26T01:41:48Z" user="DrazziB" uid="53081" lat="47.3896115" lon="-1.7395436"/>
 <node id="411208836" visible="true" version="1" changeset="1321933" timestamp="2009-05-26T01:41:48Z" user="DrazziB" uid="53081" lat="47.3912395" lon="-1.7391635"/>
 <node id="411208837" visible="true" version="1" changeset="1321933" timestamp="2009-05-26T01:41:48Z" user="DrazziB" uid="53081" lat="47.3909178" lon="-1.7389540"/>
 <node id="411208838" visible="true" version="1" changeset="1321933" timestamp="2009-05-26T01:41:48Z" user="DrazziB" uid="53081" lat="47.3892032" lon="-1.7391985"/>
 <node id="411208839" visible="true" version="1" changeset="1321933" timestamp="2009-05-26T01:41:48Z" user="DrazziB" uid="53081" lat="47.3893210" lon="-1.7391611"/>
 <node id="411208840" visible="true" version="1" changeset="1321933" timestamp="2009-05-26T01:41:48Z" user="DrazziB" uid="53081" lat="47.3906177" lon="-1.7389855"/>
 <node id="411208841" visible="true" version="1" changeset="1321933" timestamp="2009-05-26T01:41:48Z" user="DrazziB" uid="53081" lat="47.3905857" lon="-1.7389729"/>
 <node id="411208842" visible="true" version="1" changeset="1321933" timestamp="2009-05-26T01:41:48Z" user="DrazziB" uid="53081" lat="47.3908040" lon="-1.7389192"/>
 <node id="411208843" visible="true" version="1" changeset="1321933" timestamp="2009-05-26T01:41:48Z" user="DrazziB" uid="53081" lat="47.3907174" lon="-1.7389337"/>
 <node id="411208844" visible="true" version="1" changeset="1321933" timestamp="2009-05-26T01:41:48Z" user="DrazziB" uid="53081" lat="47.3903242" lon="-1.7388442"/>
 <node id="411208845" visible="true" version="1" changeset="1321933" timestamp="2009-05-26T01:41:49Z" user="DrazziB" uid="53081" lat="47.3902812" lon="-1.7388916"/>
 <node id="411208846" visible="true" version="1" changeset="1321933" timestamp="2009-05-26T01:41:49Z" user="DrazziB" uid="53081" lat="47.3904509" lon="-1.7388343"/>
 <node id="411208847" visible="true" version="1" changeset="1321933" timestamp="2009-05-26T01:41:49Z" user="DrazziB" uid="53081" lat="47.3904050" lon="-1.7388105"/>
 <node id="411208848" visible="true" version="1" changeset="1321933" timestamp="2009-05-26T01:41:49Z" user="DrazziB" uid="53081" lat="47.3902084" lon="-1.7392674"/>
 <node id="411208849" visible="true" version="1" changeset="1321933" timestamp="2009-05-26T01:41:49Z" user="DrazziB" uid="53081" lat="47.3901332" lon="-1.7393515"/>
 <node id="411208850" visible="true" version="1" changeset="1321933" timestamp="2009-05-26T01:41:49Z" user="DrazziB" uid="53081" lat="47.3902515" lon="-1.7389539"/>
 <node id="411208851" visible="true" version="1" changeset="1321933" timestamp="2009-05-26T01:41:49Z" user="DrazziB" uid="53081" lat="47.3902201" lon="-1.7391168"/>
 <node id="411208852" visible="true" version="1" changeset="1321933" timestamp="2009-05-26T01:41:49Z" user="DrazziB" uid="53081" lat="47.3872240" lon="-1.7419512"/>
 <node id="411208853" visible="true" version="1" changeset="1321933" timestamp="2009-05-26T01:41:49Z" user="DrazziB" uid="53081" lat="47.3873121" lon="-1.7418390"/>
 <node id="411208854" visible="true" version="1" changeset="1321933" timestamp="2009-05-26T01:41:49Z" user="DrazziB" uid="53081" lat="47.3943101" lon="-1.7393069"/>
 <node id="411208855" visible="true" version="1" changeset="1321933" timestamp="2009-05-26T01:41:49Z" user="DrazziB" uid="53081" lat="47.3942863" lon="-1.7393123"/>
 <node id="411208856" visible="true" version="1" changeset="1321933" timestamp="2009-05-26T01:41:49Z" user="DrazziB" uid="53081" lat="47.3864046" lon="-1.7428867"/>
 <node id="411208857" visible="true" version="1" changeset="1321933" timestamp="2009-05-26T01:41:49Z" user="DrazziB" uid="53081" lat="47.3865150" lon="-1.7426146"/>
 <node id="411208858" visible="true" version="1" changeset="1321933" timestamp="2009-05-26T01:41:49Z" user="DrazziB" uid="53081" lat="47.3874048" lon="-1.7416482"/>
 <node id="411208859" visible="true" version="1" changeset="1321933" timestamp="2009-05-26T01:41:49Z" user="DrazziB" uid="53081" lat="47.3875596" lon="-1.7411505"/>
 <node id="411208860" visible="true" version="1" changeset="1321933" timestamp="2009-05-26T01:41:49Z" user="DrazziB" uid="53081" lat="47.3861041" lon="-1.7431377"/>
 <node id="411208861" visible="true" version="1" changeset="1321933" timestamp="2009-05-26T01:41:49Z" user="DrazziB" uid="53081" lat="47.3861429" lon="-1.7431545"/>
 <node id="411208862" visible="true" version="1" changeset="1321933" timestamp="2009-05-26T01:41:49Z" user="DrazziB" uid="53081" lat="47.3865472" lon="-1.7425656"/>
 <node id="411208863" visible="true" version="1" changeset="1321933" timestamp="2009-05-26T01:41:49Z" user="DrazziB" uid="53081" lat="47.3871208" lon="-1.7420600"/>
 <node id="411208864" visible="true" version="1" changeset="1321933" timestamp="2009-05-26T01:41:49Z" user="DrazziB" uid="53081" lat="47.3858623" lon="-1.7430228"/>
 <node id="411208865" visible="true" version="1" changeset="1321933" timestamp="2009-05-26T01:41:49Z" user="DrazziB" uid="53081" lat="47.3859022" lon="-1.7429932"/>
 <node id="411208866" visible="true" version="1" changeset="1321933" timestamp="2009-05-26T01:41:49Z" user="DrazziB" uid="53081" lat="47.3861781" lon="-1.7431318"/>
 <node id="411208867" visible="true" version="1" changeset="1321933" timestamp="2009-05-26T01:41:49Z" user="DrazziB" uid="53081" lat="47.3862352" lon="-1.7430332"/>
 <node id="411208868" visible="true" version="1" changeset="1321933" timestamp="2009-05-26T01:41:49Z" user="DrazziB" uid="53081" lat="47.3890643" lon="-1.7394003"/>
 <node id="411208869" visible="true" version="1" changeset="1321933" timestamp="2009-05-26T01:41:49Z" user="DrazziB" uid="53081" lat="47.3888480" lon="-1.7394671"/>
 <node id="411208870" visible="true" version="1" changeset="1321933" timestamp="2009-05-26T01:41:49Z" user="DrazziB" uid="53081" lat="47.3859626" lon="-1.7429805"/>
 <node id="411208871" visible="true" version="1" changeset="1321933" timestamp="2009-05-26T01:41:50Z" user="DrazziB" uid="53081" lat="47.3859953" lon="-1.7430025"/>
 <node id="411208872" visible="true" version="1" changeset="1321933" timestamp="2009-05-26T01:41:50Z" user="DrazziB" uid="53081" lat="47.3888476" lon="-1.7399927"/>
 <node id="411208873" visible="true" version="1" changeset="1321933" timestamp="2009-05-26T01:41:50Z" user="DrazziB" uid="53081" lat="47.3887253" lon="-1.7400725"/>
 <node id="411208874" visible="true" version="1" changeset="1321933" timestamp="2009-05-26T01:41:50Z" user="DrazziB" uid="53081" lat="47.3891793" lon="-1.7392213"/>
 <node id="411208875" visible="true" version="1" changeset="1321933" timestamp="2009-05-26T01:41:50Z" user="DrazziB" uid="53081" lat="47.3891217" lon="-1.7393612"/>
 <node id="411208876" visible="true" version="1" changeset="1321933" timestamp="2009-05-26T01:41:50Z" user="DrazziB" uid="53081" lat="47.3885920" lon="-1.7402696"/>
 <node id="411208877" visible="true" version="1" changeset="1321933" timestamp="2009-05-26T01:41:50Z" user="DrazziB" uid="53081" lat="47.3879144" lon="-1.7404897"/>
 <node id="411208878" visible="true" version="1" changeset="1321933" timestamp="2009-05-26T01:41:50Z" user="DrazziB" uid="53081" lat="47.3888324" lon="-1.7394899"/>
 <node id="411208879" visible="true" version="1" changeset="1321933" timestamp="2009-05-26T01:41:50Z" user="DrazziB" uid="53081" lat="47.3888660" lon="-1.7399469"/>
 <node id="411208880" visible="true" version="1" changeset="1321933" timestamp="2009-05-26T01:41:50Z" user="DrazziB" uid="53081" lat="47.3877485" lon="-1.7406886"/>
 <node id="411208881" visible="true" version="1" changeset="1321933" timestamp="2009-05-26T01:41:50Z" user="DrazziB" uid="53081" lat="47.3877139" lon="-1.7407512"/>
 <node id="411208882" visible="true" version="1" changeset="1321933" timestamp="2009-05-26T01:41:50Z" user="DrazziB" uid="53081" lat="47.3886622" lon="-1.7402032"/>
 <node id="411208883" visible="true" version="1" changeset="1321933" timestamp="2009-05-26T01:41:50Z" user="DrazziB" uid="53081" lat="47.3886296" lon="-1.7402486"/>
 <node id="411208884" visible="true" version="1" changeset="1321933" timestamp="2009-05-26T01:41:50Z" user="DrazziB" uid="53081" lat="47.3943910" lon="-1.7392166"/>
 <node id="411208885" visible="true" version="1" changeset="1321933" timestamp="2009-05-26T01:41:50Z" user="DrazziB" uid="53081" lat="47.3944300" lon="-1.7392262"/>
 <node id="411208886" visible="true" version="1" changeset="1321933" timestamp="2009-05-26T01:41:50Z" user="DrazziB" uid="53081" lat="47.3925538" lon="-1.7392538"/>
 <node id="411208887" visible="true" version="1" changeset="1321933" timestamp="2009-05-26T01:41:50Z" user="DrazziB" uid="53081" lat="47.3925075" lon="-1.7392409"/>
 <node id="411208888" visible="true" version="1" changeset="1321933" timestamp="2009-05-26T01:41:50Z" user="DrazziB" uid="53081" lat="47.3946340" lon="-1.7391315"/>
 <node id="411208889" visible="true" version="1" changeset="1321933" timestamp="2009-05-26T01:41:50Z" user="DrazziB" uid="53081" lat="47.3946558" lon="-1.7391267"/>
 <node id="411208890" visible="true" version="1" changeset="1321933" timestamp="2009-05-26T01:41:50Z" user="DrazziB" uid="53081" lat="47.3945017" lon="-1.7392135"/>
 <node id="411208891" visible="true" version="1" changeset="1321933" timestamp="2009-05-26T01:41:50Z" user="DrazziB" uid="53081" lat="47.3946004" lon="-1.7391768"/>
 <node id="411208892" visible="true" version="1" changeset="1321933" timestamp="2009-05-26T01:41:50Z" user="DrazziB" uid="53081" lat="47.3949111" lon="-1.7390824"/>
 <node id="411208894" visible="true" version="1" changeset="1321933" timestamp="2009-05-26T01:41:50Z" user="DrazziB" uid="53081" lat="47.3950129" lon="-1.7390692"/>
 <node id="411208896" visible="true" version="1" changeset="1321933" timestamp="2009-05-26T01:41:50Z" user="DrazziB" uid="53081" lat="47.3947254" lon="-1.7391617"/>
 <node id="411208898" visible="true" version="1" changeset="1321933" timestamp="2009-05-26T01:41:50Z" user="DrazziB" uid="53081" lat="47.3947470" lon="-1.7391612"/>
 <node id="411208899" visible="true" version="1" changeset="1321933" timestamp="2009-05-26T01:41:50Z" user="DrazziB" uid="53081" lat="47.3954038" lon="-1.7389178"/>
 <node id="411208900" visible="true" version="1" changeset="1321933" timestamp="2009-05-26T01:41:50Z" user="DrazziB" uid="53081" lat="47.3955239" lon="-1.7389154"/>
 <node id="411208901" visible="true" version="1" changeset="1321933" timestamp="2009-05-26T01:41:51Z" user="DrazziB" uid="53081" lat="47.3950663" lon="-1.7390450"/>
 <node id="411208902" visible="true" version="1" changeset="1321933" timestamp="2009-05-26T01:41:51Z" user="DrazziB" uid="53081" lat="47.3951527" lon="-1.7389820"/>
 <node id="411208903" visible="true" version="1" changeset="1321933" timestamp="2009-05-26T01:41:51Z" user="DrazziB" uid="53081" lat="47.3933197" lon="-1.7398329"/>
 <node id="411208904" visible="true" version="1" changeset="1321933" timestamp="2009-05-26T01:41:51Z" user="DrazziB" uid="53081" lat="47.3933313" lon="-1.7397707"/>
 <node id="411208906" visible="true" version="1" changeset="1321933" timestamp="2009-05-26T01:41:51Z" user="DrazziB" uid="53081" lat="47.3956711" lon="-1.7389796"/>
 <node id="411208908" visible="true" version="1" changeset="1321933" timestamp="2009-05-26T01:41:51Z" user="DrazziB" uid="53081" lat="47.3957123" lon="-1.7389820"/>
 <node id="411208909" visible="true" version="1" changeset="1321933" timestamp="2009-05-26T01:41:51Z" user="DrazziB" uid="53081" lat="47.3935869" lon="-1.7400099"/>
 <node id="411208911" visible="true" version="1" changeset="1321933" timestamp="2009-05-26T01:41:51Z" user="DrazziB" uid="53081" lat="47.3935162" lon="-1.7400219"/>
 <node id="411208913" visible="true" version="1" changeset="1321933" timestamp="2009-05-26T01:41:51Z" user="DrazziB" uid="53081" lat="47.3934322" lon="-1.7399785"/>
 <node id="411208915" visible="true" version="1" changeset="1321933" timestamp="2009-05-26T01:41:51Z" user="DrazziB" uid="53081" lat="47.3933316" lon="-1.7398730"/>
 <node id="411208917" visible="true" version="1" changeset="1321933" timestamp="2009-05-26T01:41:51Z" user="DrazziB" uid="53081" lat="47.3938324" lon="-1.7394937"/>
 <node id="411208918" visible="true" version="1" changeset="1321933" timestamp="2009-05-26T01:41:51Z" user="DrazziB" uid="53081" lat="47.3938235" lon="-1.7395213"/>
 <node id="411208920" visible="true" version="1" changeset="1321933" timestamp="2009-05-26T01:41:51Z" user="DrazziB" uid="53081" lat="47.3937505" lon="-1.7395976"/>
 <node id="411208922" visible="true" version="1" changeset="1321933" timestamp="2009-05-26T01:41:51Z" user="DrazziB" uid="53081" lat="47.3936999" lon="-1.7397772"/>
 <node id="411208924" visible="true" version="1" changeset="1321933" timestamp="2009-05-26T01:41:51Z" user="DrazziB" uid="53081" lat="47.3941861" lon="-1.7392525"/>
 <node id="411208925" visible="true" version="1" changeset="1321933" timestamp="2009-05-26T01:41:51Z" user="DrazziB" uid="53081" lat="47.3941010" lon="-1.7392532"/>
 <node id="411208927" visible="true" version="1" changeset="1321933" timestamp="2009-05-26T01:41:51Z" user="DrazziB" uid="53081" lat="47.3938322" lon="-1.7393443"/>
 <node id="411208929" visible="true" version="1" changeset="1321933" timestamp="2009-05-26T01:41:51Z" user="DrazziB" uid="53081" lat="47.3938195" lon="-1.7393694"/>
 <node id="411208931" visible="true" version="1" changeset="1321933" timestamp="2009-05-26T01:41:51Z" user="DrazziB" uid="53081" lat="47.3928073" lon="-1.7389412"/>
 <node id="411208933" visible="true" version="1" changeset="1321933" timestamp="2009-05-26T01:41:51Z" user="DrazziB" uid="53081" lat="47.3928489" lon="-1.7389182"/>
 <node id="411208935" visible="true" version="1" changeset="1321933" timestamp="2009-05-26T01:41:51Z" user="DrazziB" uid="53081" lat="47.3981579" lon="-1.7386368"/>
 <node id="411208937" visible="true" version="1" changeset="1321933" timestamp="2009-05-26T01:41:51Z" user="DrazziB" uid="53081" lat="47.3981958" lon="-1.7385526"/>
 <node id="411208938" visible="true" version="1" changeset="1321933" timestamp="2009-05-26T01:41:51Z" user="DrazziB" uid="53081" lat="47.3933609" lon="-1.7389878"/>
 <node id="411208940" visible="true" version="1" changeset="1321933" timestamp="2009-05-26T01:41:51Z" user="DrazziB" uid="53081" lat="47.3933837" lon="-1.7390099"/>
 <node id="411208942" visible="true" version="1" changeset="1321933" timestamp="2009-05-26T01:41:51Z" user="DrazziB" uid="53081" lat="47.3927259" lon="-1.7391285"/>
 <node id="411208944" visible="true" version="1" changeset="1321933" timestamp="2009-05-26T01:41:51Z" user="DrazziB" uid="53081" lat="47.3927739" lon="-1.7389937"/>
 <node id="411208946" visible="true" version="1" changeset="1321933" timestamp="2009-05-26T01:41:51Z" user="DrazziB" uid="53081" lat="47.3933904" lon="-1.7392518"/>
 <node id="411208948" visible="true" version="1" changeset="1321933" timestamp="2009-05-26T01:41:52Z" user="DrazziB" uid="53081" lat="47.3933201" lon="-1.7393632"/>
 <node id="411208950" visible="true" version="1" changeset="1321933" timestamp="2009-05-26T01:41:52Z" user="DrazziB" uid="53081" lat="47.3930694" lon="-1.7388582"/>
 <node id="411208951" visible="true" version="1" changeset="1321933" timestamp="2009-05-26T01:41:52Z" user="DrazziB" uid="53081" lat="47.3931017" lon="-1.7388622"/>
 <node id="411208953" visible="true" version="1" changeset="1321933" timestamp="2009-05-26T01:41:52Z" user="DrazziB" uid="53081" lat="47.3933166" lon="-1.7395449"/>
 <node id="411208955" visible="true" version="1" changeset="1321933" timestamp="2009-05-26T01:41:52Z" user="DrazziB" uid="53081" lat="47.3933914" lon="-1.7396709"/>
 <node id="411208957" visible="true" version="1" changeset="1321933" timestamp="2009-05-26T01:41:52Z" user="DrazziB" uid="53081" lat="47.3933949" lon="-1.7390390"/>
 <node id="411208959" visible="true" version="1" changeset="1321933" timestamp="2009-05-26T01:41:52Z" user="DrazziB" uid="53081" lat="47.3934068" lon="-1.7392038"/>
 <node id="411208961" visible="true" version="1" changeset="1321933" timestamp="2009-05-26T01:41:52Z" user="DrazziB" uid="53081" lat="47.3914658" lon="-1.7389082"/>
 <node id="411208963" visible="true" version="1" changeset="1321933" timestamp="2009-05-26T01:41:52Z" user="DrazziB" uid="53081" lat="47.3914209" lon="-1.7389541"/>
 <node id="411208964" visible="true" version="1" changeset="1321933" timestamp="2009-05-26T01:41:52Z" user="DrazziB" uid="53081" lat="47.3933052" lon="-1.7394222"/>
 <node id="411208966" visible="true" version="1" changeset="1321933" timestamp="2009-05-26T01:41:52Z" user="DrazziB" uid="53081" lat="47.3933029" lon="-1.7394887"/>
 <node id="411208967" visible="true" version="1" changeset="1321933" timestamp="2009-05-26T01:41:52Z" user="DrazziB" uid="53081" lat="47.3919400" lon="-1.7389053"/>
 <node id="411208969" visible="true" version="1" changeset="1321933" timestamp="2009-05-26T01:41:52Z" user="DrazziB" uid="53081" lat="47.3918727" lon="-1.7389031"/>
 <node id="411208971" visible="true" version="1" changeset="1321933" timestamp="2009-05-26T01:41:52Z" user="DrazziB" uid="53081" lat="47.3913462" lon="-1.7390919"/>
 <node id="411208973" visible="true" version="1" changeset="1321933" timestamp="2009-05-26T01:41:52Z" user="DrazziB" uid="53081" lat="47.3913040" lon="-1.7391460"/>
 <node id="411208975" visible="true" version="1" changeset="1321933" timestamp="2009-05-26T01:41:52Z" user="DrazziB" uid="53081" lat="47.3923412" lon="-1.7391035"/>
 <node id="411208977" visible="true" version="1" changeset="1321933" timestamp="2009-05-26T01:41:52Z" user="DrazziB" uid="53081" lat="47.3921474" lon="-1.7390633"/>
 <node id="411208978" visible="true" version="1" changeset="1321933" timestamp="2009-05-26T01:41:52Z" user="DrazziB" uid="53081" lat="47.3916910" lon="-1.7389392"/>
 <node id="411208980" visible="true" version="1" changeset="1321933" timestamp="2009-05-26T01:41:52Z" user="DrazziB" uid="53081" lat="47.3915156" lon="-1.7388910"/>
 <node id="411208982" visible="true" version="1" changeset="1321933" timestamp="2009-05-26T01:41:52Z" user="DrazziB" uid="53081" lat="47.3926967" lon="-1.7391763"/>
 <node id="411208984" visible="true" version="1" changeset="1321933" timestamp="2009-05-26T01:41:52Z" user="DrazziB" uid="53081" lat="47.3926073" lon="-1.7392412"/>
 <node id="411208986" visible="true" version="1" changeset="1321933" timestamp="2009-05-26T01:41:52Z" user="DrazziB" uid="53081" lat="47.3921044" lon="-1.7390411"/>
 <node id="411208988" visible="true" version="1" changeset="1321933" timestamp="2009-05-26T01:41:52Z" user="DrazziB" uid="53081" lat="47.3919824" lon="-1.7389296"/>
 <node id="411208990" visible="true" version="1" changeset="1321933" timestamp="2009-05-26T01:41:52Z" user="DrazziB" uid="53081" lat="47.3988905" lon="-1.7376508"/>
 <node id="411208992" visible="true" version="1" changeset="1321933" timestamp="2009-05-26T01:41:52Z" user="DrazziB" uid="53081" lat="47.3989517" lon="-1.7375598"/>
 <node id="411208993" visible="true" version="1" changeset="1321933" timestamp="2009-05-26T01:41:52Z" user="DrazziB" uid="53081" lat="47.3965144" lon="-1.7391796"/>
 <node id="411208995" visible="true" version="1" changeset="1321933" timestamp="2009-05-26T01:41:52Z" user="DrazziB" uid="53081" lat="47.3964821" lon="-1.7391315"/>
 <node id="411208997" visible="true" version="1" changeset="1321933" timestamp="2009-05-26T01:41:53Z" user="DrazziB" uid="53081" lat="47.3983733" lon="-1.7385234"/>
 <node id="411208998" visible="true" version="1" changeset="1321933" timestamp="2009-05-26T01:41:53Z" user="DrazziB" uid="53081" lat="47.3984812" lon="-1.7382547"/>
 <node id="411208999" visible="true" version="1" changeset="1321933" timestamp="2009-05-26T01:41:53Z" user="DrazziB" uid="53081" lat="47.3990187" lon="-1.7374859"/>
 <node id="411209000" visible="true" version="1" changeset="1321933" timestamp="2009-05-26T01:41:53Z" user="DrazziB" uid="53081" lat="47.3991005" lon="-1.7374276"/>
 <node id="411209001" visible="true" version="1" changeset="1321933" timestamp="2009-05-26T01:41:53Z" user="DrazziB" uid="53081" lat="47.3998162" lon="-1.7373105"/>
 <node id="411209002" visible="true" version="1" changeset="1321933" timestamp="2009-05-26T01:41:53Z" user="DrazziB" uid="53081" lat="47.3998660" lon="-1.7372802"/>
 <node id="411209004" visible="true" version="1" changeset="1321933" timestamp="2009-05-26T01:41:53Z" user="DrazziB" uid="53081" lat="47.3985407" lon="-1.7381701"/>
 <node id="411209006" visible="true" version="1" changeset="1321933" timestamp="2009-05-26T01:41:53Z" user="DrazziB" uid="53081" lat="47.3986964" lon="-1.7379956"/>
 <node id="411209015" visible="true" version="1" changeset="1321933" timestamp="2009-05-26T01:41:53Z" user="DrazziB" uid="53081" lat="47.3991940" lon="-1.7373826"/>
 <node id="411209017" visible="true" version="1" changeset="1321933" timestamp="2009-05-26T01:41:53Z" user="DrazziB" uid="53081" lat="47.3995417" lon="-1.7373562"/>
 <node id="411209019" visible="true" version="1" changeset="1321933" timestamp="2009-05-26T01:41:53Z" user="DrazziB" uid="53081" lat="47.3999042" lon="-1.7372991"/>
 <node id="411209021" visible="true" version="1" changeset="1321933" timestamp="2009-05-26T01:41:53Z" user="DrazziB" uid="53081" lat="47.3999350" lon="-1.7373464"/>
 <node id="411209023" visible="true" version="1" changeset="1321933" timestamp="2009-05-26T01:41:53Z" user="DrazziB" uid="53081" lat="47.3980451" lon="-1.7382380"/>
 <node id="411209025" visible="true" version="1" changeset="1321933" timestamp="2009-05-26T01:41:53Z" user="DrazziB" uid="53081" lat="47.3980753" lon="-1.7381200"/>
 <node id="411209027" visible="true" version="1" changeset="1321933" timestamp="2009-05-26T01:41:53Z" user="DrazziB" uid="53081" lat="47.3997172" lon="-1.7373986"/>
 <node id="411209028" visible="true" version="1" changeset="1321933" timestamp="2009-05-26T01:41:53Z" user="DrazziB" uid="53081" lat="47.3997675" lon="-1.7373662"/>
 <node id="411209030" visible="true" version="1" changeset="1321933" timestamp="2009-05-26T01:41:53Z" user="DrazziB" uid="53081" lat="47.3980400" lon="-1.7378780"/>
 <node id="411209032" visible="true" version="1" changeset="1321933" timestamp="2009-05-26T01:41:54Z" user="DrazziB" uid="53081" lat="47.3980098" lon="-1.7378562"/>
 <node id="411209034" visible="true" version="1" changeset="1321933" timestamp="2009-05-26T01:41:54Z" user="DrazziB" uid="53081" lat="47.3980645" lon="-1.7383418"/>
 <node id="411209036" visible="true" version="1" changeset="1321933" timestamp="2009-05-26T01:41:54Z" user="DrazziB" uid="53081" lat="47.3980439" lon="-1.7382851"/>
 <node id="411209038" visible="true" version="1" changeset="1321933" timestamp="2009-05-26T01:41:54Z" user="DrazziB" uid="53081" lat="47.3981906" lon="-1.7387125"/>
 <node id="411209040" visible="true" version="1" changeset="1321933" timestamp="2009-05-26T01:41:54Z" user="DrazziB" uid="53081" lat="47.3981546" lon="-1.7386742"/>
 <node id="411209042" visible="true" version="1" changeset="1321933" timestamp="2009-05-26T01:41:54Z" user="DrazziB" uid="53081" lat="47.3980780" lon="-1.7380716"/>
 <node id="411209043" visible="true" version="1" changeset="1321933" timestamp="2009-05-26T01:41:54Z" user="DrazziB" uid="53081" lat="47.3980594" lon="-1.7379281"/>
 <node id="411209045" visible="true" version="1" changeset="1321933" timestamp="2009-05-26T01:41:54Z" user="DrazziB" uid="53081" lat="47.3982007" lon="-1.7385095"/>
 <node id="411209047" visible="true" version="1" changeset="1321933" timestamp="2009-05-26T01:41:54Z" user="DrazziB" uid="53081" lat="47.3981870" lon="-1.7384802"/>
 <node id="411209049" visible="true" version="1" changeset="1321933" timestamp="2009-05-26T01:41:54Z" user="DrazziB" uid="53081" lat="47.3983059" lon="-1.7386379"/>
 <node id="411209051" visible="true" version="1" changeset="1321933" timestamp="2009-05-26T01:41:54Z" user="DrazziB" uid="53081" lat="47.3982127" lon="-1.7387142"/>
 <node id="411209053" visible="true" version="1" changeset="1321933" timestamp="2009-05-26T01:41:54Z" user="DrazziB" uid="53081" lat="47.3972210" lon="-1.7388595"/>
 <node id="411209055" visible="true" version="1" changeset="1321933" timestamp="2009-05-26T01:41:54Z" user="DrazziB" uid="53081" lat="47.3973226" lon="-1.7386983"/>
 <node id="411209057" visible="true" version="1" changeset="1321933" timestamp="2009-05-26T01:41:54Z" user="DrazziB" uid="53081" lat="47.4028000" lon="-1.7362043"/>
 <node id="411209059" visible="true" version="1" changeset="1321933" timestamp="2009-05-26T01:41:54Z" user="DrazziB" uid="53081" lat="47.4028395" lon="-1.7361870"/>
 <node id="411209061" visible="true" version="1" changeset="1321933" timestamp="2009-05-26T01:41:54Z" user="DrazziB" uid="53081" lat="47.3972405" lon="-1.7393685"/>
 <node id="411209063" visible="true" version="1" changeset="1321933" timestamp="2009-05-26T01:41:54Z" user="DrazziB" uid="53081" lat="47.3972444" lon="-1.7392840"/>
 <node id="411209064" visible="true" version="1" changeset="1321933" timestamp="2009-05-26T01:41:54Z" user="DrazziB" uid="53081" lat="47.3972035" lon="-1.7390496"/>
 <node id="411209066" visible="true" version="1" changeset="1321933" timestamp="2009-05-26T01:41:54Z" user="DrazziB" uid="53081" lat="47.3971950" lon="-1.7389423"/>
 <node id="411209068" visible="true" version="1" changeset="1321933" timestamp="2009-05-26T01:41:54Z" user="DrazziB" uid="53081" lat="47.3978982" lon="-1.7380231"/>
 <node id="411209070" visible="true" version="1" changeset="1321933" timestamp="2009-05-26T01:41:54Z" user="DrazziB" uid="53081" lat="47.3979763" lon="-1.7378710"/>
 <node id="411209072" visible="true" version="1" changeset="1321933" timestamp="2009-05-26T01:41:54Z" user="DrazziB" uid="53081" lat="47.3971486" lon="-1.7396044"/>
 <node id="411209075" visible="true" version="1" changeset="1321933" timestamp="2009-05-26T01:41:54Z" user="DrazziB" uid="53081" lat="47.3971673" lon="-1.7395739"/>
 <node id="411209076" visible="true" version="1" changeset="1321933" timestamp="2009-05-26T01:41:54Z" user="DrazziB" uid="53081" lat="47.3974273" lon="-1.7384337"/>
 <node id="411209078" visible="true" version="1" changeset="1321933" timestamp="2009-05-26T01:41:54Z" user="DrazziB" uid="53081" lat="47.3975307" lon="-1.7382908"/>
 <node id="411209079" visible="true" version="1" changeset="1321933" timestamp="2009-05-26T01:41:54Z" user="DrazziB" uid="53081" lat="47.3976890" lon="-1.7381398"/>
 <node id="411209081" visible="true" version="1" changeset="1321933" timestamp="2009-05-26T01:41:54Z" user="DrazziB" uid="53081" lat="47.3978618" lon="-1.7380522"/>
 <node id="411209083" visible="true" version="1" changeset="1321933" timestamp="2009-05-26T01:41:55Z" user="DrazziB" uid="53081" lat="47.3963721" lon="-1.7390730"/>
 <node id="411209084" visible="true" version="1" changeset="1321933" timestamp="2009-05-26T01:41:55Z" user="DrazziB" uid="53081" lat="47.3963262" lon="-1.7390347"/>
 <node id="411209085" visible="true" version="1" changeset="1321933" timestamp="2009-05-26T01:41:55Z" user="DrazziB" uid="53081" lat="47.3973472" lon="-1.7386437"/>
 <node id="411209086" visible="true" version="1" changeset="1321933" timestamp="2009-05-26T01:41:55Z" user="DrazziB" uid="53081" lat="47.3973848" lon="-1.7385117"/>
 <node id="411209087" visible="true" version="1" changeset="1321933" timestamp="2009-05-26T01:41:55Z" user="DrazziB" uid="53081" lat="47.3959140" lon="-1.7385899"/>
 <node id="411209088" visible="true" version="1" changeset="1321933" timestamp="2009-05-26T01:41:55Z" user="DrazziB" uid="53081" lat="47.3958603" lon="-1.7386076"/>
 <node id="411209090" visible="true" version="1" changeset="1321933" timestamp="2009-05-26T01:41:55Z" user="DrazziB" uid="53081" lat="47.3961136" lon="-1.7387582"/>
 <node id="411209092" visible="true" version="1" changeset="1321933" timestamp="2009-05-26T01:41:55Z" user="DrazziB" uid="53081" lat="47.3960231" lon="-1.7386193"/>
 <node id="411209093" visible="true" version="1" changeset="1321933" timestamp="2009-05-26T01:41:55Z" user="DrazziB" uid="53081" lat="47.3970480" lon="-1.7396518"/>
 <node id="411209095" visible="true" version="1" changeset="1321933" timestamp="2009-05-26T01:41:55Z" user="DrazziB" uid="53081" lat="47.3969449" lon="-1.7396765"/>
 <node id="411209097" visible="true" version="1" changeset="1321933" timestamp="2009-05-26T01:41:55Z" user="DrazziB" uid="53081" lat="47.3958238" lon="-1.7386787"/>
 <node id="411209099" visible="true" version="1" changeset="1321933" timestamp="2009-05-26T01:41:55Z" user="DrazziB" uid="53081" lat="47.3957373" lon="-1.7389556"/>
 <node id="411209101" visible="true" version="1" changeset="1321933" timestamp="2009-05-26T01:41:55Z" user="DrazziB" uid="53081" lat="47.3965747" lon="-1.7394764"/>
 <node id="411209103" visible="true" version="1" changeset="1321933" timestamp="2009-05-26T01:41:55Z" user="DrazziB" uid="53081" lat="47.3965362" lon="-1.7393959"/>
 <node id="411209105" visible="true" version="1" changeset="1321933" timestamp="2009-05-26T01:41:55Z" user="DrazziB" uid="53081" lat="47.3967203" lon="-1.7396862"/>
 <node id="411209106" visible="true" version="1" changeset="1321933" timestamp="2009-05-26T01:41:55Z" user="DrazziB" uid="53081" lat="47.3966855" lon="-1.7396545"/>
 <node id="411209108" visible="true" version="1" changeset="1321933" timestamp="2009-05-26T01:41:55Z" user="DrazziB" uid="53081" lat="47.4040507" lon="-1.7347220"/>
 <node id="411209110" visible="true" version="1" changeset="1321933" timestamp="2009-05-26T01:41:55Z" user="DrazziB" uid="53081" lat="47.4039877" lon="-1.7347382"/>
 <node id="411209112" visible="true" version="1" changeset="1321933" timestamp="2009-05-26T01:41:55Z" user="DrazziB" uid="53081" lat="47.4004374" lon="-1.7376161"/>
 <node id="411209114" visible="true" version="1" changeset="1321933" timestamp="2009-05-26T01:41:55Z" user="DrazziB" uid="53081" lat="47.4004612" lon="-1.7376389"/>
 <node id="411209116" visible="true" version="1" changeset="1321933" timestamp="2009-05-26T01:41:55Z" user="DrazziB" uid="53081" lat="47.4044622" lon="-1.7342509"/>
 <node id="411209118" visible="true" version="1" changeset="1321933" timestamp="2009-05-26T01:41:55Z" user="DrazziB" uid="53081" lat="47.4042320" lon="-1.7346147"/>
 <node id="411209119" visible="true" version="1" changeset="1321933" timestamp="2009-05-26T01:41:55Z" user="DrazziB" uid="53081" lat="47.4041868" lon="-1.7347128"/>
 <node id="411209121" visible="true" version="1" changeset="1321933" timestamp="2009-05-26T01:41:55Z" user="DrazziB" uid="53081" lat="47.4041652" lon="-1.7347249"/>
 <node id="411209123" visible="true" version="1" changeset="1321933" timestamp="2009-05-26T01:41:55Z" user="DrazziB" uid="53081" lat="47.4031854" lon="-1.7353302"/>
 <node id="411209125" visible="true" version="1" changeset="1321933" timestamp="2009-05-26T01:41:55Z" user="DrazziB" uid="53081" lat="47.4031552" lon="-1.7353903"/>
 <node id="411209127" visible="true" version="1" changeset="1321933" timestamp="2009-05-26T01:41:56Z" user="DrazziB" uid="53081" lat="47.4045469" lon="-1.7342073"/>
 <node id="411209129" visible="true" version="1" changeset="1321933" timestamp="2009-05-26T01:41:56Z" user="DrazziB" uid="53081" lat="47.4044989" lon="-1.7342145"/>
 <node id="411209131" visible="true" version="1" changeset="1321933" timestamp="2009-05-26T01:41:56Z" user="DrazziB" uid="53081" lat="47.4035668" lon="-1.7351832"/>
 <node id="411209133" visible="true" version="1" changeset="1321933" timestamp="2009-05-26T01:41:56Z" user="DrazziB" uid="53081" lat="47.4035077" lon="-1.7352258"/>
 <node id="411209135" visible="true" version="1" changeset="1321933" timestamp="2009-05-26T01:41:56Z" user="DrazziB" uid="53081" lat="47.4033504" lon="-1.7352812"/>
 <node id="411209136" visible="true" version="1" changeset="1321933" timestamp="2009-05-26T01:41:56Z" user="DrazziB" uid="53081" lat="47.4032283" lon="-1.7352994"/>
 <node id="411209138" visible="true" version="1" changeset="1321933" timestamp="2009-05-26T01:41:56Z" user="DrazziB" uid="53081" lat="47.4028672" lon="-1.7361413"/>
 <node id="411209140" visible="true" version="1" changeset="1321933" timestamp="2009-05-26T01:41:56Z" user="DrazziB" uid="53081" lat="47.4028970" lon="-1.7359775"/>
 <node id="411209142" visible="true" version="1" changeset="1321933" timestamp="2009-05-26T01:41:56Z" user="DrazziB" uid="53081" lat="47.4038035" lon="-1.7348575"/>
 <node id="411209144" visible="true" version="1" changeset="1321933" timestamp="2009-05-26T01:41:56Z" user="DrazziB" uid="53081" lat="47.4036737" lon="-1.7349832"/>
 <node id="411209146" visible="true" version="1" changeset="1321933" timestamp="2009-05-26T01:41:56Z" user="DrazziB" uid="53081" lat="47.4030764" lon="-1.7358135"/>
 <node id="411209148" visible="true" version="1" changeset="1321933" timestamp="2009-05-26T01:41:56Z" user="DrazziB" uid="53081" lat="47.4031182" lon="-1.7357305"/>
 <node id="411209150" visible="true" version="1" changeset="1321933" timestamp="2009-05-26T01:41:56Z" user="DrazziB" uid="53081" lat="47.4029202" lon="-1.7359068"/>
 <node id="411209151" visible="true" version="1" changeset="1321933" timestamp="2009-05-26T01:41:56Z" user="DrazziB" uid="53081" lat="47.4030216" lon="-1.7358746"/>
 <node id="411209153" visible="true" version="1" changeset="1321933" timestamp="2009-05-26T01:41:56Z" user="DrazziB" uid="53081" lat="47.4022268" lon="-1.7361576"/>
 <node id="411209155" visible="true" version="1" changeset="1321933" timestamp="2009-05-26T01:41:56Z" user="DrazziB" uid="53081" lat="47.4022846" lon="-1.7361207"/>
 <node id="411209157" visible="true" version="1" changeset="1321933" timestamp="2009-05-26T01:41:56Z" user="DrazziB" uid="53081" lat="47.4031294" lon="-1.7356639"/>
 <node id="411209159" visible="true" version="1" changeset="1321933" timestamp="2009-05-26T01:41:56Z" user="DrazziB" uid="53081" lat="47.4031318" lon="-1.7354835"/>
 <node id="411209161" visible="true" version="1" changeset="1321933" timestamp="2009-05-26T01:41:56Z" user="DrazziB" uid="53081" lat="47.4026381" lon="-1.7361107"/>
 <node id="411209163" visible="true" version="1" changeset="1321933" timestamp="2009-05-26T01:41:56Z" user="DrazziB" uid="53081" lat="47.4027600" lon="-1.7361947"/>
 <node id="411209165" visible="true" version="1" changeset="1321933" timestamp="2009-05-26T01:41:56Z" user="DrazziB" uid="53081" lat="47.4023965" lon="-1.7360872"/>
 <node id="411209167" visible="true" version="1" changeset="1321933" timestamp="2009-05-26T01:41:56Z" user="DrazziB" uid="53081" lat="47.4025280" lon="-1.7360813"/>
 <node id="411209168" visible="true" version="1" changeset="1321933" timestamp="2009-05-26T01:41:56Z" user="DrazziB" uid="53081" lat="47.4070552" lon="-1.7333213"/>
 <node id="411209170" visible="true" version="1" changeset="1321933" timestamp="2009-05-26T01:41:56Z" user="DrazziB" uid="53081" lat="47.4070125" lon="-1.7332912"/>
 <node id="411209172" visible="true" version="1" changeset="1321933" timestamp="2009-05-26T01:41:56Z" user="DrazziB" uid="53081" lat="47.4018438" lon="-1.7365308"/>
 <node id="411209174" visible="true" version="1" changeset="1321933" timestamp="2009-05-26T01:41:56Z" user="DrazziB" uid="53081" lat="47.4020554" lon="-1.7364708"/>
 <node id="411209176" visible="true" version="1" changeset="1321933" timestamp="2009-05-26T01:41:56Z" user="DrazziB" uid="53081" lat="47.4017644" lon="-1.7365921"/>
 <node id="411209177" visible="true" version="1" changeset="1321933" timestamp="2009-05-26T01:41:57Z" user="DrazziB" uid="53081" lat="47.4018012" lon="-1.7365536"/>
 <node id="411209178" visible="true" version="1" changeset="1321933" timestamp="2009-05-26T01:41:57Z" user="DrazziB" uid="53081" lat="47.4021332" lon="-1.7363013"/>
 <node id="411209179" visible="true" version="1" changeset="1321933" timestamp="2009-05-26T01:41:57Z" user="DrazziB" uid="53081" lat="47.4021621" lon="-1.7362353"/>
 <node id="411209180" visible="true" version="1" changeset="1321933" timestamp="2009-05-26T01:41:57Z" user="DrazziB" uid="53081" lat="47.4020846" lon="-1.7364513"/>
 <node id="411209181" visible="true" version="1" changeset="1321933" timestamp="2009-05-26T01:41:57Z" user="DrazziB" uid="53081" lat="47.4021058" lon="-1.7364094"/>
 <node id="411209183" visible="true" version="1" changeset="1321933" timestamp="2009-05-26T01:41:57Z" user="DrazziB" uid="53081" lat="47.4014685" lon="-1.7369654"/>
 <node id="411209185" visible="true" version="1" changeset="1321933" timestamp="2009-05-26T01:41:57Z" user="DrazziB" uid="53081" lat="47.4015234" lon="-1.7369559"/>
 <node id="411209186" visible="true" version="1" changeset="1321933" timestamp="2009-05-26T01:41:57Z" user="DrazziB" uid="53081" lat="47.4013457" lon="-1.7368915"/>
 <node id="411209188" visible="true" version="1" changeset="1321933" timestamp="2009-05-26T01:41:57Z" user="DrazziB" uid="53081" lat="47.4013726" lon="-1.7368965"/>
 <node id="411209190" visible="true" version="1" changeset="1321933" timestamp="2009-05-26T01:41:57Z" user="DrazziB" uid="53081" lat="47.4017034" lon="-1.7367891"/>
 <node id="411209192" visible="true" version="1" changeset="1321933" timestamp="2009-05-26T01:41:57Z" user="DrazziB" uid="53081" lat="47.4017382" lon="-1.7366518"/>
 <node id="411209194" visible="true" version="1" changeset="1321933" timestamp="2009-05-26T01:41:57Z" user="DrazziB" uid="53081" lat="47.4016127" lon="-1.7369061"/>
 <node id="411209196" visible="true" version="1" changeset="1321933" timestamp="2009-05-26T01:41:57Z" user="DrazziB" uid="53081" lat="47.4016798" lon="-1.7368453"/>
 <node id="411209198" visible="true" version="1" changeset="1321933" timestamp="2009-05-26T01:41:57Z" user="DrazziB" uid="53081" lat="47.4008219" lon="-1.7374787"/>
 <node id="411209199" visible="true" version="1" changeset="1321933" timestamp="2009-05-26T01:41:57Z" user="DrazziB" uid="53081" lat="47.4007765" lon="-1.7376362"/>
 <node id="411209201" visible="true" version="1" changeset="1321933" timestamp="2009-05-26T01:41:57Z" user="DrazziB" uid="53081" lat="47.4007582" lon="-1.7376529"/>
 <node id="411209203" visible="true" version="1" changeset="1321933" timestamp="2009-05-26T01:41:57Z" user="DrazziB" uid="53081" lat="47.4006741" lon="-1.7376813"/>
 <node id="411209205" visible="true" version="1" changeset="1321933" timestamp="2009-05-26T01:41:57Z" user="DrazziB" uid="53081" lat="47.4013020" lon="-1.7369317"/>
 <node id="411209207" visible="true" version="1" changeset="1321933" timestamp="2009-05-26T01:41:57Z" user="DrazziB" uid="53081" lat="47.4011142" lon="-1.7372371"/>
 <node id="411209209" visible="true" version="1" changeset="1321933" timestamp="2009-05-26T01:41:57Z" user="DrazziB" uid="53081" lat="47.4010094" lon="-1.7373777"/>
 <node id="411209211" visible="true" version="1" changeset="1321933" timestamp="2009-05-26T01:41:57Z" user="DrazziB" uid="53081" lat="47.4008497" lon="-1.7374446"/>
 <node id="411209212" visible="true" version="1" changeset="1321933" timestamp="2009-05-26T01:41:57Z" user="DrazziB" uid="53081" lat="47.4001444" lon="-1.7376140"/>
 <node id="411209214" visible="true" version="1" changeset="1321933" timestamp="2009-05-26T01:41:57Z" user="DrazziB" uid="53081" lat="47.4000807" lon="-1.7375939"/>
 <node id="411209216" visible="true" version="1" changeset="1321933" timestamp="2009-05-26T01:41:57Z" user="DrazziB" uid="53081" lat="47.4000217" lon="-1.7375517"/>
 <node id="411209218" visible="true" version="1" changeset="1321933" timestamp="2009-05-26T01:41:57Z" user="DrazziB" uid="53081" lat="47.3999914" lon="-1.7375037"/>
 <node id="411209220" visible="true" version="1" changeset="1321933" timestamp="2009-05-26T01:41:57Z" user="DrazziB" uid="53081" lat="47.4005507" lon="-1.7377502"/>
 <node id="411209222" visible="true" version="1" changeset="1321933" timestamp="2009-05-26T01:41:57Z" user="DrazziB" uid="53081" lat="47.4005234" lon="-1.7377423"/>
 <node id="411209224" visible="true" version="1" changeset="1321933" timestamp="2009-05-26T01:41:58Z" user="DrazziB" uid="53081" lat="47.4062573" lon="-1.7328927"/>
 <node id="411209226" visible="true" version="1" changeset="1321933" timestamp="2009-05-26T01:41:58Z" user="DrazziB" uid="53081" lat="47.4063094" lon="-1.7328394"/>
 <node id="411209227" visible="true" version="1" changeset="1321933" timestamp="2009-05-26T01:41:58Z" user="DrazziB" uid="53081" lat="47.4060871" lon="-1.7329232"/>
 <node id="411209229" visible="true" version="1" changeset="1321933" timestamp="2009-05-26T01:41:58Z" user="DrazziB" uid="53081" lat="47.4062076" lon="-1.7329223"/>
 <node id="411209231" visible="true" version="1" changeset="1321933" timestamp="2009-05-26T01:41:58Z" user="DrazziB" uid="53081" lat="47.4058366" lon="-1.7331659"/>
 <node id="411209233" visible="true" version="1" changeset="1321933" timestamp="2009-05-26T01:41:58Z" user="DrazziB" uid="53081" lat="47.4060561" lon="-1.7329361"/>
 <node id="411209235" visible="true" version="1" changeset="1321933" timestamp="2009-05-26T01:41:58Z" user="DrazziB" uid="53081" lat="47.4056183" lon="-1.7331209"/>
 <node id="411209237" visible="true" version="1" changeset="1321933" timestamp="2009-05-26T01:41:58Z" user="DrazziB" uid="53081" lat="47.4058833" lon="-1.7331375"/>
 <node id="411209242" visible="true" version="1" changeset="1321933" timestamp="2009-05-26T01:41:58Z" user="DrazziB" uid="53081" lat="47.4054532" lon="-1.7331591"/>
 <node id="411209243" visible="true" version="1" changeset="1321933" timestamp="2009-05-26T01:41:58Z" user="DrazziB" uid="53081" lat="47.4058020" lon="-1.7331712"/>
 <node id="411209244" visible="true" version="1" changeset="1321933" timestamp="2009-05-26T01:41:58Z" user="DrazziB" uid="53081" lat="47.4052798" lon="-1.7333634"/>
 <node id="411209245" visible="true" version="1" changeset="1321933" timestamp="2009-05-26T01:41:58Z" user="DrazziB" uid="53081" lat="47.4055087" lon="-1.7331329"/>
 <node id="411209246" visible="true" version="1" changeset="1321933" timestamp="2009-05-26T01:41:58Z" user="DrazziB" uid="53081" lat="47.4050269" lon="-1.7334238"/>
 <node id="411209247" visible="true" version="1" changeset="1321933" timestamp="2009-05-26T01:41:58Z" user="DrazziB" uid="53081" lat="47.4053368" lon="-1.7333228"/>
 <node id="411209248" visible="true" version="1" changeset="1321933" timestamp="2009-05-26T01:41:58Z" user="DrazziB" uid="53081" lat="47.4047859" lon="-1.7337042"/>
 <node id="411209249" visible="true" version="1" changeset="1321933" timestamp="2009-05-26T01:41:58Z" user="DrazziB" uid="53081" lat="47.4050960" lon="-1.7333871"/>
 <node id="411209250" visible="true" version="1" changeset="1321933" timestamp="2009-05-26T01:41:58Z" user="DrazziB" uid="53081" lat="47.4047581" lon="-1.7339051"/>
 <node id="411209251" visible="true" version="1" changeset="1321933" timestamp="2009-05-26T01:41:59Z" user="DrazziB" uid="53081" lat="47.4048961" lon="-1.7335487"/>
 <node id="411209252" visible="true" version="1" changeset="1321933" timestamp="2009-05-26T01:41:59Z" user="DrazziB" uid="53081" lat="47.4046269" lon="-1.7342794"/>
 <node id="411209253" visible="true" version="1" changeset="1321933" timestamp="2009-05-26T01:41:59Z" user="DrazziB" uid="53081" lat="47.4047666" lon="-1.7337636"/>
 <node id="411209254" visible="true" version="1" changeset="1321933" timestamp="2009-05-26T01:41:59Z" user="DrazziB" uid="53081" lat="47.4075601" lon="-1.7327384"/>
 <node id="411209255" visible="true" version="1" changeset="1321933" timestamp="2009-05-26T01:41:59Z" user="DrazziB" uid="53081" lat="47.4047372" lon="-1.7339985"/>
 <node id="411209256" visible="true" version="1" changeset="1321933" timestamp="2009-05-26T01:41:59Z" user="DrazziB" uid="53081" lat="47.4074458" lon="-1.7328855"/>
 <node id="411209257" visible="true" version="1" changeset="1321933" timestamp="2009-05-26T01:41:59Z" user="DrazziB" uid="53081" lat="47.4073720" lon="-1.7330242"/>
 <node id="411209258" visible="true" version="1" changeset="1321933" timestamp="2009-05-26T01:41:59Z" user="DrazziB" uid="53081" lat="47.4074589" lon="-1.7328046"/>
 <node id="411209259" visible="true" version="1" changeset="1321933" timestamp="2009-05-26T01:41:59Z" user="DrazziB" uid="53081" lat="47.4074463" lon="-1.7328276"/>
 <node id="411209260" visible="true" version="1" changeset="1321933" timestamp="2009-05-26T01:41:59Z" user="DrazziB" uid="53081" lat="47.4071897" lon="-1.7333279"/>
 <node id="411209261" visible="true" version="1" changeset="1321933" timestamp="2009-05-26T01:41:59Z" user="DrazziB" uid="53081" lat="47.4070937" lon="-1.7333322"/>
 <node id="411209262" visible="true" version="1" changeset="1321933" timestamp="2009-05-26T01:41:59Z" user="DrazziB" uid="53081" lat="47.4073023" lon="-1.7332038"/>
 <node id="411209263" visible="true" version="1" changeset="1321933" timestamp="2009-05-26T01:41:59Z" user="DrazziB" uid="53081" lat="47.4072384" lon="-1.7333005"/>
 <node id="411209264" visible="true" version="1" changeset="1321933" timestamp="2009-05-26T01:41:59Z" user="DrazziB" uid="53081" lat="47.4069707" lon="-1.7332198"/>
 <node id="411209265" visible="true" version="1" changeset="1321933" timestamp="2009-05-26T01:41:59Z" user="DrazziB" uid="53081" lat="47.4069682" lon="-1.7331384"/>
 <node id="411209286" visible="true" version="1" changeset="1321933" timestamp="2009-05-26T01:42:00Z" user="DrazziB" uid="53081" lat="47.4070058" lon="-1.7329651"/>
 <node id="411209288" visible="true" version="1" changeset="1321933" timestamp="2009-05-26T01:42:00Z" user="DrazziB" uid="53081" lat="47.4069886" lon="-1.7328224"/>
 <node id="411209289" visible="true" version="1" changeset="1321933" timestamp="2009-05-26T01:42:00Z" user="DrazziB" uid="53081" lat="47.4070078" lon="-1.7328804"/>
 <node id="411209290" visible="true" version="1" changeset="1321933" timestamp="2009-05-26T01:42:00Z" user="DrazziB" uid="53081" lat="47.4067301" lon="-1.7324408"/>
 <node id="411209291" visible="true" version="1" changeset="1321933" timestamp="2009-05-26T01:42:00Z" user="DrazziB" uid="53081" lat="47.4068225" lon="-1.7325406"/>
 <node id="411209292" visible="true" version="1" changeset="1321933" timestamp="2009-05-26T01:42:00Z" user="DrazziB" uid="53081" lat="47.4065744" lon="-1.7323926"/>
 <node id="411209293" visible="true" version="1" changeset="1321933" timestamp="2009-05-26T01:42:00Z" user="DrazziB" uid="53081" lat="47.4066651" lon="-1.7324010"/>
 <node id="411209294" visible="true" version="1" changeset="1321933" timestamp="2009-05-26T01:42:00Z" user="DrazziB" uid="53081" lat="47.4064711" lon="-1.7324630"/>
 <node id="411209295" visible="true" version="1" changeset="1321933" timestamp="2009-05-26T01:42:00Z" user="DrazziB" uid="53081" lat="47.4065461" lon="-1.7324021"/>
 <node id="411209296" visible="true" version="1" changeset="1321933" timestamp="2009-05-26T01:42:00Z" user="DrazziB" uid="53081" lat="47.4063831" lon="-1.7327159"/>
 <node id="411209297" visible="true" version="1" changeset="1321933" timestamp="2009-05-26T01:42:00Z" user="DrazziB" uid="53081" lat="47.4064154" lon="-1.7325668"/>
 <node id="411209842" visible="true" version="1" changeset="1321933" timestamp="2009-05-26T01:42:24Z" user="DrazziB" uid="53081" lat="47.3600316" lon="-1.7646705"/>
 <node id="411209843" visible="true" version="1" changeset="1321933" timestamp="2009-05-26T01:42:24Z" user="DrazziB" uid="53081" lat="47.3607843" lon="-1.7645776"/>
 <node id="411209844" visible="true" version="1" changeset="1321933" timestamp="2009-05-26T01:42:24Z" user="DrazziB" uid="53081" lat="47.3608631" lon="-1.7645888"/>
 <node id="411209845" visible="true" version="1" changeset="1321933" timestamp="2009-05-26T01:42:24Z" user="DrazziB" uid="53081" lat="47.3575114" lon="-1.7655650"/>
 <node id="411209846" visible="true" version="1" changeset="1321933" timestamp="2009-05-26T01:42:24Z" user="DrazziB" uid="53081" lat="47.3593017" lon="-1.7649172"/>
 <node id="411209847" visible="true" version="1" changeset="1321933" timestamp="2009-05-26T01:42:24Z" user="DrazziB" uid="53081" lat="47.3592986" lon="-1.7648742"/>
 <node id="411209848" visible="true" version="1" changeset="1321933" timestamp="2009-05-26T01:42:24Z" user="DrazziB" uid="53081" lat="47.3593100" lon="-1.7648469"/>
 <node id="411209849" visible="true" version="1" changeset="1321933" timestamp="2009-05-26T01:42:24Z" user="DrazziB" uid="53081" lat="47.3567170" lon="-1.7661523"/>
 <node id="411209850" visible="true" version="1" changeset="1321933" timestamp="2009-05-26T01:42:24Z" user="DrazziB" uid="53081" lat="47.3569493" lon="-1.7659296"/>
 <node id="411209851" visible="true" version="1" changeset="1321933" timestamp="2009-05-26T01:42:24Z" user="DrazziB" uid="53081" lat="47.3571608" lon="-1.7657583"/>
 <node id="411209852" visible="true" version="1" changeset="1321933" timestamp="2009-05-26T01:42:24Z" user="DrazziB" uid="53081" lat="47.3573396" lon="-1.7656438"/>
 <node id="411209853" visible="true" version="1" changeset="1321933" timestamp="2009-05-26T01:42:24Z" user="DrazziB" uid="53081" lat="47.3566741" lon="-1.7661751"/>
 <node id="411209854" visible="true" version="1" changeset="1321933" timestamp="2009-05-26T01:42:24Z" user="DrazziB" uid="53081" lat="47.3566248" lon="-1.7661539"/>
 <node id="411209855" visible="true" version="1" changeset="1321933" timestamp="2009-05-26T01:42:24Z" user="DrazziB" uid="53081" lat="47.3565834" lon="-1.7661790"/>
 <node id="411209856" visible="true" version="1" changeset="1321933" timestamp="2009-05-26T01:42:24Z" user="DrazziB" uid="53081" lat="47.3541647" lon="-1.7682519"/>
 <node id="411209857" visible="true" version="1" changeset="1321933" timestamp="2009-05-26T01:42:24Z" user="DrazziB" uid="53081" lat="47.3540151" lon="-1.7684106"/>
 <node id="411209858" visible="true" version="1" changeset="1321933" timestamp="2009-05-26T01:42:24Z" user="DrazziB" uid="53081" lat="47.3537692" lon="-1.7687061"/>
 <node id="411209859" visible="true" version="1" changeset="1321933" timestamp="2009-05-26T01:42:24Z" user="DrazziB" uid="53081" lat="47.3522660" lon="-1.7706762"/>
 <node id="411209860" visible="true" version="1" changeset="1321933" timestamp="2009-05-26T01:42:24Z" user="DrazziB" uid="53081" lat="47.3516180" lon="-1.7715557"/>
 <node id="411209861" visible="true" version="1" changeset="1321933" timestamp="2009-05-26T01:42:24Z" user="DrazziB" uid="53081" lat="47.3514972" lon="-1.7717753"/>
 <node id="411209862" visible="true" version="1" changeset="1321933" timestamp="2009-05-26T01:42:24Z" user="DrazziB" uid="53081" lat="47.3498997" lon="-1.7749310"/>
 <node id="411209863" visible="true" version="2" changeset="1327831" timestamp="2009-05-26T18:55:00Z" user="DrazziB" uid="53081" lat="47.3497628" lon="-1.7752808"/>
 <node id="411209885" visible="true" version="1" changeset="1321933" timestamp="2009-05-26T01:42:26Z" user="DrazziB" uid="53081" lat="47.3628606" lon="-1.7610854"/>
 <node id="411209886" visible="true" version="1" changeset="1321933" timestamp="2009-05-26T01:42:26Z" user="DrazziB" uid="53081" lat="47.3627648" lon="-1.7610642"/>
 <node id="411209887" visible="true" version="1" changeset="1321933" timestamp="2009-05-26T01:42:26Z" user="DrazziB" uid="53081" lat="47.3643671" lon="-1.7615496"/>
 <node id="411209888" visible="true" version="1" changeset="1321933" timestamp="2009-05-26T01:42:26Z" user="DrazziB" uid="53081" lat="47.3636052" lon="-1.7613259"/>
 <node id="411209889" visible="true" version="1" changeset="1321933" timestamp="2009-05-26T01:42:26Z" user="DrazziB" uid="53081" lat="47.3621802" lon="-1.7607049"/>
 <node id="411209890" visible="true" version="1" changeset="1321933" timestamp="2009-05-26T01:42:26Z" user="DrazziB" uid="53081" lat="47.3612369" lon="-1.7605520"/>
 <node id="411209891" visible="true" version="1" changeset="1321933" timestamp="2009-05-26T01:42:26Z" user="DrazziB" uid="53081" lat="47.3627302" lon="-1.7609703"/>
 <node id="411209892" visible="true" version="1" changeset="1321933" timestamp="2009-05-26T01:42:26Z" user="DrazziB" uid="53081" lat="47.3626721" lon="-1.7609303"/>
 <node id="411209893" visible="true" version="1" changeset="1321933" timestamp="2009-05-26T01:42:26Z" user="DrazziB" uid="53081" lat="47.3611031" lon="-1.7605758"/>
 <node id="411209894" visible="true" version="1" changeset="1321933" timestamp="2009-05-26T01:42:26Z" user="DrazziB" uid="53081" lat="47.3611282" lon="-1.7609190"/>
 <node id="411209895" visible="true" version="1" changeset="1321933" timestamp="2009-05-26T01:42:26Z" user="DrazziB" uid="53081" lat="47.3611483" lon="-1.7605242"/>
 <node id="411209896" visible="true" version="1" changeset="1321933" timestamp="2009-05-26T01:42:26Z" user="DrazziB" uid="53081" lat="47.3611163" lon="-1.7605290"/>
 <node id="411209897" visible="true" version="1" changeset="1321933" timestamp="2009-05-26T01:42:26Z" user="DrazziB" uid="53081" lat="47.3609250" lon="-1.7633603"/>
 <node id="411209898" visible="true" version="1" changeset="1321933" timestamp="2009-05-26T01:42:26Z" user="DrazziB" uid="53081" lat="47.3611522" lon="-1.7644972"/>
 <node id="411209899" visible="true" version="1" changeset="1321933" timestamp="2009-05-26T01:42:26Z" user="DrazziB" uid="53081" lat="47.3611266" lon="-1.7610456"/>
 <node id="411209900" visible="true" version="1" changeset="1321933" timestamp="2009-05-26T01:42:26Z" user="DrazziB" uid="53081" lat="47.3609145" lon="-1.7632762"/>
 <node id="411209901" visible="true" version="1" changeset="1321933" timestamp="2009-05-26T01:42:26Z" user="DrazziB" uid="53081" lat="47.3610338" lon="-1.7646642"/>
 <node id="411209902" visible="true" version="1" changeset="1321933" timestamp="2009-05-26T01:42:26Z" user="DrazziB" uid="53081" lat="47.3610564" lon="-1.7646638"/>
 <node id="411209903" visible="true" version="1" changeset="1321933" timestamp="2009-05-26T01:42:26Z" user="DrazziB" uid="53081" lat="47.3610764" lon="-1.7646472"/>
 <node id="411209904" visible="true" version="1" changeset="1321933" timestamp="2009-05-26T01:42:26Z" user="DrazziB" uid="53081" lat="47.3611276" lon="-1.7645635"/>
 <node id="411209905" visible="true" version="1" changeset="1321933" timestamp="2009-05-26T01:42:26Z" user="DrazziB" uid="53081" lat="47.3594529" lon="-1.7647948"/>
 <node id="1096193924" visible="true" version="1" changeset="6925328" timestamp="2011-01-10T11:38:19Z" user="Mehdi_44" uid="331824" lat="47.3647187" lon="-1.7780085"/>
 <node id="1096194048" visible="true" version="2" changeset="169686278" timestamp="2025-07-29T17:58:50Z" user="Koreller" uid="12419855" lat="47.3625547" lon="-1.7790733"/>
 <node id="1096194087" visible="true" version="2" changeset="169686278" timestamp="2025-07-29T17:58:50Z" user="Koreller" uid="12419855" lat="47.3667732" lon="-1.7754670"/>
 <node id="1096194115" visible="true" version="2" changeset="169686278" timestamp="2025-07-29T17:58:50Z" user="Koreller" uid="12419855" lat="47.3614019" lon="-1.7797471"/>
 <node id="1096194168" visible="true" version="2" changeset="169686278" timestamp="2025-07-29T17:58:50Z" user="Koreller" uid="12419855" lat="47.3669560" lon="-1.7752449"/>
 <node id="1096194336" visible="true" version="2" changeset="169686278" timestamp="2025-07-29T17:58:50Z" user="Koreller" uid="12419855" lat="47.3654935" lon="-1.7771959"/>
 <node id="1096194461" visible="true" version="2" changeset="169686278" timestamp="2025-07-29T17:58:50Z" user="Koreller" uid="12419855" lat="47.3659516" lon="-1.7763823"/>
 <node id="1096194694" visible="true" version="2" changeset="169686278" timestamp="2025-07-29T17:58:50Z" user="Koreller" uid="12419855" lat="47.3637385" lon="-1.7785254"/>
 <node id="1168659194" visible="true" version="4" changeset="70315639" timestamp="2019-05-16T11:59:26Z" user="MacDony" uid="3701940" lat="47.3678031" lon="-1.7298372">
  <tag k="direction" v="backward"/>
  <tag k="highway" v="stop"/>
 </node>
 <node id="1638303894" visible="true" version="2" changeset="145185652" timestamp="2023-12-16T14:10:35Z" user="StephaneP" uid="439947" lat="47.3684841" lon="-1.7903718"/>
 <node id="2005450692" visible="true" version="1" changeset="13815258" timestamp="2012-11-09T22:32:41Z" user="Rinaldum" uid="203790" lat="47.3662412" lon="-1.7358725"/>
 <node id="2005450806" visible="true" version="1" changeset="13815258" timestamp="2012-11-09T22:32:41Z" user="Rinaldum" uid="203790" lat="47.3652248" lon="-1.7398203"/>
 <node id="2005450862" visible="true" version="1" changeset="13815258" timestamp="2012-11-09T22:32:42Z" user="Rinaldum" uid="203790" lat="47.3657276" lon="-1.7378711"/>
 <node id="2005496424" visible="true" version="1" changeset="13815258" timestamp="2012-11-09T22:55:39Z" user="Rinaldum" uid="203790" lat="47.3550407" lon="-1.7487680"/>
 <node id="2005496430" visible="true" version="1" changeset="13815258" timestamp="2012-11-09T22:55:39Z" user="Rinaldum" uid="203790" lat="47.3570267" lon="-1.7516916"/>
 <node id="2005496432" visible="true" version="1" changeset="13815258" timestamp="2012-11-09T22:55:39Z" user="Rinaldum" uid="203790" lat="47.3550954" lon="-1.7497007"/>
 <node id="2005496434" visible="true" version="1" changeset="13815258" timestamp="2012-11-09T22:55:39Z" user="Rinaldum" uid="203790" lat="47.3583949" lon="-1.7523649"/>
 <node id="2005496436" visible="true" version="1" changeset="13815258" timestamp="2012-11-09T22:55:39Z" user="Rinaldum" uid="203790" lat="47.3570630" lon="-1.7509889"/>
 <node id="2005496438" visible="true" version="1" changeset="13815258" timestamp="2012-11-09T22:55:39Z" user="Rinaldum" uid="203790" lat="47.3585060" lon="-1.7524339"/>
 <node id="2005496454" visible="true" version="1" changeset="13815258" timestamp="2012-11-09T22:55:39Z" user="Rinaldum" uid="203790" lat="47.3570467" lon="-1.7517721"/>
 <node id="2005496457" visible="true" version="1" changeset="13815258" timestamp="2012-11-09T22:55:39Z" user="Rinaldum" uid="203790" lat="47.3570973" lon="-1.7503602"/>
 <node id="2005496466" visible="true" version="1" changeset="13815258" timestamp="2012-11-09T22:55:39Z" user="Rinaldum" uid="203790" lat="47.3584551" lon="-1.7524151"/>
 <node id="2005496468" visible="true" version="1" changeset="13815258" timestamp="2012-11-09T22:55:39Z" user="Rinaldum" uid="203790" lat="47.3554261" lon="-1.7500257"/>
 <node id="2005496486" visible="true" version="1" changeset="13815258" timestamp="2012-11-09T22:55:39Z" user="Rinaldum" uid="203790" lat="47.3551170" lon="-1.7493608"/>
 <node id="2005496499" visible="true" version="1" changeset="13815258" timestamp="2012-11-09T22:55:39Z" user="Rinaldum" uid="203790" lat="47.3548595" lon="-1.7483057"/>
 <node id="2005496503" visible="true" version="1" changeset="13815258" timestamp="2012-11-09T22:55:39Z" user="Rinaldum" uid="203790" lat="47.3571303" lon="-1.7518311"/>
 <node id="2005496518" visible="true" version="1" changeset="13815258" timestamp="2012-11-09T22:55:40Z" user="Rinaldum" uid="203790" lat="47.3541385" lon="-1.7496187"/>
 <node id="2005496533" visible="true" version="1" changeset="13815258" timestamp="2012-11-09T22:55:40Z" user="Rinaldum" uid="203790" lat="47.3581896" lon="-1.7522951"/>
 <node id="2005496539" visible="true" version="1" changeset="13815258" timestamp="2012-11-09T22:55:40Z" user="Rinaldum" uid="203790" lat="47.3551188" lon="-1.7495217"/>
 <node id="2005496565" visible="true" version="1" changeset="13815258" timestamp="2012-11-09T22:55:40Z" user="Rinaldum" uid="203790" lat="47.3576499" lon="-1.7520376"/>
 <node id="2005496570" visible="true" version="1" changeset="13815258" timestamp="2012-11-09T22:55:40Z" user="Rinaldum" uid="203790" lat="47.3550613" lon="-1.7499104"/>
 <node id="2005496576" visible="true" version="1" changeset="13815258" timestamp="2012-11-09T22:55:40Z" user="Rinaldum" uid="203790" lat="47.3560895" lon="-1.7506159"/>
 <node id="2005496584" visible="true" version="1" changeset="13815258" timestamp="2012-11-09T22:55:40Z" user="Rinaldum" uid="203790" lat="47.3550098" lon="-1.7484408"/>
 <node id="2005496588" visible="true" version="1" changeset="13815258" timestamp="2012-11-09T22:55:40Z" user="Rinaldum" uid="203790" lat="47.3579100" lon="-1.7521603"/>
 <node id="2005496603" visible="true" version="1" changeset="13815258" timestamp="2012-11-09T22:55:40Z" user="Rinaldum" uid="203790" lat="47.3556820" lon="-1.7501878"/>
 <node id="2005496605" visible="true" version="1" changeset="13815258" timestamp="2012-11-09T22:55:40Z" user="Rinaldum" uid="203790" lat="47.3549628" lon="-1.7483731"/>
 <node id="2005496614" visible="true" version="1" changeset="13815258" timestamp="2012-11-09T22:55:40Z" user="Rinaldum" uid="203790" lat="47.3550552" lon="-1.7490872"/>
 <node id="2005496616" visible="true" version="1" changeset="13815258" timestamp="2012-11-09T22:55:40Z" user="Rinaldum" uid="203790" lat="47.3550264" lon="-1.7485098"/>
 <node id="2005496624" visible="true" version="1" changeset="13815258" timestamp="2012-11-09T22:55:40Z" user="Rinaldum" uid="203790" lat="47.3569863" lon="-1.7505176"/>
 <node id="2005496633" visible="true" version="1" changeset="13815258" timestamp="2012-11-09T22:55:41Z" user="Rinaldum" uid="203790" lat="47.3550697" lon="-1.7491891"/>
 <node id="2005496653" visible="true" version="1" changeset="13815258" timestamp="2012-11-09T22:55:41Z" user="Rinaldum" uid="203790" lat="47.3551043" lon="-1.7492937"/>
 <node id="2005496659" visible="true" version="1" changeset="13815258" timestamp="2012-11-09T22:55:41Z" user="Rinaldum" uid="203790" lat="47.3559984" lon="-1.7505656"/>
 <node id="2006050839" visible="true" version="1" changeset="13818273" timestamp="2012-11-10T09:11:27Z" user="Rinaldum" uid="203790" lat="47.3554805" lon="-1.7489773"/>
 <node id="2006050841" visible="true" version="1" changeset="13818273" timestamp="2012-11-10T09:11:27Z" user="Rinaldum" uid="203790" lat="47.3554587" lon="-1.7504123"/>
 <node id="2006050843" visible="true" version="1" changeset="13818273" timestamp="2012-11-10T09:11:27Z" user="Rinaldum" uid="203790" lat="47.3551316" lon="-1.7507207"/>
 <node id="2006050850" visible="true" version="1" changeset="13818273" timestamp="2012-11-10T09:11:27Z" user="Rinaldum" uid="203790" lat="47.3556440" lon="-1.7504579"/>
 <node id="2006050855" visible="true" version="1" changeset="13818273" timestamp="2012-11-10T09:11:28Z" user="Rinaldum" uid="203790" lat="47.3552011" lon="-1.7486121"/>
 <node id="2006050859" visible="true" version="1" changeset="13818273" timestamp="2012-11-10T09:11:28Z" user="Rinaldum" uid="203790" lat="47.3555033" lon="-1.7491459"/>
 <node id="2006050861" visible="true" version="1" changeset="13818273" timestamp="2012-11-10T09:11:28Z" user="Rinaldum" uid="203790" lat="47.3555469" lon="-1.7505755"/>
 <node id="2006050876" visible="true" version="1" changeset="13818273" timestamp="2012-11-10T09:11:28Z" user="Rinaldum" uid="203790" lat="47.3553133" lon="-1.7486259"/>
 <node id="2006050877" visible="true" version="1" changeset="13818273" timestamp="2012-11-10T09:11:28Z" user="Rinaldum" uid="203790" lat="47.3552515" lon="-1.7486125"/>
 <node id="2006050879" visible="true" version="1" changeset="13818273" timestamp="2012-11-10T09:11:28Z" user="Rinaldum" uid="203790" lat="47.3574927" lon="-1.7449870"/>
 <node id="2006050881" visible="true" version="1" changeset="13818273" timestamp="2012-11-10T09:11:28Z" user="Rinaldum" uid="203790" lat="47.3554696" lon="-1.7487708"/>
 <node id="2006050882" visible="true" version="1" changeset="13818273" timestamp="2012-11-10T09:11:28Z" user="Rinaldum" uid="203790" lat="47.3551671" lon="-1.7507418"/>
 <node id="2006050889" visible="true" version="1" changeset="13818273" timestamp="2012-11-10T09:11:28Z" user="Rinaldum" uid="203790" lat="47.3556914" lon="-1.7504558"/>
 <node id="2006050892" visible="true" version="1" changeset="13818273" timestamp="2012-11-10T09:11:28Z" user="Rinaldum" uid="203790" lat="47.3550843" lon="-1.7506617"/>
 <node id="2006050894" visible="true" version="1" changeset="13818273" timestamp="2012-11-10T09:11:28Z" user="Rinaldum" uid="203790" lat="47.3550371" lon="-1.7506322"/>
 <node id="2006050897" visible="true" version="1" changeset="13818273" timestamp="2012-11-10T09:11:28Z" user="Rinaldum" uid="203790" lat="47.3553987" lon="-1.7497685"/>
 <node id="2006050900" visible="true" version="1" changeset="13818273" timestamp="2012-11-10T09:11:28Z" user="Rinaldum" uid="203790" lat="47.3555741" lon="-1.7504414"/>
 <node id="2006050901" visible="true" version="1" changeset="13818273" timestamp="2012-11-10T09:11:28Z" user="Rinaldum" uid="203790" lat="47.3548645" lon="-1.7474162"/>
 <node id="2006050908" visible="true" version="1" changeset="13818273" timestamp="2012-11-10T09:11:29Z" user="Rinaldum" uid="203790" lat="47.3554259" lon="-1.7494011"/>
 <node id="2006050909" visible="true" version="1" changeset="13818273" timestamp="2012-11-10T09:11:29Z" user="Rinaldum" uid="203790" lat="47.3556385" lon="-1.7505142"/>
 <node id="2006050911" visible="true" version="1" changeset="13818273" timestamp="2012-11-10T09:11:29Z" user="Rinaldum" uid="203790" lat="47.3554833" lon="-1.7488857"/>
 <node id="2006050912" visible="true" version="1" changeset="13818273" timestamp="2012-11-10T09:11:29Z" user="Rinaldum" uid="203790" lat="47.3559230" lon="-1.7501517"/>
 <node id="2006050919" visible="true" version="1" changeset="13818273" timestamp="2012-11-10T09:11:29Z" user="Rinaldum" uid="203790" lat="47.3560056" lon="-1.7499322"/>
 <node id="2006050921" visible="true" version="1" changeset="13818273" timestamp="2012-11-10T09:11:29Z" user="Rinaldum" uid="203790" lat="47.3560401" lon="-1.7499107"/>
 <node id="2006050926" visible="true" version="1" changeset="13818273" timestamp="2012-11-10T09:11:29Z" user="Rinaldum" uid="203790" lat="47.3577219" lon="-1.7449948"/>
 <node id="2006050929" visible="true" version="1" changeset="13818273" timestamp="2012-11-10T09:11:29Z" user="Rinaldum" uid="203790" lat="47.3554950" lon="-1.7492240"/>
 <node id="2006050930" visible="true" version="1" changeset="13818273" timestamp="2012-11-10T09:11:29Z" user="Rinaldum" uid="203790" lat="47.3552816" lon="-1.7507042"/>
 <node id="2006050935" visible="true" version="1" changeset="13818273" timestamp="2012-11-10T09:11:29Z" user="Rinaldum" uid="203790" lat="47.3554714" lon="-1.7493233"/>
 <node id="2006050937" visible="true" version="1" changeset="13818273" timestamp="2012-11-10T09:11:29Z" user="Rinaldum" uid="203790" lat="47.3554895" lon="-1.7490363"/>
 <node id="2006050938" visible="true" version="1" changeset="13818273" timestamp="2012-11-10T09:11:29Z" user="Rinaldum" uid="203790" lat="47.3560920" lon="-1.7498915"/>
 <node id="2006050945" visible="true" version="1" changeset="13818273" timestamp="2012-11-10T09:11:29Z" user="Rinaldum" uid="203790" lat="47.3573821" lon="-1.7451242"/>
 <node id="2006050946" visible="true" version="1" changeset="13818273" timestamp="2012-11-10T09:11:29Z" user="Rinaldum" uid="203790" lat="47.3554106" lon="-1.7486872"/>
 <node id="2006050950" visible="true" version="1" changeset="13818273" timestamp="2012-11-10T09:11:30Z" user="Rinaldum" uid="203790" lat="47.3557986" lon="-1.7503373"/>
 <node id="2006050951" visible="true" version="1" changeset="13818273" timestamp="2012-11-10T09:11:30Z" user="Rinaldum" uid="203790" lat="47.3554078" lon="-1.7494735"/>
 <node id="2006050955" visible="true" version="1" changeset="13818273" timestamp="2012-11-10T09:11:30Z" user="Rinaldum" uid="203790" lat="47.3554169" lon="-1.7499482"/>
 <node id="2006050959" visible="true" version="1" changeset="13818273" timestamp="2012-11-10T09:11:30Z" user="Rinaldum" uid="203790" lat="47.3553932" lon="-1.7496398"/>
 <node id="2006193900" visible="true" version="2" changeset="142148116" timestamp="2023-10-04T14:28:25Z" user="Frêne" uid="16004379" lat="47.3555005" lon="-1.7500567">
  <tag k="name" v="Le Liminbout"/>
  <tag k="place" v="hamlet"/>
 </node>
 <node id="2006193907" visible="true" version="1" changeset="13819740" timestamp="2012-11-10T11:57:20Z" user="Rinaldum" uid="203790" lat="47.3497059" lon="-1.7532267"/>
 <node id="2006205145" visible="true" version="3" changeset="13939501" timestamp="2012-11-20T00:07:11Z" user="Syl" uid="224440" lat="47.3548702" lon="-1.7604675">
  <tag k="name" v="Le Chantier Frais"/>
  <tag k="place" v="hamlet"/>
 </node>
 <node id="2006205148" visible="true" version="3" changeset="171557722" timestamp="2025-09-06T19:53:09Z" user="Dren ar Frankig" uid="11707888" lat="47.3586233" lon="-1.7633506">
  <tag k="name" v="Le Chêne des Perrières"/>
  <tag k="name:br" v="Dervenn ar Maenegi"/>
  <tag k="place" v="hamlet"/>
 </node>
 <node id="2006217005" visible="true" version="2" changeset="70738917" timestamp="2019-05-29T15:56:51Z" user="MacDony" uid="3701940" lat="47.3669505" lon="-1.7331044"/>
 <node id="2006337329" visible="true" version="2" changeset="70738917" timestamp="2019-05-29T15:56:51Z" user="MacDony" uid="3701940" lat="47.3728513" lon="-1.7222977"/>
 <node id="2006339676" visible="true" version="2" changeset="135010826" timestamp="2023-04-17T11:19:57Z" user="vinc44" uid="1060302" lat="47.3371563" lon="-1.7206591"/>
 <node id="2006354495" visible="true" version="1" changeset="13821256" timestamp="2012-11-10T14:21:57Z" user="Rinaldum" uid="203790" lat="47.3579697" lon="-1.7627151"/>
 <node id="2006354497" visible="true" version="1" changeset="13821256" timestamp="2012-11-10T14:21:57Z" user="Rinaldum" uid="203790" lat="47.3567777" lon="-1.7614813"/>
 <node id="2006354523" visible="true" version="1" changeset="13821256" timestamp="2012-11-10T14:21:58Z" user="Rinaldum" uid="203790" lat="47.3573737" lon="-1.7617066"/>
 <node id="2006354525" visible="true" version="1" changeset="13821256" timestamp="2012-11-10T14:21:58Z" user="Rinaldum" uid="203790" lat="47.3568617" lon="-1.7611272"/>
 <node id="2006354527" visible="true" version="1" changeset="13821256" timestamp="2012-11-10T14:21:58Z" user="Rinaldum" uid="203790" lat="47.3562835" lon="-1.7638953"/>
 <node id="2006354564" visible="true" version="1" changeset="13821256" timestamp="2012-11-10T14:21:59Z" user="Rinaldum" uid="203790" lat="47.3557456" lon="-1.7625112"/>
 <node id="2006354566" visible="true" version="1" changeset="13821256" timestamp="2012-11-10T14:21:59Z" user="Rinaldum" uid="203790" lat="47.3578098" lon="-1.7628653"/>
 <node id="2006354568" visible="true" version="1" changeset="13821256" timestamp="2012-11-10T14:21:59Z" user="Rinaldum" uid="203790" lat="47.3580423" lon="-1.7631442"/>
 <node id="2006354569" visible="true" version="1" changeset="13821256" timestamp="2012-11-10T14:21:59Z" user="Rinaldum" uid="203790" lat="47.3572138" lon="-1.7623074"/>
 <node id="2006354570" visible="true" version="2" changeset="42888216" timestamp="2016-10-14T07:06:12Z" user="Adrien G" uid="94804" lat="47.3555773" lon="-1.7615260"/>
 <node id="2006354572" visible="true" version="1" changeset="13821256" timestamp="2012-11-10T14:21:59Z" user="Rinaldum" uid="203790" lat="47.3572283" lon="-1.7618997"/>
 <node id="2006354577" visible="true" version="2" changeset="42888216" timestamp="2016-10-14T07:06:12Z" user="Adrien G" uid="94804" lat="47.3556307" lon="-1.7601947"/>
 <node id="2006354579" visible="true" version="2" changeset="42888216" timestamp="2016-10-14T07:06:12Z" user="Adrien G" uid="94804" lat="47.3555711" lon="-1.7595519"/>
 <node id="2006354582" visible="true" version="1" changeset="13821256" timestamp="2012-11-10T14:21:59Z" user="Rinaldum" uid="203790" lat="47.3570176" lon="-1.7621465"/>
 <node id="2006354587" visible="true" version="1" changeset="13821256" timestamp="2012-11-10T14:21:59Z" user="Rinaldum" uid="203790" lat="47.3577338" lon="-1.7621035"/>
 <node id="2006354597" visible="true" version="1" changeset="13821256" timestamp="2012-11-10T14:21:59Z" user="Rinaldum" uid="203790" lat="47.3576281" lon="-1.7622967"/>
 <node id="2006368167" visible="true" version="2" changeset="157157068" timestamp="2024-09-27T07:10:42Z" user="MacDony" uid="3701940" lat="47.3521549" lon="-1.7708183"/>
 <node id="2008823345" visible="true" version="1" changeset="13835225" timestamp="2012-11-11T16:49:47Z" user="Pierre-Alain Dorange" uid="28269" lat="47.3543930" lon="-1.7611750"/>
 <node id="2008823348" visible="true" version="1" changeset="13835225" timestamp="2012-11-11T16:49:47Z" user="Pierre-Alain Dorange" uid="28269" lat="47.3544290" lon="-1.7615140"/>
 <node id="2008823351" visible="true" version="1" changeset="13835225" timestamp="2012-11-11T16:49:47Z" user="Pierre-Alain Dorange" uid="28269" lat="47.3545780" lon="-1.7611430"/>
 <node id="2008823354" visible="true" version="1" changeset="13835225" timestamp="2012-11-11T16:49:47Z" user="Pierre-Alain Dorange" uid="28269" lat="47.3546080" lon="-1.7614710"/>
 <node id="2008823357" visible="true" version="1" changeset="13835225" timestamp="2012-11-11T16:49:47Z" user="Pierre-Alain Dorange" uid="28269" lat="47.3546660" lon="-1.7505410"/>
 <node id="2008823363" visible="true" version="1" changeset="13835225" timestamp="2012-11-11T16:49:47Z" user="Pierre-Alain Dorange" uid="28269" lat="47.3546910" lon="-1.7606270"/>
 <node id="2008823366" visible="true" version="1" changeset="13835225" timestamp="2012-11-11T16:49:47Z" user="Pierre-Alain Dorange" uid="28269" lat="47.3547030" lon="-1.7608400"/>
 <node id="2008823373" visible="true" version="1" changeset="13835225" timestamp="2012-11-11T16:49:47Z" user="Pierre-Alain Dorange" uid="28269" lat="47.3547070" lon="-1.7502500"/>
 <node id="2008823374" visible="true" version="1" changeset="13835225" timestamp="2012-11-11T16:49:47Z" user="Pierre-Alain Dorange" uid="28269" lat="47.3547090" lon="-1.7609720"/>
 <node id="2008823375" visible="true" version="1" changeset="13835225" timestamp="2012-11-11T16:49:47Z" user="Pierre-Alain Dorange" uid="28269" lat="47.3547150" lon="-1.7505560"/>
 <node id="2008823377" visible="true" version="1" changeset="13835225" timestamp="2012-11-11T16:49:47Z" user="Pierre-Alain Dorange" uid="28269" lat="47.3547190" lon="-1.7602200"/>
 <node id="2008823379" visible="true" version="1" changeset="13835225" timestamp="2012-11-11T16:49:48Z" user="Pierre-Alain Dorange" uid="28269" lat="47.3547220" lon="-1.7605440"/>
 <node id="2008823383" visible="true" version="1" changeset="13835225" timestamp="2012-11-11T16:49:48Z" user="Pierre-Alain Dorange" uid="28269" lat="47.3547520" lon="-1.7617710"/>
 <node id="2008823385" visible="true" version="1" changeset="13835225" timestamp="2012-11-11T16:49:48Z" user="Pierre-Alain Dorange" uid="28269" lat="47.3547530" lon="-1.7505680"/>
 <node id="2008823387" visible="true" version="1" changeset="13835225" timestamp="2012-11-11T16:49:48Z" user="Pierre-Alain Dorange" uid="28269" lat="47.3547570" lon="-1.7502670"/>
 <node id="2008823388" visible="true" version="1" changeset="13835225" timestamp="2012-11-11T16:49:48Z" user="Pierre-Alain Dorange" uid="28269" lat="47.3547650" lon="-1.7618600"/>
 <node id="2008823392" visible="true" version="1" changeset="13835225" timestamp="2012-11-11T16:49:48Z" user="Pierre-Alain Dorange" uid="28269" lat="47.3547830" lon="-1.7606240"/>
 <node id="2008823394" visible="true" version="1" changeset="13835225" timestamp="2012-11-11T16:49:48Z" user="Pierre-Alain Dorange" uid="28269" lat="47.3547840" lon="-1.7606890"/>
 <node id="2008823396" visible="true" version="1" changeset="13835225" timestamp="2012-11-11T16:49:48Z" user="Pierre-Alain Dorange" uid="28269" lat="47.3547920" lon="-1.7502780"/>
 <node id="2008823398" visible="true" version="1" changeset="13835225" timestamp="2012-11-11T16:49:48Z" user="Pierre-Alain Dorange" uid="28269" lat="47.3547940" lon="-1.7602200"/>
 <node id="2008823400" visible="true" version="1" changeset="13835225" timestamp="2012-11-11T16:49:48Z" user="Pierre-Alain Dorange" uid="28269" lat="47.3547960" lon="-1.7605390"/>
 <node id="2008823402" visible="true" version="1" changeset="13835225" timestamp="2012-11-11T16:49:48Z" user="Pierre-Alain Dorange" uid="28269" lat="47.3547960" lon="-1.7616590"/>
 <node id="2008823404" visible="true" version="1" changeset="13835225" timestamp="2012-11-11T16:49:48Z" user="Pierre-Alain Dorange" uid="28269" lat="47.3548150" lon="-1.7617240"/>
 <node id="2008823406" visible="true" version="1" changeset="13835225" timestamp="2012-11-11T16:49:48Z" user="Pierre-Alain Dorange" uid="28269" lat="47.3548180" lon="-1.7611110"/>
 <node id="2008823408" visible="true" version="1" changeset="13835225" timestamp="2012-11-11T16:49:48Z" user="Pierre-Alain Dorange" uid="28269" lat="47.3548190" lon="-1.7505880"/>
 <node id="2008823410" visible="true" version="1" changeset="13835225" timestamp="2012-11-11T16:49:48Z" user="Pierre-Alain Dorange" uid="28269" lat="47.3548280" lon="-1.7606900"/>
 <node id="2008823412" visible="true" version="1" changeset="13835225" timestamp="2012-11-11T16:49:48Z" user="Pierre-Alain Dorange" uid="28269" lat="47.3548320" lon="-1.7617920"/>
 <node id="2008823414" visible="true" version="1" changeset="13835225" timestamp="2012-11-11T16:49:48Z" user="Pierre-Alain Dorange" uid="28269" lat="47.3548330" lon="-1.7608290"/>
 <node id="2008823416" visible="true" version="1" changeset="13835225" timestamp="2012-11-11T16:49:48Z" user="Pierre-Alain Dorange" uid="28269" lat="47.3548330" lon="-1.7613070"/>
 <node id="2008823418" visible="true" version="1" changeset="13835225" timestamp="2012-11-11T16:49:48Z" user="Pierre-Alain Dorange" uid="28269" lat="47.3548370" lon="-1.7609620"/>
 <node id="2008823420" visible="true" version="1" changeset="13835225" timestamp="2012-11-11T16:49:48Z" user="Pierre-Alain Dorange" uid="28269" lat="47.3548380" lon="-1.7618130"/>
 <node id="2008823422" visible="true" version="1" changeset="13835225" timestamp="2012-11-11T16:49:48Z" user="Pierre-Alain Dorange" uid="28269" lat="47.3548400" lon="-1.7613060"/>
 <node id="2008823426" visible="true" version="1" changeset="13835225" timestamp="2012-11-11T16:49:48Z" user="Pierre-Alain Dorange" uid="28269" lat="47.3548530" lon="-1.7615140"/>
 <node id="2008823429" visible="true" version="1" changeset="13835225" timestamp="2012-11-11T16:49:48Z" user="Pierre-Alain Dorange" uid="28269" lat="47.3548610" lon="-1.7503010"/>
 <node id="2008823431" visible="true" version="1" changeset="13835225" timestamp="2012-11-11T16:49:48Z" user="Pierre-Alain Dorange" uid="28269" lat="47.3548720" lon="-1.7602190"/>
 <node id="2008823433" visible="true" version="1" changeset="13835225" timestamp="2012-11-11T16:49:48Z" user="Pierre-Alain Dorange" uid="28269" lat="47.3548720" lon="-1.7602980"/>
 <node id="2008823435" visible="true" version="1" changeset="13835225" timestamp="2012-11-11T16:49:48Z" user="Pierre-Alain Dorange" uid="28269" lat="47.3548780" lon="-1.7610340"/>
 <node id="2008823439" visible="true" version="1" changeset="13835225" timestamp="2012-11-11T16:49:48Z" user="Pierre-Alain Dorange" uid="28269" lat="47.3548820" lon="-1.7610950"/>
 <node id="2008823441" visible="true" version="1" changeset="13835225" timestamp="2012-11-11T16:49:48Z" user="Pierre-Alain Dorange" uid="28269" lat="47.3549030" lon="-1.7612940"/>
 <node id="2008823443" visible="true" version="1" changeset="13835225" timestamp="2012-11-11T16:49:48Z" user="Pierre-Alain Dorange" uid="28269" lat="47.3549040" lon="-1.7505570"/>
 <node id="2008823445" visible="true" version="1" changeset="13835225" timestamp="2012-11-11T16:49:48Z" user="Pierre-Alain Dorange" uid="28269" lat="47.3549100" lon="-1.7600570"/>
 <node id="2008823448" visible="true" version="1" changeset="13835225" timestamp="2012-11-11T16:49:48Z" user="Pierre-Alain Dorange" uid="28269" lat="47.3549120" lon="-1.7601870"/>
 <node id="2008823451" visible="true" version="1" changeset="13835225" timestamp="2012-11-11T16:49:48Z" user="Pierre-Alain Dorange" uid="28269" lat="47.3549120" lon="-1.7602200"/>
 <node id="2008823454" visible="true" version="1" changeset="13835225" timestamp="2012-11-11T16:49:48Z" user="Pierre-Alain Dorange" uid="28269" lat="47.3549120" lon="-1.7610280"/>
 <node id="2008823457" visible="true" version="1" changeset="13835225" timestamp="2012-11-11T16:49:48Z" user="Pierre-Alain Dorange" uid="28269" lat="47.3549150" lon="-1.7610910"/>
 <node id="2008823460" visible="true" version="1" changeset="13835225" timestamp="2012-11-11T16:49:48Z" user="Pierre-Alain Dorange" uid="28269" lat="47.3549210" lon="-1.7600220"/>
 <node id="2008823474" visible="true" version="1" changeset="13835225" timestamp="2012-11-11T16:49:48Z" user="Pierre-Alain Dorange" uid="28269" lat="47.3549270" lon="-1.7614970"/>
 <node id="2008823476" visible="true" version="1" changeset="13835225" timestamp="2012-11-11T16:49:48Z" user="Pierre-Alain Dorange" uid="28269" lat="47.3549310" lon="-1.7602960"/>
 <node id="2008823479" visible="true" version="1" changeset="13835225" timestamp="2012-11-11T16:49:49Z" user="Pierre-Alain Dorange" uid="28269" lat="47.3549350" lon="-1.7600830"/>
 <node id="2008823481" visible="true" version="1" changeset="13835225" timestamp="2012-11-11T16:49:49Z" user="Pierre-Alain Dorange" uid="28269" lat="47.3549350" lon="-1.7607480"/>
 <node id="2008823484" visible="true" version="1" changeset="13835225" timestamp="2012-11-11T16:49:49Z" user="Pierre-Alain Dorange" uid="28269" lat="47.3549480" lon="-1.7600470"/>
 <node id="2008823487" visible="true" version="1" changeset="13835225" timestamp="2012-11-11T16:49:49Z" user="Pierre-Alain Dorange" uid="28269" lat="47.3549540" lon="-1.7601880"/>
 <node id="2008823490" visible="true" version="1" changeset="13835225" timestamp="2012-11-11T16:49:49Z" user="Pierre-Alain Dorange" uid="28269" lat="47.3549550" lon="-1.7602110"/>
 <node id="2008823492" visible="true" version="1" changeset="13835225" timestamp="2012-11-11T16:49:49Z" user="Pierre-Alain Dorange" uid="28269" lat="47.3549590" lon="-1.7614910"/>
 <node id="2008823494" visible="true" version="1" changeset="13835225" timestamp="2012-11-11T16:49:49Z" user="Pierre-Alain Dorange" uid="28269" lat="47.3549600" lon="-1.7615600"/>
 <node id="2008823496" visible="true" version="1" changeset="13835225" timestamp="2012-11-11T16:49:49Z" user="Pierre-Alain Dorange" uid="28269" lat="47.3549770" lon="-1.7616100"/>
 <node id="2008823499" visible="true" version="1" changeset="13835225" timestamp="2012-11-11T16:49:49Z" user="Pierre-Alain Dorange" uid="28269" lat="47.3549840" lon="-1.7499500"/>
 <node id="2008823502" visible="true" version="1" changeset="13835225" timestamp="2012-11-11T16:49:49Z" user="Pierre-Alain Dorange" uid="28269" lat="47.3549950" lon="-1.7616970"/>
 <node id="2008823506" visible="true" version="1" changeset="13835225" timestamp="2012-11-11T16:49:49Z" user="Pierre-Alain Dorange" uid="28269" lat="47.3549960" lon="-1.7505820"/>
 <node id="2008823510" visible="true" version="1" changeset="13835225" timestamp="2012-11-11T16:49:49Z" user="Pierre-Alain Dorange" uid="28269" lat="47.3549990" lon="-1.7617170"/>
 <node id="2008823514" visible="true" version="1" changeset="13835225" timestamp="2012-11-11T16:49:49Z" user="Pierre-Alain Dorange" uid="28269" lat="47.3550150" lon="-1.7607460"/>
 <node id="2008823518" visible="true" version="1" changeset="13835225" timestamp="2012-11-11T16:49:49Z" user="Pierre-Alain Dorange" uid="28269" lat="47.3550180" lon="-1.7608110"/>
 <node id="2008823522" visible="true" version="1" changeset="13835225" timestamp="2012-11-11T16:49:49Z" user="Pierre-Alain Dorange" uid="28269" lat="47.3550180" lon="-1.7615850"/>
 <node id="2008823530" visible="true" version="1" changeset="13835225" timestamp="2012-11-11T16:49:49Z" user="Pierre-Alain Dorange" uid="28269" lat="47.3550360" lon="-1.7616480"/>
 <node id="2008823533" visible="true" version="1" changeset="13835225" timestamp="2012-11-11T16:49:49Z" user="Pierre-Alain Dorange" uid="28269" lat="47.3550370" lon="-1.7612450"/>
 <node id="2008823536" visible="true" version="1" changeset="13835225" timestamp="2012-11-11T16:49:49Z" user="Pierre-Alain Dorange" uid="28269" lat="47.3550410" lon="-1.7599290"/>
 <node id="2008823539" visible="true" version="1" changeset="13835225" timestamp="2012-11-11T16:49:49Z" user="Pierre-Alain Dorange" uid="28269" lat="47.3550440" lon="-1.7505960"/>
 <node id="2008823543" visible="true" version="1" changeset="13835225" timestamp="2012-11-11T16:49:49Z" user="Pierre-Alain Dorange" uid="28269" lat="47.3550460" lon="-1.7616890"/>
 <node id="2008823554" visible="true" version="1" changeset="13835225" timestamp="2012-11-11T16:49:49Z" user="Pierre-Alain Dorange" uid="28269" lat="47.3550730" lon="-1.7613410"/>
 <node id="2008823570" visible="true" version="1" changeset="13835225" timestamp="2012-11-11T16:49:49Z" user="Pierre-Alain Dorange" uid="28269" lat="47.3550810" lon="-1.7499800"/>
 <node id="2008823575" visible="true" version="1" changeset="13835225" timestamp="2012-11-11T16:49:49Z" user="Pierre-Alain Dorange" uid="28269" lat="47.3550830" lon="-1.7602120"/>
 <node id="2008823580" visible="true" version="1" changeset="13835225" timestamp="2012-11-11T16:49:49Z" user="Pierre-Alain Dorange" uid="28269" lat="47.3550840" lon="-1.7602910"/>
 <node id="2008823585" visible="true" version="1" changeset="13835225" timestamp="2012-11-11T16:49:49Z" user="Pierre-Alain Dorange" uid="28269" lat="47.3550900" lon="-1.7608090"/>
 <node id="2008823589" visible="true" version="1" changeset="13835225" timestamp="2012-11-11T16:49:49Z" user="Pierre-Alain Dorange" uid="28269" lat="47.3550910" lon="-1.7597490"/>
 <node id="2008823594" visible="true" version="1" changeset="13835225" timestamp="2012-11-11T16:49:49Z" user="Pierre-Alain Dorange" uid="28269" lat="47.3550930" lon="-1.7502540"/>
 <node id="2008823598" visible="true" version="1" changeset="13835225" timestamp="2012-11-11T16:49:49Z" user="Pierre-Alain Dorange" uid="28269" lat="47.3550970" lon="-1.7501950"/>
 <node id="2008823602" visible="true" version="1" changeset="13835225" timestamp="2012-11-11T16:49:49Z" user="Pierre-Alain Dorange" uid="28269" lat="47.3551020" lon="-1.7616090"/>
 <node id="2008823607" visible="true" version="1" changeset="13835225" timestamp="2012-11-11T16:49:49Z" user="Pierre-Alain Dorange" uid="28269" lat="47.3551060" lon="-1.7611740"/>
 <node id="2008823611" visible="true" version="1" changeset="13835225" timestamp="2012-11-11T16:49:49Z" user="Pierre-Alain Dorange" uid="28269" lat="47.3551100" lon="-1.7611880"/>
 <node id="2008823615" visible="true" version="1" changeset="13835225" timestamp="2012-11-11T16:49:49Z" user="Pierre-Alain Dorange" uid="28269" lat="47.3551130" lon="-1.7616450"/>
 <node id="2008823619" visible="true" version="1" changeset="13835225" timestamp="2012-11-11T16:49:49Z" user="Pierre-Alain Dorange" uid="28269" lat="47.3551150" lon="-1.7500560"/>
 <node id="2008823631" visible="true" version="1" changeset="13835225" timestamp="2012-11-11T16:49:49Z" user="Pierre-Alain Dorange" uid="28269" lat="47.3551440" lon="-1.7611400"/>
 <node id="2008823636" visible="true" version="1" changeset="13835225" timestamp="2012-11-11T16:49:49Z" user="Pierre-Alain Dorange" uid="28269" lat="47.3551450" lon="-1.7599850"/>
 <node id="2008823658" visible="true" version="1" changeset="13835225" timestamp="2012-11-11T16:49:50Z" user="Pierre-Alain Dorange" uid="28269" lat="47.3551640" lon="-1.7497510"/>
 <node id="2008823665" visible="true" version="1" changeset="13835225" timestamp="2012-11-11T16:49:50Z" user="Pierre-Alain Dorange" uid="28269" lat="47.3551780" lon="-1.7493190"/>
 <node id="2008823668" visible="true" version="1" changeset="13835225" timestamp="2012-11-11T16:49:50Z" user="Pierre-Alain Dorange" uid="28269" lat="47.3551840" lon="-1.7612510"/>
 <node id="2008823672" visible="true" version="1" changeset="13835225" timestamp="2012-11-11T16:49:50Z" user="Pierre-Alain Dorange" uid="28269" lat="47.3551900" lon="-1.7598040"/>
 <node id="2008823688" visible="true" version="1" changeset="13835225" timestamp="2012-11-11T16:49:50Z" user="Pierre-Alain Dorange" uid="28269" lat="47.3552220" lon="-1.7503000"/>
 <node id="2008823691" visible="true" version="1" changeset="13835225" timestamp="2012-11-11T16:49:50Z" user="Pierre-Alain Dorange" uid="28269" lat="47.3552310" lon="-1.7502400"/>
 <node id="2008823695" visible="true" version="1" changeset="13835225" timestamp="2012-11-11T16:49:50Z" user="Pierre-Alain Dorange" uid="28269" lat="47.3552500" lon="-1.7501040"/>
 <node id="2008823699" visible="true" version="1" changeset="13835225" timestamp="2012-11-11T16:49:50Z" user="Pierre-Alain Dorange" uid="28269" lat="47.3552510" lon="-1.7504760"/>
 <node id="2008823703" visible="true" version="1" changeset="13835225" timestamp="2012-11-11T16:49:50Z" user="Pierre-Alain Dorange" uid="28269" lat="47.3552600" lon="-1.7500360"/>
 <node id="2008823707" visible="true" version="1" changeset="13835225" timestamp="2012-11-11T16:49:50Z" user="Pierre-Alain Dorange" uid="28269" lat="47.3552690" lon="-1.7505480"/>
 <node id="2008823712" visible="true" version="1" changeset="13835225" timestamp="2012-11-11T16:49:50Z" user="Pierre-Alain Dorange" uid="28269" lat="47.3552830" lon="-1.7614590"/>
 <node id="2008823720" visible="true" version="1" changeset="13835225" timestamp="2012-11-11T16:49:50Z" user="Pierre-Alain Dorange" uid="28269" lat="47.3552990" lon="-1.7615350"/>
 <node id="2008823731" visible="true" version="1" changeset="13835225" timestamp="2012-11-11T16:49:50Z" user="Pierre-Alain Dorange" uid="28269" lat="47.3553310" lon="-1.7502830"/>
 <node id="2008823733" visible="true" version="1" changeset="13835225" timestamp="2012-11-11T16:49:50Z" user="Pierre-Alain Dorange" uid="28269" lat="47.3553420" lon="-1.7497650"/>
 <node id="2008823737" visible="true" version="1" changeset="13835225" timestamp="2012-11-11T16:49:50Z" user="Pierre-Alain Dorange" uid="28269" lat="47.3553420" lon="-1.7614300"/>
 <node id="2008823743" visible="true" version="1" changeset="13835225" timestamp="2012-11-11T16:49:50Z" user="Pierre-Alain Dorange" uid="28269" lat="47.3553530" lon="-1.7501270"/>
 <node id="2008823751" visible="true" version="1" changeset="13835225" timestamp="2012-11-11T16:49:50Z" user="Pierre-Alain Dorange" uid="28269" lat="47.3553590" lon="-1.7493300"/>
 <node id="2008823755" visible="true" version="1" changeset="13835225" timestamp="2012-11-11T16:49:50Z" user="Pierre-Alain Dorange" uid="28269" lat="47.3553590" lon="-1.7615010"/>
 <node id="2008823760" visible="true" version="1" changeset="13835225" timestamp="2012-11-11T16:49:50Z" user="Pierre-Alain Dorange" uid="28269" lat="47.3553730" lon="-1.7504160"/>
 <node id="2008823764" visible="true" version="1" changeset="13835225" timestamp="2012-11-11T16:49:50Z" user="Pierre-Alain Dorange" uid="28269" lat="47.3553770" lon="-1.7611600"/>
 <node id="2008823768" visible="true" version="1" changeset="13835225" timestamp="2012-11-11T16:49:50Z" user="Pierre-Alain Dorange" uid="28269" lat="47.3553790" lon="-1.7501340"/>
 <node id="2008823772" visible="true" version="1" changeset="13835225" timestamp="2012-11-11T16:49:50Z" user="Pierre-Alain Dorange" uid="28269" lat="47.3553790" lon="-1.7596930"/>
 <node id="2008823776" visible="true" version="1" changeset="13835225" timestamp="2012-11-11T16:49:50Z" user="Pierre-Alain Dorange" uid="28269" lat="47.3553790" lon="-1.7601560"/>
 <node id="2008823780" visible="true" version="1" changeset="13835225" timestamp="2012-11-11T16:49:50Z" user="Pierre-Alain Dorange" uid="28269" lat="47.3553850" lon="-1.7613860"/>
 <node id="2008823784" visible="true" version="1" changeset="13835225" timestamp="2012-11-11T16:49:50Z" user="Pierre-Alain Dorange" uid="28269" lat="47.3553890" lon="-1.7500770"/>
 <node id="2008823788" visible="true" version="1" changeset="13835225" timestamp="2012-11-11T16:49:50Z" user="Pierre-Alain Dorange" uid="28269" lat="47.3553890" lon="-1.7504880"/>
 <node id="2008823792" visible="true" version="1" changeset="13835225" timestamp="2012-11-11T16:49:50Z" user="Pierre-Alain Dorange" uid="28269" lat="47.3553940" lon="-1.7503000"/>
 <node id="2008823796" visible="true" version="1" changeset="13835225" timestamp="2012-11-11T16:49:50Z" user="Pierre-Alain Dorange" uid="28269" lat="47.3553960" lon="-1.7502890"/>
 <node id="2008823804" visible="true" version="1" changeset="13835225" timestamp="2012-11-11T16:49:50Z" user="Pierre-Alain Dorange" uid="28269" lat="47.3554110" lon="-1.7501900"/>
 <node id="2008823808" visible="true" version="1" changeset="13835225" timestamp="2012-11-11T16:49:50Z" user="Pierre-Alain Dorange" uid="28269" lat="47.3554120" lon="-1.7611260"/>
 <node id="2008823812" visible="true" version="1" changeset="13835225" timestamp="2012-11-11T16:49:50Z" user="Pierre-Alain Dorange" uid="28269" lat="47.3554120" lon="-1.7611620"/>
 <node id="2008823816" visible="true" version="1" changeset="13835225" timestamp="2012-11-11T16:49:50Z" user="Pierre-Alain Dorange" uid="28269" lat="47.3554130" lon="-1.7596440"/>
 <node id="2008823831" visible="true" version="1" changeset="13835225" timestamp="2012-11-11T16:49:51Z" user="Pierre-Alain Dorange" uid="28269" lat="47.3554130" lon="-1.7596930"/>
 <node id="2008823833" visible="true" version="1" changeset="13835225" timestamp="2012-11-11T16:49:51Z" user="Pierre-Alain Dorange" uid="28269" lat="47.3554160" lon="-1.7505210"/>
 <node id="2008823835" visible="true" version="1" changeset="13835225" timestamp="2012-11-11T16:49:51Z" user="Pierre-Alain Dorange" uid="28269" lat="47.3554180" lon="-1.7504830"/>
 <node id="2008823837" visible="true" version="1" changeset="13835225" timestamp="2012-11-11T16:49:51Z" user="Pierre-Alain Dorange" uid="28269" lat="47.3554230" lon="-1.7503010"/>
 <node id="2008823839" visible="true" version="1" changeset="13835225" timestamp="2012-11-11T16:49:51Z" user="Pierre-Alain Dorange" uid="28269" lat="47.3554270" lon="-1.7500890"/>
 <node id="2008823844" visible="true" version="1" changeset="13835225" timestamp="2012-11-11T16:49:51Z" user="Pierre-Alain Dorange" uid="28269" lat="47.3554320" lon="-1.7596430"/>
 <node id="2008823847" visible="true" version="1" changeset="13835225" timestamp="2012-11-11T16:49:51Z" user="Pierre-Alain Dorange" uid="28269" lat="47.3554340" lon="-1.7598370"/>
 <node id="2008823853" visible="true" version="1" changeset="13835225" timestamp="2012-11-11T16:49:51Z" user="Pierre-Alain Dorange" uid="28269" lat="47.3554360" lon="-1.7611240"/>
 <node id="2008823859" visible="true" version="1" changeset="13835225" timestamp="2012-11-11T16:49:51Z" user="Pierre-Alain Dorange" uid="28269" lat="47.3554390" lon="-1.7502030"/>
 <node id="2008823862" visible="true" version="1" changeset="13835225" timestamp="2012-11-11T16:49:51Z" user="Pierre-Alain Dorange" uid="28269" lat="47.3554400" lon="-1.7613370"/>
 <node id="2008823865" visible="true" version="1" changeset="13835225" timestamp="2012-11-11T16:49:51Z" user="Pierre-Alain Dorange" uid="28269" lat="47.3554530" lon="-1.7613890"/>
 <node id="2008823868" visible="true" version="1" changeset="13835225" timestamp="2012-11-11T16:49:51Z" user="Pierre-Alain Dorange" uid="28269" lat="47.3554540" lon="-1.7601080"/>
 <node id="2008823871" visible="true" version="1" changeset="13835225" timestamp="2012-11-11T16:49:51Z" user="Pierre-Alain Dorange" uid="28269" lat="47.3554540" lon="-1.7601980"/>
 <node id="2008823874" visible="true" version="1" changeset="13835225" timestamp="2012-11-11T16:49:51Z" user="Pierre-Alain Dorange" uid="28269" lat="47.3554540" lon="-1.7613470"/>
 <node id="2008823883" visible="true" version="1" changeset="13835225" timestamp="2012-11-11T16:49:51Z" user="Pierre-Alain Dorange" uid="28269" lat="47.3554670" lon="-1.7601090"/>
 <node id="2008823886" visible="true" version="1" changeset="13835225" timestamp="2012-11-11T16:49:51Z" user="Pierre-Alain Dorange" uid="28269" lat="47.3554690" lon="-1.7598400"/>
 <node id="2008823889" visible="true" version="1" changeset="13835225" timestamp="2012-11-11T16:49:51Z" user="Pierre-Alain Dorange" uid="28269" lat="47.3554740" lon="-1.7503950"/>
 <node id="2008823897" visible="true" version="1" changeset="13835225" timestamp="2012-11-11T16:49:51Z" user="Pierre-Alain Dorange" uid="28269" lat="47.3555120" lon="-1.7504880"/>
 <node id="2008823899" visible="true" version="1" changeset="13835225" timestamp="2012-11-11T16:49:51Z" user="Pierre-Alain Dorange" uid="28269" lat="47.3555120" lon="-1.7505250"/>
 <node id="2008823907" visible="true" version="1" changeset="13835225" timestamp="2012-11-11T16:49:51Z" user="Pierre-Alain Dorange" uid="28269" lat="47.3555360" lon="-1.7504030"/>
 <node id="2008823916" visible="true" version="1" changeset="13835225" timestamp="2012-11-11T16:49:51Z" user="Pierre-Alain Dorange" uid="28269" lat="47.3555790" lon="-1.7496190"/>
 <node id="2008823919" visible="true" version="1" changeset="13835225" timestamp="2012-11-11T16:49:51Z" user="Pierre-Alain Dorange" uid="28269" lat="47.3555850" lon="-1.7498300"/>
 <node id="2008823922" visible="true" version="1" changeset="13835225" timestamp="2012-11-11T16:49:51Z" user="Pierre-Alain Dorange" uid="28269" lat="47.3555900" lon="-1.7499460"/>
 <node id="2008823925" visible="true" version="1" changeset="13835225" timestamp="2012-11-11T16:49:51Z" user="Pierre-Alain Dorange" uid="28269" lat="47.3555930" lon="-1.7497710"/>
 <node id="2008823928" visible="true" version="1" changeset="13835225" timestamp="2012-11-11T16:49:51Z" user="Pierre-Alain Dorange" uid="28269" lat="47.3555960" lon="-1.7495470"/>
 <node id="2008823931" visible="true" version="1" changeset="13835225" timestamp="2012-11-11T16:49:51Z" user="Pierre-Alain Dorange" uid="28269" lat="47.3556050" lon="-1.7496320"/>
 <node id="2008823936" visible="true" version="1" changeset="13835225" timestamp="2012-11-11T16:49:51Z" user="Pierre-Alain Dorange" uid="28269" lat="47.3556090" lon="-1.7498390"/>
 <node id="2008823939" visible="true" version="1" changeset="13835225" timestamp="2012-11-11T16:49:52Z" user="Pierre-Alain Dorange" uid="28269" lat="47.3556230" lon="-1.7495460"/>
 <node id="2008823942" visible="true" version="1" changeset="13835225" timestamp="2012-11-11T16:49:52Z" user="Pierre-Alain Dorange" uid="28269" lat="47.3556660" lon="-1.7506430"/>
 <node id="2008823945" visible="true" version="1" changeset="13835225" timestamp="2012-11-11T16:49:52Z" user="Pierre-Alain Dorange" uid="28269" lat="47.3556800" lon="-1.7499740"/>
 <node id="2008823948" visible="true" version="1" changeset="13835225" timestamp="2012-11-11T16:49:52Z" user="Pierre-Alain Dorange" uid="28269" lat="47.3556800" lon="-1.7506040"/>
 <node id="2008823962" visible="true" version="1" changeset="13835225" timestamp="2012-11-11T16:49:52Z" user="Pierre-Alain Dorange" uid="28269" lat="47.3556850" lon="-1.7498710"/>
 <node id="2008823966" visible="true" version="1" changeset="13835225" timestamp="2012-11-11T16:49:52Z" user="Pierre-Alain Dorange" uid="28269" lat="47.3556960" lon="-1.7498110"/>
 <node id="2008823970" visible="true" version="1" changeset="13835225" timestamp="2012-11-11T16:49:52Z" user="Pierre-Alain Dorange" uid="28269" lat="47.3557000" lon="-1.7498800"/>
 <node id="2008823971" visible="true" version="1" changeset="13835225" timestamp="2012-11-11T16:49:52Z" user="Pierre-Alain Dorange" uid="28269" lat="47.3557020" lon="-1.7506530"/>
 <node id="2008823974" visible="true" version="1" changeset="13835225" timestamp="2012-11-11T16:49:52Z" user="Pierre-Alain Dorange" uid="28269" lat="47.3557080" lon="-1.7506160"/>
 <node id="2008823977" visible="true" version="1" changeset="13835225" timestamp="2012-11-11T16:49:52Z" user="Pierre-Alain Dorange" uid="28269" lat="47.3557350" lon="-1.7501000"/>
 <node id="2008823986" visible="true" version="1" changeset="13835225" timestamp="2012-11-11T16:49:52Z" user="Pierre-Alain Dorange" uid="28269" lat="47.3557580" lon="-1.7499360"/>
 <node id="2008823992" visible="true" version="1" changeset="13835225" timestamp="2012-11-11T16:49:52Z" user="Pierre-Alain Dorange" uid="28269" lat="47.3557650" lon="-1.7498800"/>
 <node id="2008823998" visible="true" version="2" changeset="136616227" timestamp="2023-05-27T09:03:48Z" user="Frêne" uid="16004379" lat="47.3557781" lon="-1.7497972"/>
 <node id="2008824001" visible="true" version="1" changeset="13835225" timestamp="2012-11-11T16:49:52Z" user="Pierre-Alain Dorange" uid="28269" lat="47.3558020" lon="-1.7499500"/>
 <node id="2008824004" visible="true" version="1" changeset="13835225" timestamp="2012-11-11T16:49:52Z" user="Pierre-Alain Dorange" uid="28269" lat="47.3558090" lon="-1.7498950"/>
 <node id="2008824007" visible="true" version="2" changeset="136616227" timestamp="2023-05-27T09:03:48Z" user="Frêne" uid="16004379" lat="47.3558221" lon="-1.7498112"/>
 <node id="2008824010" visible="true" version="1" changeset="13835225" timestamp="2012-11-11T16:49:52Z" user="Pierre-Alain Dorange" uid="28269" lat="47.3558260" lon="-1.7497690"/>
 <node id="2008824013" visible="true" version="2" changeset="136616227" timestamp="2023-05-27T09:03:48Z" user="Frêne" uid="16004379" lat="47.3558425" lon="-1.7501367"/>
 <node id="2008824016" visible="true" version="2" changeset="136616227" timestamp="2023-05-27T09:03:48Z" user="Frêne" uid="16004379" lat="47.3558677" lon="-1.7499596"/>
 <node id="2008824019" visible="true" version="1" changeset="13835225" timestamp="2012-11-11T16:49:52Z" user="Pierre-Alain Dorange" uid="28269" lat="47.3558410" lon="-1.7497650"/>
 <node id="2008824022" visible="true" version="1" changeset="13835225" timestamp="2012-11-11T16:49:52Z" user="Pierre-Alain Dorange" uid="28269" lat="47.3558500" lon="-1.7497160"/>
 <node id="2008824029" visible="true" version="2" changeset="136616227" timestamp="2023-05-27T09:03:48Z" user="Frêne" uid="16004379" lat="47.3558857" lon="-1.7498312"/>
 <node id="2008824033" visible="true" version="2" changeset="136616227" timestamp="2023-05-27T09:03:48Z" user="Frêne" uid="16004379" lat="47.3559005" lon="-1.7497337"/>
 <node id="2008824035" visible="true" version="2" changeset="136616227" timestamp="2023-05-27T09:03:48Z" user="Frêne" uid="16004379" lat="47.3559307" lon="-1.7499787"/>
 <node id="2008824037" visible="true" version="2" changeset="136616227" timestamp="2023-05-27T09:03:48Z" user="Frêne" uid="16004379" lat="47.3559489" lon="-1.7498492"/>
 <node id="2008824049" visible="true" version="1" changeset="13835225" timestamp="2012-11-11T16:49:52Z" user="Pierre-Alain Dorange" uid="28269" lat="47.3559610" lon="-1.7504760"/>
 <node id="2008824052" visible="true" version="2" changeset="136616227" timestamp="2023-05-27T09:03:48Z" user="Frêne" uid="16004379" lat="47.3559897" lon="-1.7502752"/>
 <node id="2008824055" visible="true" version="1" changeset="13835225" timestamp="2012-11-11T16:49:52Z" user="Pierre-Alain Dorange" uid="28269" lat="47.3560310" lon="-1.7506900"/>
 <node id="2008824061" visible="true" version="1" changeset="13835225" timestamp="2012-11-11T16:49:53Z" user="Pierre-Alain Dorange" uid="28269" lat="47.3560340" lon="-1.7507580"/>
 <node id="2008824064" visible="true" version="1" changeset="13835225" timestamp="2012-11-11T16:49:53Z" user="Pierre-Alain Dorange" uid="28269" lat="47.3560600" lon="-1.7507570"/>
 <node id="2008824067" visible="true" version="1" changeset="13835225" timestamp="2012-11-11T16:49:53Z" user="Pierre-Alain Dorange" uid="28269" lat="47.3560610" lon="-1.7506880"/>
 <node id="2008824070" visible="true" version="2" changeset="136616227" timestamp="2023-05-27T09:03:48Z" user="Frêne" uid="16004379" lat="47.3560870" lon="-1.7504106"/>
 <node id="2008824072" visible="true" version="2" changeset="136616227" timestamp="2023-05-27T09:03:48Z" user="Frêne" uid="16004379" lat="47.3561004" lon="-1.7503080"/>
 <node id="2008824096" visible="true" version="2" changeset="136616227" timestamp="2023-05-27T09:03:48Z" user="Frêne" uid="16004379" lat="47.3561801" lon="-1.7505527"/>
 <node id="2008824098" visible="true" version="2" changeset="136616227" timestamp="2023-05-27T09:03:48Z" user="Frêne" uid="16004379" lat="47.3561965" lon="-1.7504507"/>
 <node id="2008824253" visible="true" version="1" changeset="13835225" timestamp="2012-11-11T16:49:54Z" user="Pierre-Alain Dorange" uid="28269" lat="47.3569470" lon="-1.7607190"/>
 <node id="2008824277" visible="true" version="1" changeset="13835225" timestamp="2012-11-11T16:49:55Z" user="Pierre-Alain Dorange" uid="28269" lat="47.3570050" lon="-1.7606460"/>
 <node id="2008824279" visible="true" version="1" changeset="13835225" timestamp="2012-11-11T16:49:55Z" user="Pierre-Alain Dorange" uid="28269" lat="47.3570170" lon="-1.7606660"/>
 <node id="2008824359" visible="true" version="1" changeset="13835225" timestamp="2012-11-11T16:49:56Z" user="Pierre-Alain Dorange" uid="28269" lat="47.3570360" lon="-1.7608980"/>
 <node id="2008824361" visible="true" version="1" changeset="13835225" timestamp="2012-11-11T16:49:56Z" user="Pierre-Alain Dorange" uid="28269" lat="47.3570450" lon="-1.7608860"/>
 <node id="2008824369" visible="true" version="1" changeset="13835225" timestamp="2012-11-11T16:49:57Z" user="Pierre-Alain Dorange" uid="28269" lat="47.3570670" lon="-1.7609200"/>
 <node id="2008824371" visible="true" version="1" changeset="13835225" timestamp="2012-11-11T16:49:57Z" user="Pierre-Alain Dorange" uid="28269" lat="47.3570680" lon="-1.7608570"/>
 <node id="2008824374" visible="true" version="1" changeset="13835225" timestamp="2012-11-11T16:49:57Z" user="Pierre-Alain Dorange" uid="28269" lat="47.3570760" lon="-1.7606070"/>
 <node id="2008824375" visible="true" version="1" changeset="13835225" timestamp="2012-11-11T16:49:57Z" user="Pierre-Alain Dorange" uid="28269" lat="47.3570860" lon="-1.7609000"/>
 <node id="2008824379" visible="true" version="1" changeset="13835225" timestamp="2012-11-11T16:49:57Z" user="Pierre-Alain Dorange" uid="28269" lat="47.3571060" lon="-1.7608140"/>
 <node id="2008824389" visible="true" version="1" changeset="13835225" timestamp="2012-11-11T16:49:57Z" user="Pierre-Alain Dorange" uid="28269" lat="47.3571260" lon="-1.7608580"/>
 <node id="2008824391" visible="true" version="1" changeset="13835225" timestamp="2012-11-11T16:49:57Z" user="Pierre-Alain Dorange" uid="28269" lat="47.3571570" lon="-1.7607590"/>
 <node id="2008824393" visible="true" version="1" changeset="13835225" timestamp="2012-11-11T16:49:57Z" user="Pierre-Alain Dorange" uid="28269" lat="47.3571890" lon="-1.7609500"/>
 <node id="2008824406" visible="true" version="1" changeset="13835225" timestamp="2012-11-11T16:49:57Z" user="Pierre-Alain Dorange" uid="28269" lat="47.3572320" lon="-1.7608930"/>
 <node id="2008824414" visible="true" version="1" changeset="13835225" timestamp="2012-11-11T16:49:57Z" user="Pierre-Alain Dorange" uid="28269" lat="47.3572560" lon="-1.7610670"/>
 <node id="2008824429" visible="true" version="1" changeset="13835225" timestamp="2012-11-11T16:49:57Z" user="Pierre-Alain Dorange" uid="28269" lat="47.3573020" lon="-1.7610200"/>
 <node id="2008824469" visible="true" version="1" changeset="13835225" timestamp="2012-11-11T16:49:58Z" user="Pierre-Alain Dorange" uid="28269" lat="47.3575700" lon="-1.7611790"/>
 <node id="2008824473" visible="true" version="1" changeset="13835225" timestamp="2012-11-11T16:49:58Z" user="Pierre-Alain Dorange" uid="28269" lat="47.3575880" lon="-1.7612760"/>
 <node id="2008824475" visible="true" version="1" changeset="13835225" timestamp="2012-11-11T16:49:58Z" user="Pierre-Alain Dorange" uid="28269" lat="47.3576260" lon="-1.7612620"/>
 <node id="2008824480" visible="true" version="1" changeset="13835225" timestamp="2012-11-11T16:49:58Z" user="Pierre-Alain Dorange" uid="28269" lat="47.3576400" lon="-1.7613490"/>
 <node id="2008824483" visible="true" version="1" changeset="13835225" timestamp="2012-11-11T16:49:58Z" user="Pierre-Alain Dorange" uid="28269" lat="47.3576430" lon="-1.7611480"/>
 <node id="2008824489" visible="true" version="1" changeset="13835225" timestamp="2012-11-11T16:49:58Z" user="Pierre-Alain Dorange" uid="28269" lat="47.3576620" lon="-1.7612380"/>
 <node id="2008824492" visible="true" version="1" changeset="13835225" timestamp="2012-11-11T16:49:58Z" user="Pierre-Alain Dorange" uid="28269" lat="47.3576700" lon="-1.7612390"/>
 <node id="2008824498" visible="true" version="1" changeset="13835225" timestamp="2012-11-11T16:49:58Z" user="Pierre-Alain Dorange" uid="28269" lat="47.3576830" lon="-1.7613320"/>
 <node id="2008824507" visible="true" version="1" changeset="13835225" timestamp="2012-11-11T16:49:58Z" user="Pierre-Alain Dorange" uid="28269" lat="47.3580800" lon="-1.7636420"/>
 <node id="2008824510" visible="true" version="1" changeset="13835225" timestamp="2012-11-11T16:49:58Z" user="Pierre-Alain Dorange" uid="28269" lat="47.3581010" lon="-1.7637880"/>
 <node id="2008824513" visible="true" version="1" changeset="13835225" timestamp="2012-11-11T16:49:58Z" user="Pierre-Alain Dorange" uid="28269" lat="47.3581370" lon="-1.7636200"/>
 <node id="2008824516" visible="true" version="1" changeset="13835225" timestamp="2012-11-11T16:49:58Z" user="Pierre-Alain Dorange" uid="28269" lat="47.3581420" lon="-1.7637830"/>
 <node id="2008824519" visible="true" version="1" changeset="13835225" timestamp="2012-11-11T16:49:58Z" user="Pierre-Alain Dorange" uid="28269" lat="47.3581530" lon="-1.7638230"/>
 <node id="2008824522" visible="true" version="1" changeset="13835225" timestamp="2012-11-11T16:49:58Z" user="Pierre-Alain Dorange" uid="28269" lat="47.3581590" lon="-1.7641460"/>
 <node id="2008824524" visible="true" version="1" changeset="13835225" timestamp="2012-11-11T16:49:58Z" user="Pierre-Alain Dorange" uid="28269" lat="47.3581600" lon="-1.7637210"/>
 <node id="2008824527" visible="true" version="1" changeset="13835225" timestamp="2012-11-11T16:49:58Z" user="Pierre-Alain Dorange" uid="28269" lat="47.3581700" lon="-1.7641950"/>
 <node id="2008824529" visible="true" version="1" changeset="13835225" timestamp="2012-11-11T16:49:58Z" user="Pierre-Alain Dorange" uid="28269" lat="47.3581880" lon="-1.7637160"/>
 <node id="2008824531" visible="true" version="1" changeset="13835225" timestamp="2012-11-11T16:49:58Z" user="Pierre-Alain Dorange" uid="28269" lat="47.3581930" lon="-1.7643470"/>
 <node id="2008824533" visible="true" version="1" changeset="13835225" timestamp="2012-11-11T16:49:58Z" user="Pierre-Alain Dorange" uid="28269" lat="47.3582000" lon="-1.7637640"/>
 <node id="2008824535" visible="true" version="1" changeset="13835225" timestamp="2012-11-11T16:49:58Z" user="Pierre-Alain Dorange" uid="28269" lat="47.3582010" lon="-1.7623850"/>
 <node id="2008824538" visible="true" version="1" changeset="13835225" timestamp="2012-11-11T16:49:58Z" user="Pierre-Alain Dorange" uid="28269" lat="47.3582030" lon="-1.7641250"/>
 <node id="2008824541" visible="true" version="1" changeset="13835225" timestamp="2012-11-11T16:49:58Z" user="Pierre-Alain Dorange" uid="28269" lat="47.3582070" lon="-1.7637980"/>
 <node id="2008824545" visible="true" version="2" changeset="13914864" timestamp="2012-11-18T07:47:21Z" user="user_870861" uid="870861" lat="47.3582081" lon="-1.7641762"/>
 <node id="2008824548" visible="true" version="1" changeset="13835225" timestamp="2012-11-11T16:49:58Z" user="Pierre-Alain Dorange" uid="28269" lat="47.3582120" lon="-1.7644220"/>
 <node id="2008824550" visible="true" version="1" changeset="13835225" timestamp="2012-11-11T16:49:58Z" user="Pierre-Alain Dorange" uid="28269" lat="47.3582360" lon="-1.7626190"/>
 <node id="2008824553" visible="true" version="1" changeset="13835225" timestamp="2012-11-11T16:49:58Z" user="Pierre-Alain Dorange" uid="28269" lat="47.3582450" lon="-1.7637470"/>
 <node id="2008824556" visible="true" version="1" changeset="13835225" timestamp="2012-11-11T16:49:58Z" user="Pierre-Alain Dorange" uid="28269" lat="47.3582450" lon="-1.7639610"/>
 <node id="2008824559" visible="true" version="1" changeset="13835225" timestamp="2012-11-11T16:49:58Z" user="Pierre-Alain Dorange" uid="28269" lat="47.3582450" lon="-1.7643180"/>
 <node id="2008824562" visible="true" version="1" changeset="13835225" timestamp="2012-11-11T16:49:58Z" user="Pierre-Alain Dorange" uid="28269" lat="47.3582480" lon="-1.7641030"/>
 <node id="2008824565" visible="true" version="1" changeset="13835225" timestamp="2012-11-11T16:49:58Z" user="Pierre-Alain Dorange" uid="28269" lat="47.3582580" lon="-1.7623640"/>
 <node id="2008824568" visible="true" version="1" changeset="13835225" timestamp="2012-11-11T16:49:58Z" user="Pierre-Alain Dorange" uid="28269" lat="47.3582590" lon="-1.7641510"/>
 <node id="2008824571" visible="true" version="1" changeset="13835225" timestamp="2012-11-11T16:49:58Z" user="Pierre-Alain Dorange" uid="28269" lat="47.3582670" lon="-1.7624250"/>
 <node id="2008824575" visible="true" version="1" changeset="13835225" timestamp="2012-11-11T16:49:59Z" user="Pierre-Alain Dorange" uid="28269" lat="47.3582680" lon="-1.7641470"/>
 <node id="2008824578" visible="true" version="1" changeset="13835225" timestamp="2012-11-11T16:49:59Z" user="Pierre-Alain Dorange" uid="28269" lat="47.3582760" lon="-1.7624270"/>
 <node id="2008824580" visible="true" version="1" changeset="13835225" timestamp="2012-11-11T16:49:59Z" user="Pierre-Alain Dorange" uid="28269" lat="47.3582940" lon="-1.7642490"/>
 <node id="2008824584" visible="true" version="1" changeset="13835225" timestamp="2012-11-11T16:49:59Z" user="Pierre-Alain Dorange" uid="28269" lat="47.3582950" lon="-1.7639400"/>
 <node id="2008824586" visible="true" version="1" changeset="13835225" timestamp="2012-11-11T16:49:59Z" user="Pierre-Alain Dorange" uid="28269" lat="47.3583040" lon="-1.7625900"/>
 <node id="2008824600" visible="true" version="1" changeset="13835225" timestamp="2012-11-11T16:49:59Z" user="Pierre-Alain Dorange" uid="28269" lat="47.3583530" lon="-1.7642160"/>
 <node id="2008824602" visible="true" version="1" changeset="13835225" timestamp="2012-11-11T16:49:59Z" user="Pierre-Alain Dorange" uid="28269" lat="47.3583610" lon="-1.7642460"/>
 <node id="2008824604" visible="true" version="1" changeset="13835225" timestamp="2012-11-11T16:49:59Z" user="Pierre-Alain Dorange" uid="28269" lat="47.3583740" lon="-1.7642970"/>
 <node id="2008824606" visible="true" version="1" changeset="13835225" timestamp="2012-11-11T16:49:59Z" user="Pierre-Alain Dorange" uid="28269" lat="47.3583770" lon="-1.7642370"/>
 <node id="2008824608" visible="true" version="1" changeset="13835225" timestamp="2012-11-11T16:49:59Z" user="Pierre-Alain Dorange" uid="28269" lat="47.3583820" lon="-1.7643270"/>
 <node id="2008824610" visible="true" version="1" changeset="13835225" timestamp="2012-11-11T16:49:59Z" user="Pierre-Alain Dorange" uid="28269" lat="47.3583900" lon="-1.7642880"/>
 <node id="2008824613" visible="true" version="1" changeset="13835225" timestamp="2012-11-11T16:49:59Z" user="Pierre-Alain Dorange" uid="28269" lat="47.3584460" lon="-1.7634900"/>
 <node id="2008824616" visible="true" version="1" changeset="13835225" timestamp="2012-11-11T16:49:59Z" user="Pierre-Alain Dorange" uid="28269" lat="47.3584520" lon="-1.7639460"/>
 <node id="2008824619" visible="true" version="1" changeset="13835225" timestamp="2012-11-11T16:49:59Z" user="Pierre-Alain Dorange" uid="28269" lat="47.3584560" lon="-1.7635640"/>
 <node id="2008824622" visible="true" version="1" changeset="13835225" timestamp="2012-11-11T16:49:59Z" user="Pierre-Alain Dorange" uid="28269" lat="47.3584620" lon="-1.7635610"/>
 <node id="2008824625" visible="true" version="1" changeset="13835225" timestamp="2012-11-11T16:49:59Z" user="Pierre-Alain Dorange" uid="28269" lat="47.3584640" lon="-1.7639990"/>
 <node id="2008824628" visible="true" version="1" changeset="13835225" timestamp="2012-11-11T16:49:59Z" user="Pierre-Alain Dorange" uid="28269" lat="47.3584760" lon="-1.7639950"/>
 <node id="2008824639" visible="true" version="1" changeset="13835225" timestamp="2012-11-11T16:49:59Z" user="Pierre-Alain Dorange" uid="28269" lat="47.3584910" lon="-1.7634690"/>
 <node id="2008824642" visible="true" version="1" changeset="13835225" timestamp="2012-11-11T16:49:59Z" user="Pierre-Alain Dorange" uid="28269" lat="47.3584950" lon="-1.7640870"/>
 <node id="2008824645" visible="true" version="1" changeset="13835225" timestamp="2012-11-11T16:49:59Z" user="Pierre-Alain Dorange" uid="28269" lat="47.3584980" lon="-1.7639340"/>
 <node id="2008824651" visible="true" version="1" changeset="13835225" timestamp="2012-11-11T16:49:59Z" user="Pierre-Alain Dorange" uid="28269" lat="47.3585070" lon="-1.7635400"/>
 <node id="2008824654" visible="true" version="1" changeset="13835225" timestamp="2012-11-11T16:49:59Z" user="Pierre-Alain Dorange" uid="28269" lat="47.3585070" lon="-1.7640830"/>
 <node id="2008824657" visible="true" version="1" changeset="13835225" timestamp="2012-11-11T16:49:59Z" user="Pierre-Alain Dorange" uid="28269" lat="47.3585080" lon="-1.7639830"/>
 <node id="2008824659" visible="true" version="1" changeset="13835225" timestamp="2012-11-11T16:49:59Z" user="Pierre-Alain Dorange" uid="28269" lat="47.3585140" lon="-1.7638320"/>
 <node id="2008824661" visible="true" version="1" changeset="13835225" timestamp="2012-11-11T16:49:59Z" user="Pierre-Alain Dorange" uid="28269" lat="47.3585170" lon="-1.7641350"/>
 <node id="2008824663" visible="true" version="1" changeset="13835225" timestamp="2012-11-11T16:49:59Z" user="Pierre-Alain Dorange" uid="28269" lat="47.3585280" lon="-1.7636310"/>
 <node id="2008824665" visible="true" version="1" changeset="13835225" timestamp="2012-11-11T16:49:59Z" user="Pierre-Alain Dorange" uid="28269" lat="47.3585310" lon="-1.7636430"/>
 <node id="2008824667" visible="true" version="1" changeset="13835225" timestamp="2012-11-11T16:49:59Z" user="Pierre-Alain Dorange" uid="28269" lat="47.3585310" lon="-1.7639750"/>
 <node id="2008824669" visible="true" version="1" changeset="13835225" timestamp="2012-11-11T16:49:59Z" user="Pierre-Alain Dorange" uid="28269" lat="47.3585330" lon="-1.7639160"/>
 <node id="2008824671" visible="true" version="1" changeset="13835225" timestamp="2012-11-11T16:49:59Z" user="Pierre-Alain Dorange" uid="28269" lat="47.3585450" lon="-1.7640540"/>
 <node id="2008824674" visible="true" version="1" changeset="13835225" timestamp="2012-11-11T16:49:59Z" user="Pierre-Alain Dorange" uid="28269" lat="47.3585470" lon="-1.7637190"/>
 <node id="2008824677" visible="true" version="1" changeset="13835225" timestamp="2012-11-11T16:49:59Z" user="Pierre-Alain Dorange" uid="28269" lat="47.3585520" lon="-1.7636200"/>
 <node id="2008824680" visible="true" version="1" changeset="13835225" timestamp="2012-11-11T16:49:59Z" user="Pierre-Alain Dorange" uid="28269" lat="47.3585550" lon="-1.7636320"/>
 <node id="2008824683" visible="true" version="1" changeset="13835225" timestamp="2012-11-11T16:49:59Z" user="Pierre-Alain Dorange" uid="28269" lat="47.3585550" lon="-1.7640530"/>
 <node id="2008824686" visible="true" version="1" changeset="13835225" timestamp="2012-11-11T16:49:59Z" user="Pierre-Alain Dorange" uid="28269" lat="47.3585640" lon="-1.7638080"/>
 <node id="2008824689" visible="true" version="1" changeset="13835225" timestamp="2012-11-11T16:49:59Z" user="Pierre-Alain Dorange" uid="28269" lat="47.3585690" lon="-1.7641180"/>
 <node id="2008824692" visible="true" version="1" changeset="13835225" timestamp="2012-11-11T16:49:59Z" user="Pierre-Alain Dorange" uid="28269" lat="47.3585720" lon="-1.7637110"/>
 <node id="2008824695" visible="true" version="1" changeset="13835225" timestamp="2012-11-11T16:49:59Z" user="Pierre-Alain Dorange" uid="28269" lat="47.3585840" lon="-1.7638950"/>
 <node id="2008824698" visible="true" version="1" changeset="13835225" timestamp="2012-11-11T16:50:00Z" user="Pierre-Alain Dorange" uid="28269" lat="47.3586190" lon="-1.7639090"/>
 <node id="2008824701" visible="true" version="1" changeset="13835225" timestamp="2012-11-11T16:50:00Z" user="Pierre-Alain Dorange" uid="28269" lat="47.3586250" lon="-1.7639410"/>
 <node id="2008824704" visible="true" version="1" changeset="13835225" timestamp="2012-11-11T16:50:00Z" user="Pierre-Alain Dorange" uid="28269" lat="47.3586370" lon="-1.7640030"/>
 <node id="2008824707" visible="true" version="1" changeset="13835225" timestamp="2012-11-11T16:50:00Z" user="Pierre-Alain Dorange" uid="28269" lat="47.3586430" lon="-1.7638980"/>
 <node id="2008824710" visible="true" version="1" changeset="13835225" timestamp="2012-11-11T16:50:00Z" user="Pierre-Alain Dorange" uid="28269" lat="47.3586500" lon="-1.7639310"/>
 <node id="2008824713" visible="true" version="1" changeset="13835225" timestamp="2012-11-11T16:50:00Z" user="Pierre-Alain Dorange" uid="28269" lat="47.3586630" lon="-1.7639940"/>
 <node id="2008825155" visible="true" version="1" changeset="13835225" timestamp="2012-11-11T16:50:03Z" user="Pierre-Alain Dorange" uid="28269" lat="47.3643920" lon="-1.7598940"/>
 <node id="2008825157" visible="true" version="1" changeset="13835225" timestamp="2012-11-11T16:50:03Z" user="Pierre-Alain Dorange" uid="28269" lat="47.3644040" lon="-1.7591150"/>
 <node id="2008825159" visible="true" version="1" changeset="13835225" timestamp="2012-11-11T16:50:03Z" user="Pierre-Alain Dorange" uid="28269" lat="47.3644120" lon="-1.7590410"/>
 <node id="2008825161" visible="true" version="1" changeset="13835225" timestamp="2012-11-11T16:50:03Z" user="Pierre-Alain Dorange" uid="28269" lat="47.3644140" lon="-1.7595750"/>
 <node id="2008825163" visible="true" version="1" changeset="13835225" timestamp="2012-11-11T16:50:04Z" user="Pierre-Alain Dorange" uid="28269" lat="47.3644390" lon="-1.7592040"/>
 <node id="2008825165" visible="true" version="1" changeset="13835225" timestamp="2012-11-11T16:50:04Z" user="Pierre-Alain Dorange" uid="28269" lat="47.3644520" lon="-1.7599010"/>
 <node id="2008825167" visible="true" version="1" changeset="13835225" timestamp="2012-11-11T16:50:04Z" user="Pierre-Alain Dorange" uid="28269" lat="47.3644760" lon="-1.7595840"/>
 <node id="2008825168" visible="true" version="1" changeset="13835225" timestamp="2012-11-11T16:50:04Z" user="Pierre-Alain Dorange" uid="28269" lat="47.3644880" lon="-1.7593300"/>
 <node id="2008825169" visible="true" version="1" changeset="13835225" timestamp="2012-11-11T16:50:04Z" user="Pierre-Alain Dorange" uid="28269" lat="47.3644970" lon="-1.7593310"/>
 <node id="2008825170" visible="true" version="1" changeset="13835225" timestamp="2012-11-11T16:50:04Z" user="Pierre-Alain Dorange" uid="28269" lat="47.3645040" lon="-1.7592140"/>
 <node id="2008825171" visible="true" version="1" changeset="13835225" timestamp="2012-11-11T16:50:04Z" user="Pierre-Alain Dorange" uid="28269" lat="47.3645370" lon="-1.7599030"/>
 <node id="2008825172" visible="true" version="1" changeset="13835225" timestamp="2012-11-11T16:50:04Z" user="Pierre-Alain Dorange" uid="28269" lat="47.3645420" lon="-1.7598660"/>
 <node id="2008825173" visible="true" version="1" changeset="13835225" timestamp="2012-11-11T16:50:04Z" user="Pierre-Alain Dorange" uid="28269" lat="47.3645690" lon="-1.7598700"/>
 <node id="2008825174" visible="true" version="1" changeset="13835225" timestamp="2012-11-11T16:50:04Z" user="Pierre-Alain Dorange" uid="28269" lat="47.3645700" lon="-1.7599120"/>
 <node id="2008825176" visible="true" version="1" changeset="13835225" timestamp="2012-11-11T16:50:04Z" user="Pierre-Alain Dorange" uid="28269" lat="47.3645710" lon="-1.7599370"/>
 <node id="2008825178" visible="true" version="1" changeset="13835225" timestamp="2012-11-11T16:50:04Z" user="Pierre-Alain Dorange" uid="28269" lat="47.3645730" lon="-1.7598400"/>
 <node id="2008825180" visible="true" version="1" changeset="13835225" timestamp="2012-11-11T16:50:04Z" user="Pierre-Alain Dorange" uid="28269" lat="47.3645780" lon="-1.7595130"/>
 <node id="2008825182" visible="true" version="1" changeset="13835225" timestamp="2012-11-11T16:50:04Z" user="Pierre-Alain Dorange" uid="28269" lat="47.3645880" lon="-1.7599420"/>
 <node id="2008825184" visible="true" version="1" changeset="13835225" timestamp="2012-11-11T16:50:04Z" user="Pierre-Alain Dorange" uid="28269" lat="47.3645920" lon="-1.7599140"/>
 <node id="2008825186" visible="true" version="1" changeset="13835225" timestamp="2012-11-11T16:50:04Z" user="Pierre-Alain Dorange" uid="28269" lat="47.3645940" lon="-1.7591580"/>
 <node id="2008825188" visible="true" version="1" changeset="13835225" timestamp="2012-11-11T16:50:04Z" user="Pierre-Alain Dorange" uid="28269" lat="47.3646010" lon="-1.7590860"/>
 <node id="2008825190" visible="true" version="1" changeset="13835225" timestamp="2012-11-11T16:50:04Z" user="Pierre-Alain Dorange" uid="28269" lat="47.3646020" lon="-1.7598700"/>
 <node id="2008825197" visible="true" version="1" changeset="13835225" timestamp="2012-11-11T16:50:04Z" user="Pierre-Alain Dorange" uid="28269" lat="47.3646030" lon="-1.7598440"/>
 <node id="2008825199" visible="true" version="1" changeset="13835225" timestamp="2012-11-11T16:50:04Z" user="Pierre-Alain Dorange" uid="28269" lat="47.3646070" lon="-1.7592680"/>
 <node id="2008825201" visible="true" version="1" changeset="13835225" timestamp="2012-11-11T16:50:04Z" user="Pierre-Alain Dorange" uid="28269" lat="47.3646170" lon="-1.7599160"/>
 <node id="2008825203" visible="true" version="1" changeset="13835225" timestamp="2012-11-11T16:50:04Z" user="Pierre-Alain Dorange" uid="28269" lat="47.3646180" lon="-1.7598740"/>
 <node id="2008825205" visible="true" version="1" changeset="13835225" timestamp="2012-11-11T16:50:04Z" user="Pierre-Alain Dorange" uid="28269" lat="47.3646210" lon="-1.7599900"/>
 <node id="2008825207" visible="true" version="1" changeset="13835225" timestamp="2012-11-11T16:50:04Z" user="Pierre-Alain Dorange" uid="28269" lat="47.3646240" lon="-1.7599510"/>
 <node id="2008825209" visible="true" version="1" changeset="13835225" timestamp="2012-11-11T16:50:04Z" user="Pierre-Alain Dorange" uid="28269" lat="47.3646300" lon="-1.7598480"/>
 <node id="2008825211" visible="true" version="1" changeset="13835225" timestamp="2012-11-11T16:50:04Z" user="Pierre-Alain Dorange" uid="28269" lat="47.3646980" lon="-1.7600010"/>
 <node id="2008825213" visible="true" version="1" changeset="13835225" timestamp="2012-11-11T16:50:04Z" user="Pierre-Alain Dorange" uid="28269" lat="47.3647000" lon="-1.7599710"/>
 <node id="2008825215" visible="true" version="1" changeset="13835225" timestamp="2012-11-11T16:50:04Z" user="Pierre-Alain Dorange" uid="28269" lat="47.3647060" lon="-1.7598570"/>
 <node id="2008825217" visible="true" version="1" changeset="13835225" timestamp="2012-11-11T16:50:04Z" user="Pierre-Alain Dorange" uid="28269" lat="47.3647150" lon="-1.7598490"/>
 <node id="2008825220" visible="true" version="1" changeset="13835225" timestamp="2012-11-11T16:50:04Z" user="Pierre-Alain Dorange" uid="28269" lat="47.3647210" lon="-1.7597330"/>
 <node id="2008825222" visible="true" version="1" changeset="13835225" timestamp="2012-11-11T16:50:04Z" user="Pierre-Alain Dorange" uid="28269" lat="47.3647250" lon="-1.7599220"/>
 <node id="2008825224" visible="true" version="1" changeset="13835225" timestamp="2012-11-11T16:50:04Z" user="Pierre-Alain Dorange" uid="28269" lat="47.3647300" lon="-1.7598510"/>
 <node id="2008825226" visible="true" version="1" changeset="13835225" timestamp="2012-11-11T16:50:04Z" user="Pierre-Alain Dorange" uid="28269" lat="47.3647340" lon="-1.7594140"/>
 <node id="2008825228" visible="true" version="1" changeset="13835225" timestamp="2012-11-11T16:50:04Z" user="Pierre-Alain Dorange" uid="28269" lat="47.3647420" lon="-1.7593080"/>
 <node id="2008825232" visible="true" version="1" changeset="13835225" timestamp="2012-11-11T16:50:04Z" user="Pierre-Alain Dorange" uid="28269" lat="47.3648100" lon="-1.7599310"/>
 <node id="2008825235" visible="true" version="1" changeset="13835225" timestamp="2012-11-11T16:50:04Z" user="Pierre-Alain Dorange" uid="28269" lat="47.3648180" lon="-1.7597460"/>
 <node id="2008825239" visible="true" version="1" changeset="13835225" timestamp="2012-11-11T16:50:04Z" user="Pierre-Alain Dorange" uid="28269" lat="47.3648560" lon="-1.7595900"/>
 <node id="2008825245" visible="true" version="1" changeset="13835225" timestamp="2012-11-11T16:50:05Z" user="Pierre-Alain Dorange" uid="28269" lat="47.3648720" lon="-1.7594520"/>
 <node id="2009005568" visible="true" version="2" changeset="173348894" timestamp="2025-10-16T06:26:06Z" user="Falig44" uid="23098618" lat="47.3657920" lon="-1.7591077"/>
 <node id="2009005571" visible="true" version="1" changeset="13836418" timestamp="2012-11-11T17:55:32Z" user="Pierre-Alain Dorange" uid="28269" lat="47.3662025" lon="-1.7551056"/>
 <node id="2009005573" visible="true" version="1" changeset="13836418" timestamp="2012-11-11T17:55:32Z" user="Pierre-Alain Dorange" uid="28269" lat="47.3662813" lon="-1.7610485"/>
 <node id="2009005576" visible="true" version="1" changeset="13836418" timestamp="2012-11-11T17:55:32Z" user="Pierre-Alain Dorange" uid="28269" lat="47.3662936" lon="-1.7608584"/>
 <node id="2009005579" visible="true" version="1" changeset="13836418" timestamp="2012-11-11T17:55:32Z" user="Pierre-Alain Dorange" uid="28269" lat="47.3663271" lon="-1.7608194"/>
 <node id="2009005581" visible="true" version="1" changeset="13836418" timestamp="2012-11-11T17:55:32Z" user="Pierre-Alain Dorange" uid="28269" lat="47.3663289" lon="-1.7611265"/>
 <node id="2009005583" visible="true" version="1" changeset="13836418" timestamp="2012-11-11T17:55:32Z" user="Pierre-Alain Dorange" uid="28269" lat="47.3663571" lon="-1.7543951"/>
 <node id="2009005586" visible="true" version="1" changeset="13836418" timestamp="2012-11-11T17:55:32Z" user="Pierre-Alain Dorange" uid="28269" lat="47.3664020" lon="-1.7542994"/>
 <node id="2009005589" visible="true" version="1" changeset="13836418" timestamp="2012-11-11T17:55:32Z" user="Pierre-Alain Dorange" uid="28269" lat="47.3664643" lon="-1.7542662"/>
 <node id="2009005592" visible="true" version="1" changeset="13836418" timestamp="2012-11-11T17:55:32Z" user="Pierre-Alain Dorange" uid="28269" lat="47.3665123" lon="-1.7608298"/>
 <node id="2009005604" visible="true" version="1" changeset="13836418" timestamp="2012-11-11T17:55:32Z" user="Pierre-Alain Dorange" uid="28269" lat="47.3666992" lon="-1.7611656"/>
 <node id="2009005607" visible="true" version="1" changeset="13836418" timestamp="2012-11-11T17:55:32Z" user="Pierre-Alain Dorange" uid="28269" lat="47.3667274" lon="-1.7611213"/>
 <node id="2009005610" visible="true" version="1" changeset="13836418" timestamp="2012-11-11T17:55:33Z" user="Pierre-Alain Dorange" uid="28269" lat="47.3667379" lon="-1.7608793"/>
 <node id="2009005613" visible="true" version="1" changeset="13836418" timestamp="2012-11-11T17:55:33Z" user="Pierre-Alain Dorange" uid="28269" lat="47.3668857" lon="-1.7541705"/>
 <node id="2009005619" visible="true" version="1" changeset="13836418" timestamp="2012-11-11T17:55:33Z" user="Pierre-Alain Dorange" uid="28269" lat="47.3672473" lon="-1.7540858"/>
 <node id="2009005621" visible="true" version="1" changeset="13836418" timestamp="2012-11-11T17:55:33Z" user="Pierre-Alain Dorange" uid="28269" lat="47.3674118" lon="-1.7540048"/>
 <node id="2009005622" visible="true" version="1" changeset="13836418" timestamp="2012-11-11T17:55:33Z" user="Pierre-Alain Dorange" uid="28269" lat="47.3674866" lon="-1.7538870"/>
 <node id="2009005623" visible="true" version="1" changeset="13836418" timestamp="2012-11-11T17:55:33Z" user="Pierre-Alain Dorange" uid="28269" lat="47.3676901" lon="-1.7779083"/>
 <node id="2009005624" visible="true" version="1" changeset="13836418" timestamp="2012-11-11T17:55:33Z" user="Pierre-Alain Dorange" uid="28269" lat="47.3676902" lon="-1.7784641"/>
 <node id="2009005626" visible="true" version="1" changeset="13836418" timestamp="2012-11-11T17:55:33Z" user="Pierre-Alain Dorange" uid="28269" lat="47.3677335" lon="-1.7532612"/>
 <node id="2009005628" visible="true" version="1" changeset="13836418" timestamp="2012-11-11T17:55:33Z" user="Pierre-Alain Dorange" uid="28269" lat="47.3679155" lon="-1.7529998"/>
 <node id="2009005630" visible="true" version="1" changeset="13836418" timestamp="2012-11-11T17:55:33Z" user="Pierre-Alain Dorange" uid="28269" lat="47.3681947" lon="-1.7527937"/>
 <node id="2009005632" visible="true" version="1" changeset="13836418" timestamp="2012-11-11T17:55:33Z" user="Pierre-Alain Dorange" uid="28269" lat="47.3682264" lon="-1.7815183"/>
 <node id="2009005637" visible="true" version="1" changeset="13836418" timestamp="2012-11-11T17:55:33Z" user="Pierre-Alain Dorange" uid="28269" lat="47.3685494" lon="-1.7714842"/>
 <node id="2009005640" visible="true" version="1" changeset="13836418" timestamp="2012-11-11T17:55:33Z" user="Pierre-Alain Dorange" uid="28269" lat="47.3686136" lon="-1.7526538"/>
 <node id="2009005660" visible="true" version="1" changeset="13836418" timestamp="2012-11-11T17:55:33Z" user="Pierre-Alain Dorange" uid="28269" lat="47.3696655" lon="-1.7787389"/>
 <node id="2009005663" visible="true" version="1" changeset="13836418" timestamp="2012-11-11T17:55:33Z" user="Pierre-Alain Dorange" uid="28269" lat="47.3696768" lon="-1.7786653"/>
 <node id="2009005665" visible="true" version="1" changeset="13836418" timestamp="2012-11-11T17:55:33Z" user="Pierre-Alain Dorange" uid="28269" lat="47.3696768" lon="-1.7788033"/>
 <node id="2009005667" visible="true" version="1" changeset="13836418" timestamp="2012-11-11T17:55:33Z" user="Pierre-Alain Dorange" uid="28269" lat="47.3697229" lon="-1.7786192"/>
 <node id="2009005671" visible="true" version="2" changeset="145185652" timestamp="2023-12-16T14:10:35Z" user="StephaneP" uid="439947" lat="47.3698590" lon="-1.7795383"/>
 <node id="2009005673" visible="true" version="1" changeset="13836418" timestamp="2012-11-11T17:55:33Z" user="Pierre-Alain Dorange" uid="28269" lat="47.3698500" lon="-1.7794899"/>
 <node id="2009005682" visible="true" version="1" changeset="13836418" timestamp="2012-11-11T17:55:33Z" user="Pierre-Alain Dorange" uid="28269" lat="47.3700632" lon="-1.7784517"/>
 <node id="2009005686" visible="true" version="1" changeset="13836418" timestamp="2012-11-11T17:55:33Z" user="Pierre-Alain Dorange" uid="28269" lat="47.3703325" lon="-1.7783579"/>
 <node id="2009005690" visible="true" version="1" changeset="13836418" timestamp="2012-11-11T17:55:33Z" user="Pierre-Alain Dorange" uid="28269" lat="47.3704023" lon="-1.7783211"/>
 <node id="2009005692" visible="true" version="1" changeset="13836418" timestamp="2012-11-11T17:55:33Z" user="Pierre-Alain Dorange" uid="28269" lat="47.3704933" lon="-1.7782125"/>
 <node id="2009005694" visible="true" version="2" changeset="171435089" timestamp="2025-09-04T06:08:55Z" user="MacDony" uid="3701940" lat="47.3705616" lon="-1.7665513"/>
 <node id="2009005696" visible="true" version="1" changeset="13836418" timestamp="2012-11-11T17:55:33Z" user="Pierre-Alain Dorange" uid="28269" lat="47.3706192" lon="-1.7780284"/>
 <node id="2009005698" visible="true" version="1" changeset="13836418" timestamp="2012-11-11T17:55:33Z" user="Pierre-Alain Dorange" uid="28269" lat="47.3706903" lon="-1.7777965"/>
 <node id="2009005707" visible="true" version="1" changeset="13836418" timestamp="2012-11-11T17:55:33Z" user="Pierre-Alain Dorange" uid="28269" lat="47.3707277" lon="-1.7777118"/>
 <node id="2009005711" visible="true" version="1" changeset="13836418" timestamp="2012-11-11T17:55:34Z" user="Pierre-Alain Dorange" uid="28269" lat="47.3708174" lon="-1.7776363"/>
 <node id="2009005716" visible="true" version="1" changeset="13836418" timestamp="2012-11-11T17:55:34Z" user="Pierre-Alain Dorange" uid="28269" lat="47.3711116" lon="-1.7774375"/>
 <node id="2009005717" visible="true" version="1" changeset="13836418" timestamp="2012-11-11T17:55:34Z" user="Pierre-Alain Dorange" uid="28269" lat="47.3711493" lon="-1.7523630"/>
 <node id="2009005720" visible="true" version="1" changeset="13836418" timestamp="2012-11-11T17:55:34Z" user="Pierre-Alain Dorange" uid="28269" lat="47.3711959" lon="-1.7629949"/>
 <node id="2009005724" visible="true" version="1" changeset="13836418" timestamp="2012-11-11T17:55:34Z" user="Pierre-Alain Dorange" uid="28269" lat="47.3714185" lon="-1.7523630"/>
 <node id="2009005725" visible="true" version="1" changeset="13836418" timestamp="2012-11-11T17:55:34Z" user="Pierre-Alain Dorange" uid="28269" lat="47.3714208" lon="-1.7773032"/>
 <node id="2009005737" visible="true" version="1" changeset="13836418" timestamp="2012-11-11T17:55:34Z" user="Pierre-Alain Dorange" uid="28269" lat="47.3716728" lon="-1.7524734"/>
 <node id="2009005750" visible="true" version="1" changeset="13836418" timestamp="2012-11-11T17:55:34Z" user="Pierre-Alain Dorange" uid="28269" lat="47.3719431" lon="-1.7770307"/>
 <node id="2009005857" visible="true" version="1" changeset="13836418" timestamp="2012-11-11T17:55:35Z" user="Pierre-Alain Dorange" uid="28269" lat="47.3724405" lon="-1.7767086"/>
 <node id="2009005874" visible="true" version="1" changeset="13836418" timestamp="2012-11-11T17:55:35Z" user="Pierre-Alain Dorange" uid="28269" lat="47.3726826" lon="-1.7532502"/>
 <node id="2009005886" visible="true" version="1" changeset="13836418" timestamp="2012-11-11T17:55:35Z" user="Pierre-Alain Dorange" uid="28269" lat="47.3728122" lon="-1.7533348"/>
 <node id="2009005901" visible="true" version="1" changeset="13836418" timestamp="2012-11-11T17:55:35Z" user="Pierre-Alain Dorange" uid="28269" lat="47.3728920" lon="-1.7533385"/>
 <node id="2009005906" visible="true" version="1" changeset="13836418" timestamp="2012-11-11T17:55:35Z" user="Pierre-Alain Dorange" uid="28269" lat="47.3729493" lon="-1.7532575"/>
 <node id="2019847876" visible="true" version="1" changeset="13918686" timestamp="2012-11-18T14:37:14Z" user="Rinaldum" uid="203790" lat="47.3547716" lon="-1.7497554"/>
 <node id="2019847878" visible="true" version="2" changeset="42887851" timestamp="2016-10-14T06:47:41Z" user="Adrien G" uid="94804" lat="47.3572584" lon="-1.7464591"/>
 <node id="2019847879" visible="true" version="1" changeset="13918686" timestamp="2012-11-18T14:37:14Z" user="Rinaldum" uid="203790" lat="47.3549170" lon="-1.7477062"/>
 <node id="2019847881" visible="true" version="1" changeset="13918686" timestamp="2012-11-18T14:37:14Z" user="Rinaldum" uid="203790" lat="47.3568881" lon="-1.7449456"/>
 <node id="2019847882" visible="true" version="1" changeset="13918686" timestamp="2012-11-18T14:37:14Z" user="Rinaldum" uid="203790" lat="47.3536014" lon="-1.7493477"/>
 <node id="2019847883" visible="true" version="1" changeset="13918686" timestamp="2012-11-18T14:37:14Z" user="Rinaldum" uid="203790" lat="47.3562189" lon="-1.7443314"/>
 <node id="2019847884" visible="true" version="2" changeset="42655247" timestamp="2016-10-05T11:39:04Z" user="Adrien G" uid="94804" lat="47.3549796" lon="-1.7453149"/>
 <node id="2019847891" visible="true" version="2" changeset="42887851" timestamp="2016-10-14T06:47:41Z" user="Adrien G" uid="94804" lat="47.3551423" lon="-1.7433342"/>
 <node id="2019847894" visible="true" version="1" changeset="13918686" timestamp="2012-11-18T14:37:14Z" user="Rinaldum" uid="203790" lat="47.3542531" lon="-1.7423965"/>
 <node id="2019847896" visible="true" version="1" changeset="13918686" timestamp="2012-11-18T14:37:14Z" user="Rinaldum" uid="203790" lat="47.3548371" lon="-1.7497232"/>
 <node id="2019847902" visible="true" version="1" changeset="13918686" timestamp="2012-11-18T14:37:15Z" user="Rinaldum" uid="203790" lat="47.3572428" lon="-1.7450562"/>
 <node id="2019847910" visible="true" version="1" changeset="13918686" timestamp="2012-11-18T14:37:15Z" user="Rinaldum" uid="203790" lat="47.3549875" lon="-1.7462641"/>
 <node id="2019847914" visible="true" version="1" changeset="13918686" timestamp="2012-11-18T14:37:15Z" user="Rinaldum" uid="203790" lat="47.3552659" lon="-1.7434576"/>
 <node id="2019847917" visible="true" version="1" changeset="13918686" timestamp="2012-11-18T14:37:15Z" user="Rinaldum" uid="203790" lat="47.3547077" lon="-1.7428321"/>
 <node id="2019847942" visible="true" version="1" changeset="13918686" timestamp="2012-11-18T14:37:15Z" user="Rinaldum" uid="203790" lat="47.3550478" lon="-1.7432752"/>
 <node id="2019847945" visible="true" version="1" changeset="13918686" timestamp="2012-11-18T14:37:15Z" user="Rinaldum" uid="203790" lat="47.3537032" lon="-1.7493691"/>
 <node id="2019847946" visible="true" version="1" changeset="13918686" timestamp="2012-11-18T14:37:15Z" user="Rinaldum" uid="203790" lat="47.3565611" lon="-1.7446452"/>
 <node id="2049662981" visible="true" version="1" changeset="14151805" timestamp="2012-12-04T13:10:24Z" user="PhQ" uid="141978" lat="47.3741670" lon="-1.7204714"/>
 <node id="2059528490" visible="true" version="1" changeset="14222997" timestamp="2012-12-10T08:20:06Z" user="Rinaldum" uid="203790" lat="47.3540194" lon="-1.7545401"/>
 <node id="2059528491" visible="true" version="2" changeset="54098918" timestamp="2017-11-26T16:11:52Z" user="naomap" uid="1908665" lat="47.3536934" lon="-1.7494735"/>
 <node id="2059528492" visible="true" version="1" changeset="14222997" timestamp="2012-12-10T08:20:06Z" user="Rinaldum" uid="203790" lat="47.3540194" lon="-1.7544114"/>
 <node id="2059528493" visible="true" version="1" changeset="14222997" timestamp="2012-12-10T08:20:06Z" user="Rinaldum" uid="203790" lat="47.3494585" lon="-1.7528506"/>
 <node id="2059528495" visible="true" version="1" changeset="14222997" timestamp="2012-12-10T08:20:06Z" user="Rinaldum" uid="203790" lat="47.3537287" lon="-1.7509569"/>
 <node id="2059528502" visible="true" version="1" changeset="14222997" timestamp="2012-12-10T08:20:07Z" user="Rinaldum" uid="203790" lat="47.3544228" lon="-1.7548942"/>
 <node id="2059528503" visible="true" version="1" changeset="14222997" timestamp="2012-12-10T08:20:07Z" user="Rinaldum" uid="203790" lat="47.3537287" lon="-1.7495890"/>
 <node id="2059528507" visible="true" version="1" changeset="14222997" timestamp="2012-12-10T08:20:07Z" user="Rinaldum" uid="203790" lat="47.3544919" lon="-1.7547922"/>
 <node id="2059528517" visible="true" version="1" changeset="14222997" timestamp="2012-12-10T08:20:07Z" user="Rinaldum" uid="203790" lat="47.3513337" lon="-1.7550551"/>
 <node id="2059528518" visible="true" version="1" changeset="14222997" timestamp="2012-12-10T08:20:07Z" user="Rinaldum" uid="203790" lat="47.3525003" lon="-1.7567341"/>
 <node id="2059528519" visible="true" version="1" changeset="14222997" timestamp="2012-12-10T08:20:07Z" user="Rinaldum" uid="203790" lat="47.3547722" lon="-1.7550629"/>
 <node id="2059528522" visible="true" version="1" changeset="14222997" timestamp="2012-12-10T08:20:07Z" user="Rinaldum" uid="203790" lat="47.3522931" lon="-1.7564284"/>
 <node id="2059528531" visible="true" version="1" changeset="14222997" timestamp="2012-12-10T08:20:07Z" user="Rinaldum" uid="203790" lat="47.3539576" lon="-1.7544274"/>
 <node id="2059528532" visible="true" version="1" changeset="14222997" timestamp="2012-12-10T08:20:07Z" user="Rinaldum" uid="203790" lat="47.3539177" lon="-1.7545991"/>
 <node id="2059528534" visible="true" version="1" changeset="14222997" timestamp="2012-12-10T08:20:07Z" user="Rinaldum" uid="203790" lat="47.3540376" lon="-1.7544596"/>
 <node id="2059528535" visible="true" version="1" changeset="14222997" timestamp="2012-12-10T08:20:07Z" user="Rinaldum" uid="203790" lat="47.3535615" lon="-1.7567663"/>
 <node id="2059528537" visible="true" version="2" changeset="136616227" timestamp="2023-05-27T09:03:48Z" user="Frêne" uid="16004379" lat="47.3513230" lon="-1.7487902"/>
 <node id="2059528542" visible="true" version="1" changeset="14222997" timestamp="2012-12-10T08:20:07Z" user="Rinaldum" uid="203790" lat="47.3538268" lon="-1.7519064"/>
 <node id="2059528543" visible="true" version="1" changeset="14222997" timestamp="2012-12-10T08:20:07Z" user="Rinaldum" uid="203790" lat="47.3523586" lon="-1.7563372"/>
 <node id="2059528553" visible="true" version="1" changeset="14222997" timestamp="2012-12-10T08:20:08Z" user="Rinaldum" uid="203790" lat="47.3549425" lon="-1.7562889"/>
 <node id="2059528555" visible="true" version="1" changeset="14222997" timestamp="2012-12-10T08:20:08Z" user="Rinaldum" uid="203790" lat="47.3546481" lon="-1.7498733"/>
 <node id="2059528563" visible="true" version="1" changeset="14222997" timestamp="2012-12-10T08:20:08Z" user="Rinaldum" uid="203790" lat="47.3538922" lon="-1.7545830"/>
 <node id="2059528565" visible="true" version="1" changeset="14222997" timestamp="2012-12-10T08:20:08Z" user="Rinaldum" uid="203790" lat="47.3538855" lon="-1.7545157"/>
 <node id="2059528566" visible="true" version="1" changeset="14222997" timestamp="2012-12-10T08:20:08Z" user="Rinaldum" uid="203790" lat="47.3539758" lon="-1.7545562"/>
 <node id="2059528567" visible="true" version="1" changeset="14222997" timestamp="2012-12-10T08:20:08Z" user="Rinaldum" uid="203790" lat="47.3549643" lon="-1.7560743"/>
 <node id="2059528572" visible="true" version="1" changeset="14222997" timestamp="2012-12-10T08:20:08Z" user="Rinaldum" uid="203790" lat="47.3507523" lon="-1.7543631"/>
 <node id="2059528575" visible="true" version="1" changeset="14222997" timestamp="2012-12-10T08:20:08Z" user="Rinaldum" uid="203790" lat="47.3547390" lon="-1.7547761"/>
 <node id="2059528577" visible="true" version="2" changeset="136616227" timestamp="2023-05-27T09:03:48Z" user="Frêne" uid="16004379" lat="47.3518749" lon="-1.7516156"/>
 <node id="2059528581" visible="true" version="2" changeset="136616227" timestamp="2023-05-27T09:03:48Z" user="Frêne" uid="16004379" lat="47.3526675" lon="-1.7519172"/>
 <node id="2059528586" visible="true" version="1" changeset="14222997" timestamp="2012-12-10T08:20:08Z" user="Rinaldum" uid="203790" lat="47.3536233" lon="-1.7553179"/>
 <node id="2059528587" visible="true" version="1" changeset="14222997" timestamp="2012-12-10T08:20:09Z" user="Rinaldum" uid="203790" lat="47.3539109" lon="-1.7544567"/>
 <node id="2059528588" visible="true" version="1" changeset="14222997" timestamp="2012-12-10T08:20:09Z" user="Rinaldum" uid="203790" lat="47.3525335" lon="-1.7491620"/>
 <node id="2059528591" visible="true" version="1" changeset="14222997" timestamp="2012-12-10T08:20:09Z" user="Rinaldum" uid="203790" lat="47.3523040" lon="-1.7560797"/>
 <node id="2059528592" visible="true" version="1" changeset="14222997" timestamp="2012-12-10T08:20:09Z" user="Rinaldum" uid="203790" lat="47.3531327" lon="-1.7556559"/>
 <node id="2059528597" visible="true" version="1" changeset="14222997" timestamp="2012-12-10T08:20:09Z" user="Rinaldum" uid="203790" lat="47.3498365" lon="-1.7516275"/>
 <node id="2059528600" visible="true" version="1" changeset="14222997" timestamp="2012-12-10T08:20:09Z" user="Rinaldum" uid="203790" lat="47.3527734" lon="-1.7557817"/>
 <node id="2059528608" visible="true" version="1" changeset="14222997" timestamp="2012-12-10T08:20:09Z" user="Rinaldum" uid="203790" lat="47.3552659" lon="-1.7558812"/>
 <node id="2059528617" visible="true" version="1" changeset="14222997" timestamp="2012-12-10T08:20:09Z" user="Rinaldum" uid="203790" lat="47.3529437" lon="-1.7572920"/>
 <node id="2073118743" visible="true" version="1" changeset="14320224" timestamp="2012-12-18T16:11:05Z" user="Rinaldum" uid="203790" lat="47.3565015" lon="-1.7548514"/>
 <node id="2073118744" visible="true" version="1" changeset="14320224" timestamp="2012-12-18T16:11:05Z" user="Rinaldum" uid="203790" lat="47.3547245" lon="-1.7531991"/>
 <node id="2073118748" visible="true" version="1" changeset="14320224" timestamp="2012-12-18T16:11:05Z" user="Rinaldum" uid="203790" lat="47.3562617" lon="-1.7576674"/>
 <node id="2073118755" visible="true" version="1" changeset="14320224" timestamp="2012-12-18T16:11:06Z" user="Rinaldum" uid="203790" lat="47.3536378" lon="-1.7582039"/>
 <node id="2073118756" visible="true" version="1" changeset="14320224" timestamp="2012-12-18T16:11:06Z" user="Rinaldum" uid="203790" lat="47.3548735" lon="-1.7536267"/>
 <node id="2073118757" visible="true" version="1" changeset="14320224" timestamp="2012-12-18T16:11:06Z" user="Rinaldum" uid="203790" lat="47.3559092" lon="-1.7569861"/>
 <node id="2073118758" visible="true" version="1" changeset="14320224" timestamp="2012-12-18T16:11:06Z" user="Rinaldum" uid="203790" lat="47.3551133" lon="-1.7537141"/>
 <node id="2073118760" visible="true" version="1" changeset="14320224" timestamp="2012-12-18T16:11:06Z" user="Rinaldum" uid="203790" lat="47.3549934" lon="-1.7535945"/>
 <node id="2073118761" visible="true" version="1" changeset="14320224" timestamp="2012-12-18T16:11:06Z" user="Rinaldum" uid="203790" lat="47.3569122" lon="-1.7572222"/>
 <node id="2073118762" visible="true" version="1" changeset="14320224" timestamp="2012-12-18T16:11:06Z" user="Rinaldum" uid="203790" lat="47.3556185" lon="-1.7555149"/>
 <node id="2073118765" visible="true" version="1" changeset="14320224" timestamp="2012-12-18T16:11:06Z" user="Rinaldum" uid="203790" lat="47.3573810" lon="-1.7555807"/>
 <node id="2073118768" visible="true" version="1" changeset="14320224" timestamp="2012-12-18T16:11:06Z" user="Rinaldum" uid="203790" lat="47.3560037" lon="-1.7549050"/>
 <node id="2073118770" visible="true" version="1" changeset="14320224" timestamp="2012-12-18T16:11:06Z" user="Rinaldum" uid="203790" lat="47.3557675" lon="-1.7540505"/>
 <node id="2073118771" visible="true" version="1" changeset="14320224" timestamp="2012-12-18T16:11:06Z" user="Rinaldum" uid="203790" lat="47.3559528" lon="-1.7569258"/>
 <node id="2073118775" visible="true" version="1" changeset="14320224" timestamp="2012-12-18T16:11:06Z" user="Rinaldum" uid="203790" lat="47.3558147" lon="-1.7548085"/>
 <node id="2073118776" visible="true" version="1" changeset="14320224" timestamp="2012-12-18T16:11:06Z" user="Rinaldum" uid="203790" lat="47.3559601" lon="-1.7556075"/>
 <node id="2073118780" visible="true" version="1" changeset="14320224" timestamp="2012-12-18T16:11:06Z" user="Rinaldum" uid="203790" lat="47.3571702" lon="-1.7555538"/>
 <node id="2073118782" visible="true" version="1" changeset="14320224" timestamp="2012-12-18T16:11:06Z" user="Rinaldum" uid="203790" lat="47.3570067" lon="-1.7571685"/>
 <node id="2073118784" visible="true" version="1" changeset="14320224" timestamp="2012-12-18T16:11:06Z" user="Rinaldum" uid="203790" lat="47.3563162" lon="-1.7575172"/>
 <node id="2073118785" visible="true" version="1" changeset="14320224" timestamp="2012-12-18T16:11:06Z" user="Rinaldum" uid="203790" lat="47.3579624" lon="-1.7548659"/>
 <node id="2073118786" visible="true" version="1" changeset="14320224" timestamp="2012-12-18T16:11:06Z" user="Rinaldum" uid="203790" lat="47.3555494" lon="-1.7570934"/>
 <node id="2073118787" visible="true" version="1" changeset="14320224" timestamp="2012-12-18T16:11:06Z" user="Rinaldum" uid="203790" lat="47.3553023" lon="-1.7540451"/>
 <node id="2073118788" visible="true" version="1" changeset="14320224" timestamp="2012-12-18T16:11:06Z" user="Rinaldum" uid="203790" lat="47.3557602" lon="-1.7568574"/>
 <node id="2073118789" visible="true" version="1" changeset="14320224" timestamp="2012-12-18T16:11:06Z" user="Rinaldum" uid="203790" lat="47.3554186" lon="-1.7539233"/>
 <node id="2073118790" visible="true" version="1" changeset="14320224" timestamp="2012-12-18T16:11:06Z" user="Rinaldum" uid="203790" lat="47.3551351" lon="-1.7550445"/>
 <node id="2073118792" visible="true" version="1" changeset="14320224" timestamp="2012-12-18T16:11:07Z" user="Rinaldum" uid="203790" lat="47.3555349" lon="-1.7550069"/>
 <node id="2073118793" visible="true" version="1" changeset="14320224" timestamp="2012-12-18T16:11:07Z" user="Rinaldum" uid="203790" lat="47.3549570" lon="-1.7544169"/>
 <node id="2073118795" visible="true" version="1" changeset="14320224" timestamp="2012-12-18T16:11:07Z" user="Rinaldum" uid="203790" lat="47.3551751" lon="-1.7584828"/>
 <node id="2073118797" visible="true" version="1" changeset="14320224" timestamp="2012-12-18T16:11:07Z" user="Rinaldum" uid="203790" lat="47.3587909" lon="-1.7490616"/>
 <node id="2073118798" visible="true" version="1" changeset="14320224" timestamp="2012-12-18T16:11:07Z" user="Rinaldum" uid="203790" lat="47.3579006" lon="-1.7579893"/>
 <node id="2073118800" visible="true" version="1" changeset="14320224" timestamp="2012-12-18T16:11:07Z" user="Rinaldum" uid="203790" lat="47.3582677" lon="-1.7522013"/>
 <node id="2073118805" visible="true" version="1" changeset="14320224" timestamp="2012-12-18T16:11:07Z" user="Rinaldum" uid="203790" lat="47.3559855" lon="-1.7563853"/>
 <node id="2073118807" visible="true" version="1" changeset="14320224" timestamp="2012-12-18T16:11:07Z" user="Rinaldum" uid="203790" lat="47.3556984" lon="-1.7565516"/>
 <node id="2073118808" visible="true" version="1" changeset="14320224" timestamp="2012-12-18T16:11:07Z" user="Rinaldum" uid="203790" lat="47.3559419" lon="-1.7557845"/>
 <node id="2073118812" visible="true" version="1" changeset="14320224" timestamp="2012-12-18T16:11:07Z" user="Rinaldum" uid="203790" lat="47.3543538" lon="-1.7591319"/>
 <node id="2073118819" visible="true" version="1" changeset="14320224" timestamp="2012-12-18T16:11:07Z" user="Rinaldum" uid="203790" lat="47.3572429" lon="-1.7485321"/>
 <node id="2073118822" visible="true" version="1" changeset="14320224" timestamp="2012-12-18T16:11:07Z" user="Rinaldum" uid="203790" lat="47.3553895" lon="-1.7549640"/>
 <node id="2073118827" visible="true" version="1" changeset="14320224" timestamp="2012-12-18T16:11:07Z" user="Rinaldum" uid="203790" lat="47.3554586" lon="-1.7556491"/>
 <node id="2073118833" visible="true" version="1" changeset="14320224" timestamp="2012-12-18T16:11:08Z" user="Rinaldum" uid="203790" lat="47.3577226" lon="-1.7554787"/>
 <node id="2073118845" visible="true" version="1" changeset="14320224" timestamp="2012-12-18T16:11:08Z" user="Rinaldum" uid="203790" lat="47.3569958" lon="-1.7549785"/>
 <node id="2073118851" visible="true" version="1" changeset="14320224" timestamp="2012-12-18T16:11:08Z" user="Rinaldum" uid="203790" lat="47.3571448" lon="-1.7517867"/>
 <node id="2073118855" visible="true" version="1" changeset="14320224" timestamp="2012-12-18T16:11:08Z" user="Rinaldum" uid="203790" lat="47.3586310" lon="-1.7499805"/>
 <node id="2073118861" visible="true" version="1" changeset="14320224" timestamp="2012-12-18T16:11:08Z" user="Rinaldum" uid="203790" lat="47.3570684" lon="-1.7516434"/>
 <node id="2073118869" visible="true" version="1" changeset="14320224" timestamp="2012-12-18T16:11:08Z" user="Rinaldum" uid="203790" lat="47.3549425" lon="-1.7545923"/>
 <node id="2073118873" visible="true" version="1" changeset="14320224" timestamp="2012-12-18T16:11:08Z" user="Rinaldum" uid="203790" lat="47.3570903" lon="-1.7517454"/>
 <node id="2073118874" visible="true" version="1" changeset="14320224" timestamp="2012-12-18T16:11:09Z" user="Rinaldum" uid="203790" lat="47.3557057" lon="-1.7537999"/>
 <node id="2073118877" visible="true" version="1" changeset="14320224" timestamp="2012-12-18T16:11:09Z" user="Rinaldum" uid="203790" lat="47.3547717" lon="-1.7535854"/>
 <node id="2073118881" visible="true" version="1" changeset="14320224" timestamp="2012-12-18T16:11:09Z" user="Rinaldum" uid="203790" lat="47.3553495" lon="-1.7568681"/>
 <node id="2073118885" visible="true" version="1" changeset="14320224" timestamp="2012-12-18T16:11:09Z" user="Rinaldum" uid="203790" lat="47.3582240" lon="-1.7522534"/>
 <node id="2073118887" visible="true" version="1" changeset="14320224" timestamp="2012-12-18T16:11:09Z" user="Rinaldum" uid="203790" lat="47.3575082" lon="-1.7549517"/>
 <node id="2073118889" visible="true" version="1" changeset="14320224" timestamp="2012-12-18T16:11:09Z" user="Rinaldum" uid="203790" lat="47.3551569" lon="-1.7566696"/>
 <node id="2073118890" visible="true" version="1" changeset="14320224" timestamp="2012-12-18T16:11:09Z" user="Rinaldum" uid="203790" lat="47.3549243" lon="-1.7549908"/>
 <node id="2073118891" visible="true" version="2" changeset="174831492" timestamp="2025-11-18T20:18:12Z" user="FRichard44" uid="2516858" lat="47.3563474" lon="-1.7577280"/>
 <node id="2073118892" visible="true" version="1" changeset="14320224" timestamp="2012-12-18T16:11:09Z" user="Rinaldum" uid="203790" lat="47.3573773" lon="-1.7501881"/>
 <node id="2073118893" visible="true" version="1" changeset="14320224" timestamp="2012-12-18T16:11:09Z" user="Rinaldum" uid="203790" lat="47.3554622" lon="-1.7561171"/>
 <node id="2073118894" visible="true" version="1" changeset="14320224" timestamp="2012-12-18T16:11:09Z" user="Rinaldum" uid="203790" lat="47.3560327" lon="-1.7573496"/>
 <node id="2073118897" visible="true" version="1" changeset="14320224" timestamp="2012-12-18T16:11:09Z" user="Rinaldum" uid="203790" lat="47.3580133" lon="-1.7550177"/>
 <node id="2073118900" visible="true" version="1" changeset="14320224" timestamp="2012-12-18T16:11:09Z" user="Rinaldum" uid="203790" lat="47.3559782" lon="-1.7544313"/>
 <node id="2073118901" visible="true" version="1" changeset="14320224" timestamp="2012-12-18T16:11:09Z" user="Rinaldum" uid="203790" lat="47.3579733" lon="-1.7544759"/>
 <node id="2073118905" visible="true" version="1" changeset="14320224" timestamp="2012-12-18T16:11:09Z" user="Rinaldum" uid="203790" lat="47.3583113" lon="-1.7505314"/>
 <node id="2073118909" visible="true" version="1" changeset="14320224" timestamp="2012-12-18T16:11:10Z" user="Rinaldum" uid="203790" lat="47.3550370" lon="-1.7564966"/>
 <node id="2073118911" visible="true" version="1" changeset="14320224" timestamp="2012-12-18T16:11:10Z" user="Rinaldum" uid="203790" lat="47.3578679" lon="-1.7546513"/>
 <node id="2073118914" visible="true" version="1" changeset="14320224" timestamp="2012-12-18T16:11:10Z" user="Rinaldum" uid="203790" lat="47.3553968" lon="-1.7570291"/>
 <node id="2073118915" visible="true" version="1" changeset="14320224" timestamp="2012-12-18T16:11:10Z" user="Rinaldum" uid="203790" lat="47.3559855" lon="-1.7568306"/>
 <node id="2073118916" visible="true" version="1" changeset="14320224" timestamp="2012-12-18T16:11:10Z" user="Rinaldum" uid="203790" lat="47.3559165" lon="-1.7570653"/>
 <node id="2073118918" visible="true" version="1" changeset="14320224" timestamp="2012-12-18T16:11:10Z" user="Rinaldum" uid="203790" lat="47.3566469" lon="-1.7573777"/>
 <node id="2073118920" visible="true" version="1" changeset="14320224" timestamp="2012-12-18T16:11:10Z" user="Rinaldum" uid="203790" lat="47.3556112" lon="-1.7549211"/>
 <node id="2073118921" visible="true" version="1" changeset="14320224" timestamp="2012-12-18T16:11:10Z" user="Rinaldum" uid="203790" lat="47.3555858" lon="-1.7563800"/>
 <node id="2073118923" visible="true" version="1" changeset="14320224" timestamp="2012-12-18T16:11:10Z" user="Rinaldum" uid="203790" lat="47.3560073" lon="-1.7569325"/>
 <node id="2073118926" visible="true" version="1" changeset="14320224" timestamp="2012-12-18T16:11:10Z" user="Rinaldum" uid="203790" lat="47.3580460" lon="-1.7555002"/>
 <node id="2073118927" visible="true" version="1" changeset="14320224" timestamp="2012-12-18T16:11:10Z" user="Rinaldum" uid="203790" lat="47.3561672" lon="-1.7575910"/>
 <node id="2073118930" visible="true" version="1" changeset="14320224" timestamp="2012-12-18T16:11:10Z" user="Rinaldum" uid="203790" lat="47.3567741" lon="-1.7587081"/>
 <node id="2073118932" visible="true" version="1" changeset="14320224" timestamp="2012-12-18T16:11:10Z" user="Rinaldum" uid="203790" lat="47.3579842" lon="-1.7487574"/>
 <node id="2073118940" visible="true" version="1" changeset="14320224" timestamp="2012-12-18T16:11:10Z" user="Rinaldum" uid="203790" lat="47.3559673" lon="-1.7560313"/>
 <node id="2073118941" visible="true" version="1" changeset="14320224" timestamp="2012-12-18T16:11:10Z" user="Rinaldum" uid="203790" lat="47.3558619" lon="-1.7567286"/>
 <node id="2073118942" visible="true" version="1" changeset="14320224" timestamp="2012-12-18T16:11:10Z" user="Rinaldum" uid="203790" lat="47.3559346" lon="-1.7553285"/>
 <node id="2073118945" visible="true" version="1" changeset="14320224" timestamp="2012-12-18T16:11:11Z" user="Rinaldum" uid="203790" lat="47.3554913" lon="-1.7554559"/>
 <node id="2073118946" visible="true" version="1" changeset="14320224" timestamp="2012-12-18T16:11:11Z" user="Rinaldum" uid="203790" lat="47.3568359" lon="-1.7587939"/>
 <node id="2073118948" visible="true" version="1" changeset="14320224" timestamp="2012-12-18T16:11:11Z" user="Rinaldum" uid="203790" lat="47.3579551" lon="-1.7566267"/>
 <node id="2073118951" visible="true" version="1" changeset="14320224" timestamp="2012-12-18T16:11:11Z" user="Rinaldum" uid="203790" lat="47.3560255" lon="-1.7552092"/>
 <node id="2073118952" visible="true" version="1" changeset="14320224" timestamp="2012-12-18T16:11:11Z" user="Rinaldum" uid="203790" lat="47.3569231" lon="-1.7587993"/>
 <node id="2073118953" visible="true" version="1" changeset="14320224" timestamp="2012-12-18T16:11:11Z" user="Rinaldum" uid="203790" lat="47.3557820" lon="-1.7543294"/>
 <node id="2073118955" visible="true" version="1" changeset="14320224" timestamp="2012-12-18T16:11:11Z" user="Rinaldum" uid="203790" lat="47.3566614" lon="-1.7585083"/>
 <node id="2093642193" visible="true" version="2" changeset="173627556" timestamp="2025-10-22T13:17:23Z" user="Falig44" uid="23098618" lat="47.3637892" lon="-1.7543552"/>
 <node id="2093642194" visible="true" version="2" changeset="173627556" timestamp="2025-10-22T13:17:23Z" user="Falig44" uid="23098618" lat="47.3638329" lon="-1.7535532"/>
 <node id="2093642195" visible="true" version="2" changeset="173627556" timestamp="2025-10-22T13:17:23Z" user="Falig44" uid="23098618" lat="47.3638609" lon="-1.7530392"/>
 <node id="2093642196" visible="true" version="1" changeset="14514775" timestamp="2013-01-03T16:39:40Z" user="ËdzëronK" uid="211154" lat="47.3640532" lon="-1.7528674"/>
 <node id="2093642197" visible="true" version="1" changeset="14514775" timestamp="2013-01-03T16:39:40Z" user="ËdzëronK" uid="211154" lat="47.3642075" lon="-1.7526649"/>
 <node id="2093642198" visible="true" version="1" changeset="14514775" timestamp="2013-01-03T16:39:40Z" user="ËdzëronK" uid="211154" lat="47.3645479" lon="-1.7520936"/>
 <node id="2093642199" visible="true" version="1" changeset="14514775" timestamp="2013-01-03T16:39:40Z" user="ËdzëronK" uid="211154" lat="47.3648810" lon="-1.7515114"/>
 <node id="2093642200" visible="true" version="1" changeset="14514775" timestamp="2013-01-03T16:39:40Z" user="ËdzëronK" uid="211154" lat="47.3653121" lon="-1.7543428"/>
 <node id="2093642201" visible="true" version="1" changeset="14514775" timestamp="2013-01-03T16:39:40Z" user="ËdzëronK" uid="211154" lat="47.3655277" lon="-1.7515475"/>
 <node id="2093642202" visible="true" version="1" changeset="14514775" timestamp="2013-01-03T16:39:40Z" user="ËdzëronK" uid="211154" lat="47.3662355" lon="-1.7521695"/>
 <node id="2093642203" visible="true" version="1" changeset="14514775" timestamp="2013-01-03T16:39:40Z" user="ËdzëronK" uid="211154" lat="47.3664951" lon="-1.7493525"/>
 <node id="2093642204" visible="true" version="1" changeset="14514775" timestamp="2013-01-03T16:39:40Z" user="ËdzëronK" uid="211154" lat="47.3671931" lon="-1.7499564"/>
 <node id="2093642205" visible="true" version="1" changeset="14514775" timestamp="2013-01-03T16:39:40Z" user="ËdzëronK" uid="211154" lat="47.3695959" lon="-1.7581438"/>
 <node id="2093642206" visible="true" version="1" changeset="14514775" timestamp="2013-01-03T16:39:40Z" user="ËdzëronK" uid="211154" lat="47.3699693" lon="-1.7583486"/>
 <node id="2093642207" visible="true" version="1" changeset="14514775" timestamp="2013-01-03T16:39:40Z" user="ËdzëronK" uid="211154" lat="47.3701842" lon="-1.7584705"/>
 <node id="2093642208" visible="true" version="1" changeset="14514775" timestamp="2013-01-03T16:39:40Z" user="ËdzëronK" uid="211154" lat="47.3702154" lon="-1.7585882"/>
 <node id="2093642209" visible="true" version="1" changeset="14514775" timestamp="2013-01-03T16:39:40Z" user="ËdzëronK" uid="211154" lat="47.3702261" lon="-1.7578668"/>
 <node id="2093642210" visible="true" version="1" changeset="14514775" timestamp="2013-01-03T16:39:40Z" user="ËdzëronK" uid="211154" lat="47.3702293" lon="-1.7588460"/>
 <node id="2093642211" visible="true" version="1" changeset="14514775" timestamp="2013-01-03T16:39:40Z" user="ËdzëronK" uid="211154" lat="47.3704640" lon="-1.7576766"/>
 <node id="2093642212" visible="true" version="1" changeset="14514775" timestamp="2013-01-03T16:39:40Z" user="ËdzëronK" uid="211154" lat="47.3706593" lon="-1.7586428"/>
 <node id="2093642213" visible="true" version="1" changeset="14514775" timestamp="2013-01-03T16:39:40Z" user="ËdzëronK" uid="211154" lat="47.3706757" lon="-1.7585038"/>
 <node id="2093642214" visible="true" version="1" changeset="14514775" timestamp="2013-01-03T16:39:40Z" user="ËdzëronK" uid="211154" lat="47.3707639" lon="-1.7582225"/>
 <node id="2093642215" visible="true" version="1" changeset="14514775" timestamp="2013-01-03T16:39:40Z" user="ËdzëronK" uid="211154" lat="47.3709845" lon="-1.7574869"/>
 <node id="2093642216" visible="true" version="1" changeset="14514775" timestamp="2013-01-03T16:39:40Z" user="ËdzëronK" uid="211154" lat="47.3709978" lon="-1.7575976"/>
 <node id="2093642217" visible="true" version="1" changeset="14514775" timestamp="2013-01-03T16:39:40Z" user="ËdzëronK" uid="211154" lat="47.3710275" lon="-1.7549835"/>
 <node id="2093642218" visible="true" version="1" changeset="14514775" timestamp="2013-01-03T16:39:40Z" user="ËdzëronK" uid="211154" lat="47.3710742" lon="-1.7563851"/>
 <node id="2093642219" visible="true" version="1" changeset="14514775" timestamp="2013-01-03T16:39:40Z" user="ËdzëronK" uid="211154" lat="47.3710786" lon="-1.7552710"/>
 <node id="2093642220" visible="true" version="1" changeset="14514775" timestamp="2013-01-03T16:39:40Z" user="ËdzëronK" uid="211154" lat="47.3710799" lon="-1.7542878"/>
 <node id="2093642221" visible="true" version="1" changeset="14514775" timestamp="2013-01-03T16:39:40Z" user="ËdzëronK" uid="211154" lat="47.3711000" lon="-1.7552127"/>
 <node id="2093642222" visible="true" version="1" changeset="14514775" timestamp="2013-01-03T16:39:40Z" user="ËdzëronK" uid="211154" lat="47.3711031" lon="-1.7551613"/>
 <node id="2093642223" visible="true" version="1" changeset="14514775" timestamp="2013-01-03T16:39:40Z" user="ËdzëronK" uid="211154" lat="47.3711382" lon="-1.7560096"/>
 <node id="2093642224" visible="true" version="1" changeset="14514775" timestamp="2013-01-03T16:39:40Z" user="ËdzëronK" uid="211154" lat="47.3711929" lon="-1.7541861"/>
 <node id="2093642225" visible="true" version="1" changeset="14514775" timestamp="2013-01-03T16:39:40Z" user="ËdzëronK" uid="211154" lat="47.3712444" lon="-1.7555610"/>
 <node id="2093642226" visible="true" version="1" changeset="14514775" timestamp="2013-01-03T16:39:40Z" user="ËdzëronK" uid="211154" lat="47.3712706" lon="-1.7554805"/>
 <node id="2093642227" visible="true" version="1" changeset="14514775" timestamp="2013-01-03T16:39:40Z" user="ËdzëronK" uid="211154" lat="47.3713102" lon="-1.7554086"/>
 <node id="2093642228" visible="true" version="1" changeset="14514775" timestamp="2013-01-03T16:39:40Z" user="ËdzëronK" uid="211154" lat="47.3715880" lon="-1.7551860"/>
 <node id="2141703608" visible="true" version="2" changeset="70315639" timestamp="2019-05-16T11:59:27Z" user="MacDony" uid="3701940" lat="47.3680780" lon="-1.7290973"/>
 <node id="2177958677" visible="true" version="1" changeset="15192508" timestamp="2013-02-28T04:20:15Z" user="Manu1400" uid="181135" lat="47.3572632" lon="-1.7613195"/>
 <node id="2177958678" visible="true" version="1" changeset="15192508" timestamp="2013-02-28T04:20:15Z" user="Manu1400" uid="181135" lat="47.3576688" lon="-1.7618871"/>
 <node id="2177958679" visible="true" version="1" changeset="15192508" timestamp="2013-02-28T04:20:15Z" user="Manu1400" uid="181135" lat="47.3585142" lon="-1.7651584"/>
 <node id="2177958680" visible="true" version="1" changeset="15192508" timestamp="2013-02-28T04:20:15Z" user="Manu1400" uid="181135" lat="47.3587849" lon="-1.7650241"/>
 <node id="2242232773" visible="true" version="2" changeset="54784880" timestamp="2017-12-20T12:03:52Z" user="vinc44" uid="1060302" lat="47.3743991" lon="-1.6068075"/>
 <node id="2300801416" visible="true" version="1" changeset="16093318" timestamp="2013-05-12T10:41:02Z" user="Nimnael" uid="46259" lat="47.3571971" lon="-1.7484194"/>
 <node id="2300801418" visible="true" version="2" changeset="136616227" timestamp="2023-05-27T09:03:48Z" user="Frêne" uid="16004379" lat="47.3598229" lon="-1.7493276"/>
 <node id="2611882324" visible="true" version="1" changeset="19839007" timestamp="2014-01-06T07:28:18Z" user="Britz" uid="143703" lat="47.3506510" lon="-1.7734519"/>
 <node id="2667859402" visible="true" version="1" changeset="20513501" timestamp="2014-02-11T23:51:34Z" user="Britz" uid="143703" lat="47.3568680" lon="-1.7704010"/>
 <node id="2667859403" visible="true" version="1" changeset="20513501" timestamp="2014-02-11T23:51:34Z" user="Britz" uid="143703" lat="47.3568840" lon="-1.7704660"/>
 <node id="2667859404" visible="true" version="1" changeset="20513501" timestamp="2014-02-11T23:51:34Z" user="Britz" uid="143703" lat="47.3569180" lon="-1.7704450"/>
 <node id="2667859405" visible="true" version="1" changeset="20513501" timestamp="2014-02-11T23:51:34Z" user="Britz" uid="143703" lat="47.3569250" lon="-1.7704710"/>
 <node id="2667859406" visible="true" version="1" changeset="20513501" timestamp="2014-02-11T23:51:34Z" user="Britz" uid="143703" lat="47.3569450" lon="-1.7704310"/>
 <node id="2667859407" visible="true" version="1" changeset="20513501" timestamp="2014-02-11T23:51:34Z" user="Britz" uid="143703" lat="47.3569510" lon="-1.7704580"/>
 <node id="2667859408" visible="true" version="1" changeset="20513501" timestamp="2014-02-11T23:51:34Z" user="Britz" uid="143703" lat="47.3569830" lon="-1.7703360"/>
 <node id="2667859409" visible="true" version="1" changeset="20513501" timestamp="2014-02-11T23:51:34Z" user="Britz" uid="143703" lat="47.3569990" lon="-1.7704080"/>
 <node id="2667859438" visible="true" version="1" changeset="20513501" timestamp="2014-02-11T23:51:35Z" user="Britz" uid="143703" lat="47.3579100" lon="-1.7667040"/>
 <node id="2667859442" visible="true" version="1" changeset="20513501" timestamp="2014-02-11T23:51:35Z" user="Britz" uid="143703" lat="47.3579460" lon="-1.7668130"/>
 <node id="2667859444" visible="true" version="1" changeset="20513501" timestamp="2014-02-11T23:51:35Z" user="Britz" uid="143703" lat="47.3579720" lon="-1.7665590"/>
 <node id="2667859447" visible="true" version="1" changeset="20513501" timestamp="2014-02-11T23:51:35Z" user="Britz" uid="143703" lat="47.3579930" lon="-1.7670410"/>
 <node id="2667859448" visible="true" version="1" changeset="20513501" timestamp="2014-02-11T23:51:35Z" user="Britz" uid="143703" lat="47.3579950" lon="-1.7666450"/>
 <node id="2667859450" visible="true" version="1" changeset="20513501" timestamp="2014-02-11T23:51:35Z" user="Britz" uid="143703" lat="47.3580210" lon="-1.7665190"/>
 <node id="2667859452" visible="true" version="1" changeset="20513501" timestamp="2014-02-11T23:51:35Z" user="Britz" uid="143703" lat="47.3580470" lon="-1.7672740"/>
 <node id="2667859453" visible="true" version="1" changeset="20513501" timestamp="2014-02-11T23:51:35Z" user="Britz" uid="143703" lat="47.3580500" lon="-1.7670040"/>
 <node id="2667859454" visible="true" version="1" changeset="20513501" timestamp="2014-02-11T23:51:35Z" user="Britz" uid="143703" lat="47.3580530" lon="-1.7666040"/>
 <node id="2667859455" visible="true" version="1" changeset="20513501" timestamp="2014-02-11T23:51:35Z" user="Britz" uid="143703" lat="47.3580550" lon="-1.7673070"/>
 <node id="2667859456" visible="true" version="1" changeset="20513501" timestamp="2014-02-11T23:51:35Z" user="Britz" uid="143703" lat="47.3580560" lon="-1.7672340"/>
 <node id="2667859459" visible="true" version="1" changeset="20513501" timestamp="2014-02-11T23:51:35Z" user="Britz" uid="143703" lat="47.3580730" lon="-1.7673300"/>
 <node id="2667859462" visible="true" version="1" changeset="20513501" timestamp="2014-02-11T23:51:35Z" user="Britz" uid="143703" lat="47.3580860" lon="-1.7671160"/>
 <node id="2667859463" visible="true" version="1" changeset="20513501" timestamp="2014-02-11T23:51:35Z" user="Britz" uid="143703" lat="47.3581010" lon="-1.7671680"/>
 <node id="2667859464" visible="true" version="1" changeset="20513501" timestamp="2014-02-11T23:51:35Z" user="Britz" uid="143703" lat="47.3581090" lon="-1.7671080"/>
 <node id="2667859465" visible="true" version="1" changeset="20513501" timestamp="2014-02-11T23:51:35Z" user="Britz" uid="143703" lat="47.3581140" lon="-1.7671510"/>
 <node id="2667859466" visible="true" version="1" changeset="20513501" timestamp="2014-02-11T23:51:35Z" user="Britz" uid="143703" lat="47.3581190" lon="-1.7671230"/>
 <node id="2667859468" visible="true" version="1" changeset="20513501" timestamp="2014-02-11T23:51:35Z" user="Britz" uid="143703" lat="47.3581450" lon="-1.7672820"/>
 <node id="2667859469" visible="true" version="1" changeset="20513501" timestamp="2014-02-11T23:51:35Z" user="Britz" uid="143703" lat="47.3581510" lon="-1.7665370"/>
 <node id="2667859471" visible="true" version="1" changeset="20513501" timestamp="2014-02-11T23:51:35Z" user="Britz" uid="143703" lat="47.3581850" lon="-1.7666490"/>
 <node id="2667859472" visible="true" version="1" changeset="20513501" timestamp="2014-02-11T23:51:35Z" user="Britz" uid="143703" lat="47.3583700" lon="-1.7671770"/>
 <node id="2667859473" visible="true" version="1" changeset="20513501" timestamp="2014-02-11T23:51:35Z" user="Britz" uid="143703" lat="47.3584110" lon="-1.7673130"/>
 <node id="2667859481" visible="true" version="1" changeset="20513501" timestamp="2014-02-11T23:51:35Z" user="Britz" uid="143703" lat="47.3586220" lon="-1.7669980"/>
 <node id="2667859483" visible="true" version="1" changeset="20513501" timestamp="2014-02-11T23:51:36Z" user="Britz" uid="143703" lat="47.3586650" lon="-1.7671360"/>
 <node id="2667860293" visible="true" version="1" changeset="20513501" timestamp="2014-02-11T23:52:01Z" user="Britz" uid="143703" lat="47.3686560" lon="-1.7737970"/>
 <node id="2667860298" visible="true" version="1" changeset="20513501" timestamp="2014-02-11T23:52:01Z" user="Britz" uid="143703" lat="47.3686680" lon="-1.7737440"/>
 <node id="2667860313" visible="true" version="1" changeset="20513501" timestamp="2014-02-11T23:52:01Z" user="Britz" uid="143703" lat="47.3686870" lon="-1.7737340"/>
 <node id="2667860317" visible="true" version="1" changeset="20513501" timestamp="2014-02-11T23:52:01Z" user="Britz" uid="143703" lat="47.3686980" lon="-1.7737590"/>
 <node id="2667860325" visible="true" version="1" changeset="20513501" timestamp="2014-02-11T23:52:01Z" user="Britz" uid="143703" lat="47.3687250" lon="-1.7735940"/>
 <node id="2667860326" visible="true" version="1" changeset="20513501" timestamp="2014-02-11T23:52:01Z" user="Britz" uid="143703" lat="47.3687280" lon="-1.7737590"/>
 <node id="2667860363" visible="true" version="1" changeset="20513501" timestamp="2014-02-11T23:52:05Z" user="Britz" uid="143703" lat="47.3687950" lon="-1.7738380"/>
 <node id="2667860365" visible="true" version="1" changeset="20513501" timestamp="2014-02-11T23:52:05Z" user="Britz" uid="143703" lat="47.3687970" lon="-1.7736690"/>
 <node id="2667860366" visible="true" version="1" changeset="20513501" timestamp="2014-02-11T23:52:05Z" user="Britz" uid="143703" lat="47.3687980" lon="-1.7737460"/>
 <node id="2667860380" visible="true" version="1" changeset="20513501" timestamp="2014-02-11T23:52:05Z" user="Britz" uid="143703" lat="47.3688170" lon="-1.7735940"/>
 <node id="2667860381" visible="true" version="1" changeset="20513501" timestamp="2014-02-11T23:52:05Z" user="Britz" uid="143703" lat="47.3688180" lon="-1.7736690"/>
 <node id="2667860384" visible="true" version="1" changeset="20513501" timestamp="2014-02-11T23:52:05Z" user="Britz" uid="143703" lat="47.3688200" lon="-1.7737510"/>
 <node id="2667860422" visible="true" version="1" changeset="20513501" timestamp="2014-02-11T23:52:06Z" user="Britz" uid="143703" lat="47.3688540" lon="-1.7705420"/>
 <node id="2667860429" visible="true" version="1" changeset="20513501" timestamp="2014-02-11T23:52:06Z" user="Britz" uid="143703" lat="47.3688660" lon="-1.7705620"/>
 <node id="2667860434" visible="true" version="1" changeset="20513501" timestamp="2014-02-11T23:52:06Z" user="Britz" uid="143703" lat="47.3688720" lon="-1.7705210"/>
 <node id="2667860438" visible="true" version="1" changeset="20513501" timestamp="2014-02-11T23:52:06Z" user="Britz" uid="143703" lat="47.3688840" lon="-1.7705400"/>
 <node id="2667860441" visible="true" version="1" changeset="20513501" timestamp="2014-02-11T23:52:06Z" user="Britz" uid="143703" lat="47.3688910" lon="-1.7738190"/>
 <node id="2667860443" visible="true" version="1" changeset="20513501" timestamp="2014-02-11T23:52:06Z" user="Britz" uid="143703" lat="47.3688930" lon="-1.7722550"/>
 <node id="2667860454" visible="true" version="1" changeset="20513501" timestamp="2014-02-11T23:52:06Z" user="Britz" uid="143703" lat="47.3689050" lon="-1.7722150"/>
 <node id="2667860456" visible="true" version="1" changeset="20513501" timestamp="2014-02-11T23:52:07Z" user="Britz" uid="143703" lat="47.3689080" lon="-1.7684310"/>
 <node id="2667860457" visible="true" version="1" changeset="20513501" timestamp="2014-02-11T23:52:07Z" user="Britz" uid="143703" lat="47.3689080" lon="-1.7737520"/>
 <node id="2667860462" visible="true" version="1" changeset="20513501" timestamp="2014-02-11T23:52:07Z" user="Britz" uid="143703" lat="47.3689180" lon="-1.7711760"/>
 <node id="2667860464" visible="true" version="1" changeset="20513501" timestamp="2014-02-11T23:52:07Z" user="Britz" uid="143703" lat="47.3689190" lon="-1.7722720"/>
 <node id="2667860469" visible="true" version="1" changeset="20513501" timestamp="2014-02-11T23:52:07Z" user="Britz" uid="143703" lat="47.3689300" lon="-1.7722330"/>
 <node id="2667860470" visible="true" version="1" changeset="20513501" timestamp="2014-02-11T23:52:07Z" user="Britz" uid="143703" lat="47.3689310" lon="-1.7710190"/>
 <node id="2667860473" visible="true" version="1" changeset="20513501" timestamp="2014-02-11T23:52:07Z" user="Britz" uid="143703" lat="47.3689320" lon="-1.7711070"/>
 <node id="2667860477" visible="true" version="1" changeset="20513501" timestamp="2014-02-11T23:52:07Z" user="Britz" uid="143703" lat="47.3689330" lon="-1.7724860"/>
 <node id="2667860492" visible="true" version="1" changeset="20513501" timestamp="2014-02-11T23:52:07Z" user="Britz" uid="143703" lat="47.3689590" lon="-1.7682180"/>
 <node id="2667860494" visible="true" version="1" changeset="20513501" timestamp="2014-02-11T23:52:07Z" user="Britz" uid="143703" lat="47.3689610" lon="-1.7737690"/>
 <node id="2667860497" visible="true" version="1" changeset="20513501" timestamp="2014-02-11T23:52:07Z" user="Britz" uid="143703" lat="47.3689670" lon="-1.7711270"/>
 <node id="2667860498" visible="true" version="1" changeset="20513501" timestamp="2014-02-11T23:52:07Z" user="Britz" uid="143703" lat="47.3689670" lon="-1.7737400"/>
 <node id="2667860502" visible="true" version="1" changeset="20513501" timestamp="2014-02-11T23:52:07Z" user="Britz" uid="143703" lat="47.3689720" lon="-1.7711150"/>
 <node id="2667860509" visible="true" version="1" changeset="20513501" timestamp="2014-02-11T23:52:08Z" user="Britz" uid="143703" lat="47.3689890" lon="-1.7708440"/>
 <node id="2667860515" visible="true" version="1" changeset="20513501" timestamp="2014-02-11T23:52:08Z" user="Britz" uid="143703" lat="47.3689940" lon="-1.7725250"/>
 <node id="2667860519" visible="true" version="1" changeset="20513501" timestamp="2014-02-11T23:52:08Z" user="Britz" uid="143703" lat="47.3689980" lon="-1.7684770"/>
 <node id="2667860522" visible="true" version="1" changeset="20513501" timestamp="2014-02-11T23:52:08Z" user="Britz" uid="143703" lat="47.3690090" lon="-1.7710760"/>
 <node id="2667860525" visible="true" version="1" changeset="20513501" timestamp="2014-02-11T23:52:08Z" user="Britz" uid="143703" lat="47.3690110" lon="-1.7712250"/>
 <node id="2667860527" visible="true" version="1" changeset="20513501" timestamp="2014-02-11T23:52:08Z" user="Britz" uid="143703" lat="47.3690170" lon="-1.7708710"/>
 <node id="2667860531" visible="true" version="1" changeset="20513501" timestamp="2014-02-11T23:52:08Z" user="Britz" uid="143703" lat="47.3690260" lon="-1.7684900"/>
 <node id="2667860534" visible="true" version="1" changeset="20513501" timestamp="2014-02-11T23:52:08Z" user="Britz" uid="143703" lat="47.3690280" lon="-1.7704760"/>
 <node id="2667860535" visible="true" version="1" changeset="20513501" timestamp="2014-02-11T23:52:08Z" user="Britz" uid="143703" lat="47.3690290" lon="-1.7708400"/>
 <node id="2667860536" visible="true" version="1" changeset="20513501" timestamp="2014-02-11T23:52:08Z" user="Britz" uid="143703" lat="47.3690300" lon="-1.7710120"/>
 <node id="2667860537" visible="true" version="1" changeset="20513501" timestamp="2014-02-11T23:52:08Z" user="Britz" uid="143703" lat="47.3690300" lon="-1.7711480"/>
 <node id="2667860538" visible="true" version="1" changeset="20513501" timestamp="2014-02-11T23:52:08Z" user="Britz" uid="143703" lat="47.3690310" lon="-1.7709440"/>
 <node id="2667860545" visible="true" version="1" changeset="20513501" timestamp="2014-02-11T23:52:10Z" user="Britz" uid="143703" lat="47.3690470" lon="-1.7708880"/>
 <node id="2667860547" visible="true" version="1" changeset="20513501" timestamp="2014-02-11T23:52:10Z" user="Britz" uid="143703" lat="47.3690530" lon="-1.7682660"/>
 <node id="2667860548" visible="true" version="1" changeset="20513501" timestamp="2014-02-11T23:52:10Z" user="Britz" uid="143703" lat="47.3690550" lon="-1.7708620"/>
 <node id="2667860549" visible="true" version="1" changeset="20513501" timestamp="2014-02-11T23:52:10Z" user="Britz" uid="143703" lat="47.3690560" lon="-1.7704110"/>
 <node id="2667860550" visible="true" version="1" changeset="20513501" timestamp="2014-02-11T23:52:10Z" user="Britz" uid="143703" lat="47.3690560" lon="-1.7710310"/>
 <node id="2667860553" visible="true" version="1" changeset="20513501" timestamp="2014-02-11T23:52:10Z" user="Britz" uid="143703" lat="47.3690680" lon="-1.7705280"/>
 <node id="2667860555" visible="true" version="1" changeset="20513501" timestamp="2014-02-11T23:52:10Z" user="Britz" uid="143703" lat="47.3690770" lon="-1.7709710"/>
 <node id="2667860556" visible="true" version="1" changeset="20513501" timestamp="2014-02-11T23:52:10Z" user="Britz" uid="143703" lat="47.3690790" lon="-1.7682630"/>
 <node id="2667860557" visible="true" version="1" changeset="20513501" timestamp="2014-02-11T23:52:10Z" user="Britz" uid="143703" lat="47.3690800" lon="-1.7720190"/>
 <node id="2667860559" visible="true" version="1" changeset="20513501" timestamp="2014-02-11T23:52:10Z" user="Britz" uid="143703" lat="47.3690900" lon="-1.7719770"/>
 <node id="2667860561" visible="true" version="1" changeset="20513501" timestamp="2014-02-11T23:52:10Z" user="Britz" uid="143703" lat="47.3690930" lon="-1.7738810"/>
 <node id="2667860566" visible="true" version="1" changeset="20513501" timestamp="2014-02-11T23:52:10Z" user="Britz" uid="143703" lat="47.3691030" lon="-1.7738140"/>
 <node id="2667860567" visible="true" version="1" changeset="20513501" timestamp="2014-02-11T23:52:10Z" user="Britz" uid="143703" lat="47.3691070" lon="-1.7704680"/>
 <node id="2667860568" visible="true" version="1" changeset="20513501" timestamp="2014-02-11T23:52:10Z" user="Britz" uid="143703" lat="47.3691070" lon="-1.7737810"/>
 <node id="2667860574" visible="true" version="1" changeset="20513501" timestamp="2014-02-11T23:52:11Z" user="Britz" uid="143703" lat="47.3691260" lon="-1.7708470"/>
 <node id="2667860579" visible="true" version="1" changeset="20513501" timestamp="2014-02-11T23:52:11Z" user="Britz" uid="143703" lat="47.3691340" lon="-1.7720560"/>
 <node id="2667860582" visible="true" version="1" changeset="20513501" timestamp="2014-02-11T23:52:11Z" user="Britz" uid="143703" lat="47.3691460" lon="-1.7720130"/>
 <node id="2667860584" visible="true" version="1" changeset="20513501" timestamp="2014-02-11T23:52:11Z" user="Britz" uid="143703" lat="47.3691530" lon="-1.7707620"/>
 <node id="2667860595" visible="true" version="1" changeset="20513501" timestamp="2014-02-11T23:52:11Z" user="Britz" uid="143703" lat="47.3691930" lon="-1.7706400"/>
 <node id="2667860605" visible="true" version="1" changeset="20513501" timestamp="2014-02-11T23:52:11Z" user="Britz" uid="143703" lat="47.3692060" lon="-1.7709010"/>
 <node id="2667860619" visible="true" version="1" changeset="20513501" timestamp="2014-02-11T23:52:12Z" user="Britz" uid="143703" lat="47.3692250" lon="-1.7683570"/>
 <node id="2667860620" visible="true" version="1" changeset="20513501" timestamp="2014-02-11T23:52:12Z" user="Britz" uid="143703" lat="47.3692250" lon="-1.7691440"/>
 <node id="2667860629" visible="true" version="1" changeset="20513501" timestamp="2014-02-11T23:52:12Z" user="Britz" uid="143703" lat="47.3692360" lon="-1.7690380"/>
 <node id="2667860630" visible="true" version="1" changeset="20513501" timestamp="2014-02-11T23:52:12Z" user="Britz" uid="143703" lat="47.3692360" lon="-1.7708190"/>
 <node id="2667860637" visible="true" version="1" changeset="20513501" timestamp="2014-02-11T23:52:12Z" user="Britz" uid="143703" lat="47.3692480" lon="-1.7682880"/>
 <node id="2667860638" visible="true" version="1" changeset="20513501" timestamp="2014-02-11T23:52:12Z" user="Britz" uid="143703" lat="47.3692480" lon="-1.7690450"/>
 <node id="2667860643" visible="true" version="1" changeset="20513501" timestamp="2014-02-11T23:52:12Z" user="Britz" uid="143703" lat="47.3692600" lon="-1.7689460"/>
 <node id="2667860644" visible="true" version="1" changeset="20513501" timestamp="2014-02-11T23:52:12Z" user="Britz" uid="143703" lat="47.3692610" lon="-1.7697870"/>
 <node id="2667860650" visible="true" version="1" changeset="20513501" timestamp="2014-02-11T23:52:12Z" user="Britz" uid="143703" lat="47.3692700" lon="-1.7697190"/>
 <node id="2667860651" visible="true" version="1" changeset="20513501" timestamp="2014-02-11T23:52:12Z" user="Britz" uid="143703" lat="47.3692740" lon="-1.7689510"/>
 <node id="2667860653" visible="true" version="1" changeset="20513501" timestamp="2014-02-11T23:52:12Z" user="Britz" uid="143703" lat="47.3692790" lon="-1.7707010"/>
 <node id="2667860656" visible="true" version="1" changeset="20513501" timestamp="2014-02-11T23:52:12Z" user="Britz" uid="143703" lat="47.3692860" lon="-1.7703800"/>
 <node id="2667860660" visible="true" version="1" changeset="20513501" timestamp="2014-02-11T23:52:12Z" user="Britz" uid="143703" lat="47.3693000" lon="-1.7705360"/>
 <node id="2667860667" visible="true" version="1" changeset="20513501" timestamp="2014-02-11T23:52:12Z" user="Britz" uid="143703" lat="47.3693200" lon="-1.7698080"/>
 <node id="2667860670" visible="true" version="1" changeset="20513501" timestamp="2014-02-11T23:52:13Z" user="Britz" uid="143703" lat="47.3693260" lon="-1.7705510"/>
 <node id="2667860673" visible="true" version="1" changeset="20513501" timestamp="2014-02-11T23:52:13Z" user="Britz" uid="143703" lat="47.3693330" lon="-1.7697430"/>
 <node id="2667860680" visible="true" version="1" changeset="20513501" timestamp="2014-02-11T23:52:13Z" user="Britz" uid="143703" lat="47.3693420" lon="-1.7704180"/>
 <node id="2667860686" visible="true" version="1" changeset="20513501" timestamp="2014-02-11T23:52:13Z" user="Britz" uid="143703" lat="47.3693610" lon="-1.7692100"/>
 <node id="2667860698" visible="true" version="1" changeset="20513501" timestamp="2014-02-11T23:52:13Z" user="Britz" uid="143703" lat="47.3693750" lon="-1.7739660"/>
 <node id="2667860699" visible="true" version="1" changeset="20513501" timestamp="2014-02-11T23:52:13Z" user="Britz" uid="143703" lat="47.3693810" lon="-1.7684690"/>
 <node id="2667860701" visible="true" version="1" changeset="20513501" timestamp="2014-02-11T23:52:13Z" user="Britz" uid="143703" lat="47.3693830" lon="-1.7684580"/>
 <node id="2667860703" visible="true" version="1" changeset="20513501" timestamp="2014-02-11T23:52:13Z" user="Britz" uid="143703" lat="47.3693870" lon="-1.7738700"/>
 <node id="2667860709" visible="true" version="1" changeset="20513501" timestamp="2014-02-11T23:52:13Z" user="Britz" uid="143703" lat="47.3693930" lon="-1.7739680"/>
 <node id="2667860712" visible="true" version="1" changeset="20513501" timestamp="2014-02-11T23:52:13Z" user="Britz" uid="143703" lat="47.3693970" lon="-1.7738710"/>
 <node id="2667860716" visible="true" version="1" changeset="20513501" timestamp="2014-02-11T23:52:13Z" user="Britz" uid="143703" lat="47.3694010" lon="-1.7683920"/>
 <node id="2667860717" visible="true" version="1" changeset="20513501" timestamp="2014-02-11T23:52:14Z" user="Britz" uid="143703" lat="47.3694050" lon="-1.7688860"/>
 <node id="2667860718" visible="true" version="1" changeset="20513501" timestamp="2014-02-11T23:52:14Z" user="Britz" uid="143703" lat="47.3694050" lon="-1.7690260"/>
 <node id="2667860720" visible="true" version="1" changeset="20513501" timestamp="2014-02-11T23:52:14Z" user="Britz" uid="143703" lat="47.3694200" lon="-1.7687900"/>
 <node id="2667860729" visible="true" version="1" changeset="20513501" timestamp="2014-02-11T23:52:14Z" user="Britz" uid="143703" lat="47.3694750" lon="-1.7699600"/>
 <node id="2667860735" visible="true" version="1" changeset="20513501" timestamp="2014-02-11T23:52:14Z" user="Britz" uid="143703" lat="47.3695010" lon="-1.7685340"/>
 <node id="2667860740" visible="true" version="1" changeset="20513501" timestamp="2014-02-11T23:52:14Z" user="Britz" uid="143703" lat="47.3695100" lon="-1.7684930"/>
 <node id="2667860742" visible="true" version="1" changeset="20513501" timestamp="2014-02-11T23:52:14Z" user="Britz" uid="143703" lat="47.3695170" lon="-1.7684370"/>
 <node id="2667860744" visible="true" version="1" changeset="20513501" timestamp="2014-02-11T23:52:14Z" user="Britz" uid="143703" lat="47.3695210" lon="-1.7697200"/>
 <node id="2667860749" visible="true" version="1" changeset="20513501" timestamp="2014-02-11T23:52:16Z" user="Britz" uid="143703" lat="47.3695440" lon="-1.7697250"/>
 <node id="2667860751" visible="true" version="1" changeset="20513501" timestamp="2014-02-11T23:52:16Z" user="Britz" uid="143703" lat="47.3695510" lon="-1.7696820"/>
 <node id="2667860752" visible="true" version="1" changeset="20513501" timestamp="2014-02-11T23:52:16Z" user="Britz" uid="143703" lat="47.3695550" lon="-1.7688650"/>
 <node id="2667860753" visible="true" version="1" changeset="20513501" timestamp="2014-02-11T23:52:16Z" user="Britz" uid="143703" lat="47.3695560" lon="-1.7685210"/>
 <node id="2667860754" visible="true" version="1" changeset="20513501" timestamp="2014-02-11T23:52:16Z" user="Britz" uid="143703" lat="47.3695560" lon="-1.7688470"/>
 <node id="2667860755" visible="true" version="1" changeset="20513501" timestamp="2014-02-11T23:52:16Z" user="Britz" uid="143703" lat="47.3695590" lon="-1.7699950"/>
 <node id="2667860756" visible="true" version="1" changeset="20513501" timestamp="2014-02-11T23:52:16Z" user="Britz" uid="143703" lat="47.3695600" lon="-1.7686170"/>
 <node id="2667860757" visible="true" version="1" changeset="20513501" timestamp="2014-02-11T23:52:16Z" user="Britz" uid="143703" lat="47.3695610" lon="-1.7685150"/>
 <node id="2667860758" visible="true" version="1" changeset="20513501" timestamp="2014-02-11T23:52:16Z" user="Britz" uid="143703" lat="47.3695620" lon="-1.7684820"/>
 <node id="2667860759" visible="true" version="1" changeset="20513501" timestamp="2014-02-11T23:52:16Z" user="Britz" uid="143703" lat="47.3695650" lon="-1.7695960"/>
 <node id="2667860762" visible="true" version="2" changeset="20556132" timestamp="2014-02-14T10:23:44Z" user="Britz" uid="143703" lat="47.3695641" lon="-1.7689544"/>
 <node id="2667860767" visible="true" version="1" changeset="20513501" timestamp="2014-02-11T23:52:16Z" user="Britz" uid="143703" lat="47.3695820" lon="-1.7697410"/>
 <node id="2667860769" visible="true" version="1" changeset="20513501" timestamp="2014-02-11T23:52:16Z" user="Britz" uid="143703" lat="47.3695830" lon="-1.7698660"/>
 <node id="2667860770" visible="true" version="1" changeset="20513501" timestamp="2014-02-11T23:52:16Z" user="Britz" uid="143703" lat="47.3695870" lon="-1.7696940"/>
 <node id="2667860771" visible="true" version="2" changeset="20556132" timestamp="2014-02-14T10:23:44Z" user="Britz" uid="143703" lat="47.3695778" lon="-1.7688814"/>
 <node id="2667860775" visible="true" version="1" changeset="20513501" timestamp="2014-02-11T23:52:16Z" user="Britz" uid="143703" lat="47.3695960" lon="-1.7694230"/>
 <node id="2667860776" visible="true" version="1" changeset="20513501" timestamp="2014-02-11T23:52:16Z" user="Britz" uid="143703" lat="47.3696010" lon="-1.7682260"/>
 <node id="2667860777" visible="true" version="1" changeset="20513501" timestamp="2014-02-11T23:52:16Z" user="Britz" uid="143703" lat="47.3696020" lon="-1.7686300"/>
 <node id="2667860778" visible="true" version="1" changeset="20513501" timestamp="2014-02-11T23:52:16Z" user="Britz" uid="143703" lat="47.3696020" lon="-1.7696090"/>
 <node id="2667860781" visible="true" version="1" changeset="20513501" timestamp="2014-02-11T23:52:16Z" user="Britz" uid="143703" lat="47.3696050" lon="-1.7685210"/>
 <node id="2667860784" visible="true" version="1" changeset="20513501" timestamp="2014-02-11T23:52:16Z" user="Britz" uid="143703" lat="47.3696120" lon="-1.7690830"/>
 <node id="2667860785" visible="true" version="1" changeset="20513501" timestamp="2014-02-11T23:52:16Z" user="Britz" uid="143703" lat="47.3696180" lon="-1.7698740"/>
 <node id="2667860788" visible="true" version="1" changeset="20513501" timestamp="2014-02-11T23:52:16Z" user="Britz" uid="143703" lat="47.3696260" lon="-1.7681240"/>
 <node id="2667860791" visible="true" version="1" changeset="20513501" timestamp="2014-02-11T23:52:16Z" user="Britz" uid="143703" lat="47.3696320" lon="-1.7694370"/>
 <node id="2667860794" visible="true" version="1" changeset="20513501" timestamp="2014-02-11T23:52:17Z" user="Britz" uid="143703" lat="47.3696390" lon="-1.7689350"/>
 <node id="2667860797" visible="true" version="1" changeset="20513501" timestamp="2014-02-11T23:52:17Z" user="Britz" uid="143703" lat="47.3696410" lon="-1.7682510"/>
 <node id="2667860798" visible="true" version="1" changeset="20513501" timestamp="2014-02-11T23:52:17Z" user="Britz" uid="143703" lat="47.3696410" lon="-1.7697650"/>
 <node id="2667860806" visible="true" version="1" changeset="20513501" timestamp="2014-02-11T23:52:17Z" user="Britz" uid="143703" lat="47.3696530" lon="-1.7688430"/>
 <node id="2667860811" visible="true" version="1" changeset="20513501" timestamp="2014-02-11T23:52:17Z" user="Britz" uid="143703" lat="47.3696690" lon="-1.7681480"/>
 <node id="2667860812" visible="true" version="1" changeset="20513501" timestamp="2014-02-11T23:52:17Z" user="Britz" uid="143703" lat="47.3696740" lon="-1.7687030"/>
 <node id="2667860813" visible="true" version="1" changeset="20513501" timestamp="2014-02-11T23:52:17Z" user="Britz" uid="143703" lat="47.3696780" lon="-1.7691050"/>
 <node id="2667860818" visible="true" version="1" changeset="20513501" timestamp="2014-02-11T23:52:17Z" user="Britz" uid="143703" lat="47.3696910" lon="-1.7690240"/>
 <node id="2667860822" visible="true" version="1" changeset="20513501" timestamp="2014-02-11T23:52:17Z" user="Britz" uid="143703" lat="47.3697240" lon="-1.7690310"/>
 <node id="2667860823" visible="true" version="1" changeset="20513501" timestamp="2014-02-11T23:52:17Z" user="Britz" uid="143703" lat="47.3697270" lon="-1.7683450"/>
 <node id="2667860826" visible="true" version="1" changeset="20513501" timestamp="2014-02-11T23:52:17Z" user="Britz" uid="143703" lat="47.3697340" lon="-1.7689670"/>
 <node id="2667860830" visible="true" version="1" changeset="20513501" timestamp="2014-02-11T23:52:17Z" user="Britz" uid="143703" lat="47.3697480" lon="-1.7688780"/>
 <node id="2667860832" visible="true" version="1" changeset="20513501" timestamp="2014-02-11T23:52:17Z" user="Britz" uid="143703" lat="47.3697570" lon="-1.7687240"/>
 <node id="2667860834" visible="true" version="1" changeset="20513501" timestamp="2014-02-11T23:52:17Z" user="Britz" uid="143703" lat="47.3697660" lon="-1.7685860"/>
 <node id="2667860836" visible="true" version="1" changeset="20513501" timestamp="2014-02-11T23:52:17Z" user="Britz" uid="143703" lat="47.3697690" lon="-1.7690740"/>
 <node id="2667860837" visible="true" version="1" changeset="20513501" timestamp="2014-02-11T23:52:17Z" user="Britz" uid="143703" lat="47.3697710" lon="-1.7687310"/>
 <node id="2667860838" visible="true" version="1" changeset="20513501" timestamp="2014-02-11T23:52:17Z" user="Britz" uid="143703" lat="47.3697730" lon="-1.7689740"/>
 <node id="2667860840" visible="true" version="1" changeset="20513501" timestamp="2014-02-11T23:52:17Z" user="Britz" uid="143703" lat="47.3697790" lon="-1.7685890"/>
 <node id="2667860842" visible="true" version="1" changeset="20513501" timestamp="2014-02-11T23:52:18Z" user="Britz" uid="143703" lat="47.3697870" lon="-1.7688910"/>
 <node id="2667860845" visible="true" version="1" changeset="20513501" timestamp="2014-02-11T23:52:18Z" user="Britz" uid="143703" lat="47.3697980" lon="-1.7683690"/>
 <node id="2667860846" visible="true" version="1" changeset="20513501" timestamp="2014-02-11T23:52:18Z" user="Britz" uid="143703" lat="47.3698020" lon="-1.7690000"/>
 <node id="2667861060" visible="true" version="1" changeset="20513501" timestamp="2014-02-11T23:52:24Z" user="Britz" uid="143703" lat="47.3703740" lon="-1.7666960"/>
 <node id="2667861076" visible="true" version="1" changeset="20513501" timestamp="2014-02-11T23:52:25Z" user="Britz" uid="143703" lat="47.3704090" lon="-1.7666400"/>
 <node id="2667861081" visible="true" version="1" changeset="20513501" timestamp="2014-02-11T23:52:25Z" user="Britz" uid="143703" lat="47.3704330" lon="-1.7667720"/>
 <node id="2667861094" visible="true" version="1" changeset="20513501" timestamp="2014-02-11T23:52:25Z" user="Britz" uid="143703" lat="47.3704650" lon="-1.7667170"/>
 <node id="2667861108" visible="true" version="1" changeset="20513501" timestamp="2014-02-11T23:52:25Z" user="Britz" uid="143703" lat="47.3706210" lon="-1.7668300"/>
 <node id="2667861116" visible="true" version="1" changeset="20513501" timestamp="2014-02-11T23:52:25Z" user="Britz" uid="143703" lat="47.3706760" lon="-1.7666620"/>
 <node id="2667861117" visible="true" version="1" changeset="20513501" timestamp="2014-02-11T23:52:25Z" user="Britz" uid="143703" lat="47.3706760" lon="-1.7668600"/>
 <node id="2667861118" visible="true" version="1" changeset="20513501" timestamp="2014-02-11T23:52:25Z" user="Britz" uid="143703" lat="47.3707100" lon="-1.7665600"/>
 <node id="2667861119" visible="true" version="1" changeset="20513501" timestamp="2014-02-11T23:52:25Z" user="Britz" uid="143703" lat="47.3707180" lon="-1.7667500"/>
 <node id="2667861121" visible="true" version="1" changeset="20513501" timestamp="2014-02-11T23:52:25Z" user="Britz" uid="143703" lat="47.3707320" lon="-1.7667020"/>
 <node id="2667861122" visible="true" version="1" changeset="20513501" timestamp="2014-02-11T23:52:25Z" user="Britz" uid="143703" lat="47.3707400" lon="-1.7665780"/>
 <node id="2667861123" visible="true" version="1" changeset="20513501" timestamp="2014-02-11T23:52:25Z" user="Britz" uid="143703" lat="47.3707410" lon="-1.7667660"/>
 <node id="2667861125" visible="true" version="1" changeset="20513501" timestamp="2014-02-11T23:52:26Z" user="Britz" uid="143703" lat="47.3707500" lon="-1.7665530"/>
 <node id="2667861128" visible="true" version="1" changeset="20513501" timestamp="2014-02-11T23:52:26Z" user="Britz" uid="143703" lat="47.3707660" lon="-1.7665940"/>
 <node id="2667861130" visible="true" version="1" changeset="20513501" timestamp="2014-02-11T23:52:26Z" user="Britz" uid="143703" lat="47.3707730" lon="-1.7665700"/>
 <node id="2667861136" visible="true" version="1" changeset="20513501" timestamp="2014-02-11T23:52:26Z" user="Britz" uid="143703" lat="47.3707920" lon="-1.7666140"/>
 <node id="2671189232" visible="true" version="1" changeset="20556132" timestamp="2014-02-14T10:23:40Z" user="Britz" uid="143703" lat="47.3568223" lon="-1.7664716"/>
 <node id="2671189233" visible="true" version="1" changeset="20556132" timestamp="2014-02-14T10:23:41Z" user="Britz" uid="143703" lat="47.3570320" lon="-1.7666001"/>
 <node id="2671189234" visible="true" version="1" changeset="20556132" timestamp="2014-02-14T10:23:41Z" user="Britz" uid="143703" lat="47.3576390" lon="-1.7668472"/>
 <node id="2671189235" visible="true" version="1" changeset="20556132" timestamp="2014-02-14T10:23:41Z" user="Britz" uid="143703" lat="47.3578331" lon="-1.7669098"/>
 <node id="2671189237" visible="true" version="1" changeset="20556132" timestamp="2014-02-14T10:23:41Z" user="Britz" uid="143703" lat="47.3578934" lon="-1.7669954"/>
 <node id="2671189238" visible="true" version="1" changeset="20556132" timestamp="2014-02-14T10:23:41Z" user="Britz" uid="143703" lat="47.3580295" lon="-1.7674072"/>
 <node id="2671189248" visible="true" version="1" changeset="20556132" timestamp="2014-02-14T10:23:41Z" user="Britz" uid="143703" lat="47.3695711" lon="-1.7689718"/>
 <node id="2671189249" visible="true" version="1" changeset="20556132" timestamp="2014-02-14T10:23:41Z" user="Britz" uid="143703" lat="47.3746353" lon="-1.7780581"/>
 <node id="2671189250" visible="true" version="1" changeset="20556132" timestamp="2014-02-14T10:23:41Z" user="Britz" uid="143703" lat="47.3765692" lon="-1.7811025"/>
 <node id="2671189253" visible="true" version="1" changeset="20556132" timestamp="2014-02-14T10:23:41Z" user="Britz" uid="143703" lat="47.3789630" lon="-1.7838566"/>
 <node id="2696417630" visible="true" version="1" changeset="20846491" timestamp="2014-03-01T14:54:35Z" user="acubens71" uid="178348" lat="47.3645577" lon="-1.7593344">
  <tag k="name" v="Les Tertreaux"/>
  <tag k="place" v="hamlet"/>
  <tag k="source" v="cadastre-dgi-fr source : Direction Générale des Finances Publiques - Cadastre. Mise à jour : 2014"/>
 </node>
 <node id="3757068503" visible="true" version="1" changeset="34223391" timestamp="2015-09-24T11:00:42Z" user="rody" uid="196272" lat="47.3202481" lon="-1.8266751"/>
 <node id="3757068504" visible="true" version="1" changeset="34223391" timestamp="2015-09-24T11:00:42Z" user="rody" uid="196272" lat="47.3202808" lon="-1.8270051"/>
 <node id="3757068505" visible="true" version="1" changeset="34223391" timestamp="2015-09-24T11:00:42Z" user="rody" uid="196272" lat="47.3210541" lon="-1.8257335"/>
 <node id="3757068506" visible="true" version="1" changeset="34223391" timestamp="2015-09-24T11:00:42Z" user="rody" uid="196272" lat="47.3219246" lon="-1.8312382"/>
 <node id="3757068507" visible="true" version="1" changeset="34223391" timestamp="2015-09-24T11:00:42Z" user="rody" uid="196272" lat="47.3219699" lon="-1.8308050"/>
 <node id="3757068508" visible="true" version="1" changeset="34223391" timestamp="2015-09-24T11:00:42Z" user="rody" uid="196272" lat="47.3222318" lon="-1.8247773"/>
 <node id="3757068509" visible="true" version="1" changeset="34223391" timestamp="2015-09-24T11:00:42Z" user="rody" uid="196272" lat="47.3225007" lon="-1.8304971"/>
 <node id="3757068510" visible="true" version="1" changeset="34223391" timestamp="2015-09-24T11:00:42Z" user="rody" uid="196272" lat="47.3233961" lon="-1.8241911"/>
 <node id="3757068511" visible="true" version="1" changeset="34223391" timestamp="2015-09-24T11:00:42Z" user="rody" uid="196272" lat="47.3237491" lon="-1.8300486"/>
 <node id="3757068512" visible="true" version="1" changeset="34223391" timestamp="2015-09-24T11:00:42Z" user="rody" uid="196272" lat="47.3242059" lon="-1.8235555"/>
 <node id="3757068513" visible="true" version="1" changeset="34223391" timestamp="2015-09-24T11:00:42Z" user="rody" uid="196272" lat="47.3242360" lon="-1.8173566"/>
 <node id="3757068514" visible="true" version="1" changeset="34223391" timestamp="2015-09-24T11:00:42Z" user="rody" uid="196272" lat="47.3243876" lon="-1.8193335"/>
 <node id="3757068515" visible="true" version="1" changeset="34223391" timestamp="2015-09-24T11:00:42Z" user="rody" uid="196272" lat="47.3247683" lon="-1.8170049"/>
 <node id="3757068516" visible="true" version="1" changeset="34223391" timestamp="2015-09-24T11:00:42Z" user="rody" uid="196272" lat="47.3248407" lon="-1.8355928"/>
 <node id="3757068517" visible="true" version="1" changeset="34223391" timestamp="2015-09-24T11:00:42Z" user="rody" uid="196272" lat="47.3248889" lon="-1.8132367"/>
 <node id="3757068518" visible="true" version="1" changeset="34223391" timestamp="2015-09-24T11:00:42Z" user="rody" uid="196272" lat="47.3249338" lon="-1.8391811"/>
 <node id="3757068519" visible="true" version="1" changeset="34223391" timestamp="2015-09-24T11:00:42Z" user="rody" uid="196272" lat="47.3250047" lon="-1.8149708"/>
 <node id="3757068520" visible="true" version="1" changeset="34223391" timestamp="2015-09-24T11:00:42Z" user="rody" uid="196272" lat="47.3250166" lon="-1.8385325"/>
 <node id="3757068521" visible="true" version="1" changeset="34223391" timestamp="2015-09-24T11:00:42Z" user="rody" uid="196272" lat="47.3250652" lon="-1.8165913"/>
 <node id="3757068522" visible="true" version="1" changeset="34223391" timestamp="2015-09-24T11:00:42Z" user="rody" uid="196272" lat="47.3250718" lon="-1.8192994"/>
 <node id="3757068523" visible="true" version="1" changeset="34223391" timestamp="2015-09-24T11:00:42Z" user="rody" uid="196272" lat="47.3250800" lon="-1.8375985"/>
 <node id="3757068524" visible="true" version="1" changeset="34223391" timestamp="2015-09-24T11:00:42Z" user="rody" uid="196272" lat="47.3251066" lon="-1.8298707"/>
 <node id="3757078225" visible="true" version="1" changeset="34223391" timestamp="2015-09-24T11:00:42Z" user="rody" uid="196272" lat="47.3251825" lon="-1.8224087"/>
 <node id="3757078226" visible="true" version="1" changeset="34223391" timestamp="2015-09-24T11:00:42Z" user="rody" uid="196272" lat="47.3252377" lon="-1.8192250"/>
 <node id="3757078227" visible="true" version="1" changeset="34223391" timestamp="2015-09-24T11:00:42Z" user="rody" uid="196272" lat="47.3252578" lon="-1.8203184"/>
 <node id="3757078228" visible="true" version="1" changeset="34223391" timestamp="2015-09-24T11:00:42Z" user="rody" uid="196272" lat="47.3253406" lon="-1.8410690"/>
 <node id="3757078229" visible="true" version="1" changeset="34223391" timestamp="2015-09-24T11:00:43Z" user="rody" uid="196272" lat="47.3253612" lon="-1.8124874"/>
 <node id="3757078230" visible="true" version="1" changeset="34223391" timestamp="2015-09-24T11:00:43Z" user="rody" uid="196272" lat="47.3253794" lon="-1.8099122"/>
 <node id="3757078231" visible="true" version="1" changeset="34223391" timestamp="2015-09-24T11:00:43Z" user="rody" uid="196272" lat="47.3254198" lon="-1.8351794"/>
 <node id="3757078232" visible="true" version="1" changeset="34223391" timestamp="2015-09-24T11:00:43Z" user="rody" uid="196272" lat="47.3254746" lon="-1.8151165"/>
 <node id="3757078233" visible="true" version="1" changeset="34223391" timestamp="2015-09-24T11:00:43Z" user="rody" uid="196272" lat="47.3255041" lon="-1.8159485"/>
 <node id="3757078234" visible="true" version="1" changeset="34223391" timestamp="2015-09-24T11:00:43Z" user="rody" uid="196272" lat="47.3255256" lon="-1.8215402"/>
 <node id="3757078235" visible="true" version="1" changeset="34223391" timestamp="2015-09-24T11:00:43Z" user="rody" uid="196272" lat="47.3256310" lon="-1.8301518"/>
 <node id="3757078236" visible="true" version="1" changeset="34223391" timestamp="2015-09-24T11:00:43Z" user="rody" uid="196272" lat="47.3259635" lon="-1.8308110"/>
 <node id="3757078237" visible="true" version="1" changeset="34223391" timestamp="2015-09-24T11:00:43Z" user="rody" uid="196272" lat="47.3261564" lon="-1.8320489"/>
 <node id="3757078238" visible="true" version="1" changeset="34223391" timestamp="2015-09-24T11:00:43Z" user="rody" uid="196272" lat="47.3262281" lon="-1.8411603"/>
 <node id="3757078239" visible="true" version="1" changeset="34223391" timestamp="2015-09-24T11:00:43Z" user="rody" uid="196272" lat="47.3262487" lon="-1.8336065"/>
 <node id="3757078240" visible="true" version="1" changeset="34223391" timestamp="2015-09-24T11:00:43Z" user="rody" uid="196272" lat="47.3263713" lon="-1.7640729"/>
 <node id="3757078241" visible="true" version="1" changeset="34223391" timestamp="2015-09-24T11:00:43Z" user="rody" uid="196272" lat="47.3264594" lon="-1.8100179"/>
 <node id="3757078242" visible="true" version="1" changeset="34223391" timestamp="2015-09-24T11:00:43Z" user="rody" uid="196272" lat="47.3264721" lon="-1.8344100"/>
 <node id="3757078243" visible="true" version="1" changeset="34223391" timestamp="2015-09-24T11:00:43Z" user="rody" uid="196272" lat="47.3266256" lon="-1.7648527"/>
 <node id="3757078244" visible="true" version="1" changeset="34223391" timestamp="2015-09-24T11:00:43Z" user="rody" uid="196272" lat="47.3268017" lon="-1.8087561"/>
 <node id="3757078245" visible="true" version="1" changeset="34223391" timestamp="2015-09-24T11:00:43Z" user="rody" uid="196272" lat="47.3268608" lon="-1.8091756"/>
 <node id="3757078246" visible="true" version="1" changeset="34223391" timestamp="2015-09-24T11:00:43Z" user="rody" uid="196272" lat="47.3269878" lon="-1.8415036"/>
 <node id="3757078247" visible="true" version="1" changeset="34223391" timestamp="2015-09-24T11:00:43Z" user="rody" uid="196272" lat="47.3270190" lon="-1.8097338"/>
 <node id="3757078248" visible="true" version="1" changeset="34223391" timestamp="2015-09-24T11:00:43Z" user="rody" uid="196272" lat="47.3270720" lon="-1.8094977"/>
 <node id="3757078249" visible="true" version="1" changeset="34223391" timestamp="2015-09-24T11:00:43Z" user="rody" uid="196272" lat="47.3270866" lon="-1.8008080"/>
 <node id="3757078250" visible="true" version="1" changeset="34223391" timestamp="2015-09-24T11:00:43Z" user="rody" uid="196272" lat="47.3271123" lon="-1.8013340"/>
 <node id="3757078251" visible="true" version="1" changeset="34223391" timestamp="2015-09-24T11:00:43Z" user="rody" uid="196272" lat="47.3271383" lon="-1.7636479"/>
 <node id="3757078252" visible="true" version="1" changeset="34223391" timestamp="2015-09-24T11:00:43Z" user="rody" uid="196272" lat="47.3272993" lon="-1.7657339"/>
 <node id="3757078253" visible="true" version="1" changeset="34223391" timestamp="2015-09-24T11:00:43Z" user="rody" uid="196272" lat="47.3273266" lon="-1.8003243"/>
 <node id="3757078254" visible="true" version="1" changeset="34223391" timestamp="2015-09-24T11:00:43Z" user="rody" uid="196272" lat="47.3273332" lon="-1.8075964"/>
 <node id="3757078255" visible="true" version="1" changeset="34223391" timestamp="2015-09-24T11:00:43Z" user="rody" uid="196272" lat="47.3277512" lon="-1.8421529"/>
 <node id="3757078256" visible="true" version="1" changeset="34223391" timestamp="2015-09-24T11:00:43Z" user="rody" uid="196272" lat="47.3280075" lon="-1.7669634"/>
 <node id="3757078257" visible="true" version="1" changeset="34223391" timestamp="2015-09-24T11:00:43Z" user="rody" uid="196272" lat="47.3280152" lon="-1.8055530"/>
 <node id="3757078258" visible="true" version="1" changeset="34223391" timestamp="2015-09-24T11:00:43Z" user="rody" uid="196272" lat="47.3280863" lon="-1.8035713"/>
 <node id="3757078259" visible="true" version="1" changeset="34223391" timestamp="2015-09-24T11:00:43Z" user="rody" uid="196272" lat="47.3283451" lon="-1.7996608"/>
 <node id="3757078260" visible="true" version="1" changeset="34223391" timestamp="2015-09-24T11:00:43Z" user="rody" uid="196272" lat="47.3283473" lon="-1.8045742"/>
 <node id="3757078261" visible="true" version="1" changeset="34223391" timestamp="2015-09-24T11:00:43Z" user="rody" uid="196272" lat="47.3284152" lon="-1.7910625"/>
 <node id="3757078262" visible="true" version="1" changeset="34223391" timestamp="2015-09-24T11:00:43Z" user="rody" uid="196272" lat="47.3284784" lon="-1.7930327"/>
 <node id="3757078263" visible="true" version="1" changeset="34223391" timestamp="2015-09-24T11:00:43Z" user="rody" uid="196272" lat="47.3285654" lon="-1.7684578"/>
 <node id="3757078264" visible="true" version="1" changeset="34223391" timestamp="2015-09-24T11:00:43Z" user="rody" uid="196272" lat="47.3287564" lon="-1.7736568"/>
 <node id="3757078265" visible="true" version="1" changeset="34223391" timestamp="2015-09-24T11:00:43Z" user="rody" uid="196272" lat="47.3287643" lon="-1.7760767"/>
 <node id="3757078266" visible="true" version="1" changeset="34223391" timestamp="2015-09-24T11:00:43Z" user="rody" uid="196272" lat="47.3287752" lon="-1.7691652"/>
 <node id="3757078267" visible="true" version="1" changeset="34223391" timestamp="2015-09-24T11:00:43Z" user="rody" uid="196272" lat="47.3288266" lon="-1.7903519"/>
 <node id="3757078268" visible="true" version="1" changeset="34223391" timestamp="2015-09-24T11:00:43Z" user="rody" uid="196272" lat="47.3288417" lon="-1.7686173"/>
 <node id="3757078269" visible="true" version="1" changeset="34223391" timestamp="2015-09-24T11:00:43Z" user="rody" uid="196272" lat="47.3290059" lon="-1.7923966"/>
 <node id="3757078270" visible="true" version="1" changeset="34223391" timestamp="2015-09-24T11:00:43Z" user="rody" uid="196272" lat="47.3290123" lon="-1.7704276"/>
 <node id="3757078271" visible="true" version="1" changeset="34223391" timestamp="2015-09-24T11:00:43Z" user="rody" uid="196272" lat="47.3290582" lon="-1.7988207"/>
 <node id="3757078272" visible="true" version="1" changeset="34223391" timestamp="2015-09-24T11:00:43Z" user="rody" uid="196272" lat="47.3290634" lon="-1.7891255"/>
 <node id="3757078273" visible="true" version="1" changeset="34223391" timestamp="2015-09-24T11:00:43Z" user="rody" uid="196272" lat="47.3291002" lon="-1.7918361"/>
 <node id="3757078274" visible="true" version="1" changeset="34223391" timestamp="2015-09-24T11:00:43Z" user="rody" uid="196272" lat="47.3293473" lon="-1.7982098"/>
 <node id="3757078275" visible="true" version="1" changeset="34223391" timestamp="2015-09-24T11:00:43Z" user="rody" uid="196272" lat="47.3293740" lon="-1.7787504"/>
 <node id="3757078276" visible="true" version="1" changeset="34223391" timestamp="2015-09-24T11:00:43Z" user="rody" uid="196272" lat="47.3293769" lon="-1.7961376"/>
 <node id="3757078277" visible="true" version="1" changeset="34223391" timestamp="2015-09-24T11:00:43Z" user="rody" uid="196272" lat="47.3294158" lon="-1.8437463"/>
 <node id="3757078278" visible="true" version="1" changeset="34223391" timestamp="2015-09-24T11:00:43Z" user="rody" uid="196272" lat="47.3294930" lon="-1.7966270"/>
 <node id="3757078279" visible="true" version="1" changeset="34223391" timestamp="2015-09-24T11:00:43Z" user="rody" uid="196272" lat="47.3295988" lon="-1.8440227"/>
 <node id="3757078280" visible="true" version="1" changeset="34223391" timestamp="2015-09-24T11:00:43Z" user="rody" uid="196272" lat="47.3296976" lon="-1.7815403"/>
 <node id="3757078281" visible="true" version="1" changeset="34223391" timestamp="2015-09-24T11:00:43Z" user="rody" uid="196272" lat="47.3298721" lon="-1.8463153"/>
 <node id="3757078282" visible="true" version="1" changeset="34223391" timestamp="2015-09-24T11:00:43Z" user="rody" uid="196272" lat="47.3299519" lon="-1.7836336"/>
 <node id="3757078283" visible="true" version="1" changeset="34223391" timestamp="2015-09-24T11:00:43Z" user="rody" uid="196272" lat="47.3300441" lon="-1.8468965"/>
 <node id="3757078284" visible="true" version="1" changeset="34223391" timestamp="2015-09-24T11:00:43Z" user="rody" uid="196272" lat="47.3301281" lon="-1.7641540"/>
 <node id="3757078285" visible="true" version="1" changeset="34223391" timestamp="2015-09-24T11:00:43Z" user="rody" uid="196272" lat="47.3301363" lon="-1.7881820"/>
 <node id="3757078286" visible="true" version="1" changeset="34223391" timestamp="2015-09-24T11:00:43Z" user="rody" uid="196272" lat="47.3302422" lon="-1.7875681"/>
 <node id="3757078287" visible="true" version="1" changeset="34223391" timestamp="2015-09-24T11:00:44Z" user="rody" uid="196272" lat="47.3303244" lon="-1.7837315"/>
 <node id="3757078288" visible="true" version="1" changeset="34223391" timestamp="2015-09-24T11:00:44Z" user="rody" uid="196272" lat="47.3305194" lon="-1.7848526"/>
 <node id="3757078289" visible="true" version="1" changeset="34223391" timestamp="2015-09-24T11:00:44Z" user="rody" uid="196272" lat="47.3306649" lon="-1.7370292"/>
 <node id="3757078290" visible="true" version="1" changeset="34223391" timestamp="2015-09-24T11:00:44Z" user="rody" uid="196272" lat="47.3306691" lon="-1.7355779"/>
 <node id="3757078291" visible="true" version="1" changeset="34223391" timestamp="2015-09-24T11:00:44Z" user="rody" uid="196272" lat="47.3307365" lon="-1.7853532"/>
 <node id="3757078292" visible="true" version="1" changeset="34223391" timestamp="2015-09-24T11:00:44Z" user="rody" uid="196272" lat="47.3307580" lon="-1.7357230"/>
 <node id="3757078293" visible="true" version="1" changeset="34223391" timestamp="2015-09-24T11:00:44Z" user="rody" uid="196272" lat="47.3308010" lon="-1.7624084"/>
 <node id="3757078294" visible="true" version="1" changeset="34223391" timestamp="2015-09-24T11:00:44Z" user="rody" uid="196272" lat="47.3310696" lon="-1.7614613"/>
 <node id="3757078295" visible="true" version="1" changeset="34223391" timestamp="2015-09-24T11:00:44Z" user="rody" uid="196272" lat="47.3311014" lon="-1.7472930"/>
 <node id="3757078296" visible="true" version="1" changeset="34223391" timestamp="2015-09-24T11:00:44Z" user="rody" uid="196272" lat="47.3311795" lon="-1.7875748"/>
 <node id="3757078297" visible="true" version="1" changeset="34223391" timestamp="2015-09-24T11:00:44Z" user="rody" uid="196272" lat="47.3312043" lon="-1.7403884"/>
 <node id="3757078298" visible="true" version="1" changeset="34223391" timestamp="2015-09-24T11:00:44Z" user="rody" uid="196272" lat="47.3312587" lon="-1.8473848"/>
 <node id="3757078299" visible="true" version="1" changeset="34223391" timestamp="2015-09-24T11:00:44Z" user="rody" uid="196272" lat="47.3312603" lon="-1.7388028"/>
 <node id="3757078300" visible="true" version="1" changeset="34223391" timestamp="2015-09-24T11:00:44Z" user="rody" uid="196272" lat="47.3313111" lon="-1.7240140"/>
 <node id="3757078301" visible="true" version="1" changeset="34223391" timestamp="2015-09-24T11:00:44Z" user="rody" uid="196272" lat="47.3314259" lon="-1.7394375"/>
 <node id="3757078302" visible="true" version="1" changeset="34223391" timestamp="2015-09-24T11:00:44Z" user="rody" uid="196272" lat="47.3314690" lon="-1.7608006"/>
 <node id="3757078303" visible="true" version="1" changeset="34223391" timestamp="2015-09-24T11:00:44Z" user="rody" uid="196272" lat="47.3314799" lon="-1.7644652"/>
 <node id="3757078304" visible="true" version="1" changeset="34223391" timestamp="2015-09-24T11:00:44Z" user="rody" uid="196272" lat="47.3315260" lon="-1.7869350"/>
 <node id="3757078305" visible="true" version="1" changeset="34223391" timestamp="2015-09-24T11:00:44Z" user="rody" uid="196272" lat="47.3316509" lon="-1.7357219"/>
 <node id="3757078306" visible="true" version="1" changeset="34223391" timestamp="2015-09-24T11:00:44Z" user="rody" uid="196272" lat="47.3316639" lon="-1.7420133"/>
 <node id="3757078307" visible="true" version="1" changeset="34223391" timestamp="2015-09-24T11:00:44Z" user="rody" uid="196272" lat="47.3317038" lon="-1.7208641"/>
 <node id="3757078308" visible="true" version="1" changeset="34223391" timestamp="2015-09-24T11:00:44Z" user="rody" uid="196272" lat="47.3317429" lon="-1.7477568"/>
 <node id="3757078309" visible="true" version="1" changeset="34223391" timestamp="2015-09-24T11:00:44Z" user="rody" uid="196272" lat="47.3317917" lon="-1.7463780"/>
 <node id="3757078310" visible="true" version="1" changeset="34223391" timestamp="2015-09-24T11:00:44Z" user="rody" uid="196272" lat="47.3318388" lon="-1.7237085"/>
 <node id="3757078311" visible="true" version="1" changeset="34223391" timestamp="2015-09-24T11:00:44Z" user="rody" uid="196272" lat="47.3320121" lon="-1.7428003"/>
 <node id="3757078312" visible="true" version="1" changeset="34223391" timestamp="2015-09-24T11:00:44Z" user="rody" uid="196272" lat="47.3320474" lon="-1.7444620"/>
 <node id="3757078313" visible="true" version="1" changeset="34223391" timestamp="2015-09-24T11:00:44Z" user="rody" uid="196272" lat="47.3322927" lon="-1.7601034"/>
 <node id="3757078314" visible="true" version="1" changeset="34223391" timestamp="2015-09-24T11:00:44Z" user="rody" uid="196272" lat="47.3323027" lon="-1.7238820"/>
 <node id="3757078315" visible="true" version="1" changeset="34223391" timestamp="2015-09-24T11:00:44Z" user="rody" uid="196272" lat="47.3323083" lon="-1.7250576"/>
 <node id="3757078316" visible="true" version="1" changeset="34223391" timestamp="2015-09-24T11:00:44Z" user="rody" uid="196272" lat="47.3323340" lon="-1.7456591"/>
 <node id="3757078317" visible="true" version="1" changeset="34223391" timestamp="2015-09-24T11:00:44Z" user="rody" uid="196272" lat="47.3323592" lon="-1.7276191"/>
 <node id="3757078318" visible="true" version="1" changeset="34223391" timestamp="2015-09-24T11:00:44Z" user="rody" uid="196272" lat="47.3323704" lon="-1.7499477"/>
 <node id="3757078319" visible="true" version="1" changeset="34223391" timestamp="2015-09-24T11:00:44Z" user="rody" uid="196272" lat="47.3324141" lon="-1.7287293"/>
 <node id="3757078320" visible="true" version="1" changeset="34223391" timestamp="2015-09-24T11:00:44Z" user="rody" uid="196272" lat="47.3325701" lon="-1.7256305"/>
 <node id="3757078321" visible="true" version="1" changeset="34223391" timestamp="2015-09-24T11:00:44Z" user="rody" uid="196272" lat="47.3325828" lon="-1.7572223"/>
 <node id="3757078322" visible="true" version="1" changeset="34223391" timestamp="2015-09-24T11:00:44Z" user="rody" uid="196272" lat="47.3326696" lon="-1.7587498"/>
 <node id="3757078323" visible="true" version="1" changeset="34223391" timestamp="2015-09-24T11:00:44Z" user="rody" uid="196272" lat="47.3326743" lon="-1.7306846"/>
 <node id="3757078324" visible="true" version="1" changeset="34223391" timestamp="2015-09-24T11:00:44Z" user="rody" uid="196272" lat="47.3328011" lon="-1.7537136"/>
 <node id="3757078325" visible="true" version="1" changeset="34223391" timestamp="2015-09-24T11:00:44Z" user="rody" uid="196272" lat="47.3330451" lon="-1.7321645"/>
 <node id="3757078326" visible="true" version="1" changeset="34223391" timestamp="2015-09-24T11:00:44Z" user="rody" uid="196272" lat="47.3332170" lon="-1.7352883"/>
 <node id="3757078327" visible="true" version="1" changeset="34223391" timestamp="2015-09-24T11:00:44Z" user="rody" uid="196272" lat="47.3339843" lon="-1.8479696"/>
 <node id="3757078328" visible="true" version="1" changeset="34223391" timestamp="2015-09-24T11:00:44Z" user="rody" uid="196272" lat="47.3345798" lon="-1.7205987"/>
 <node id="3757078329" visible="true" version="1" changeset="34223391" timestamp="2015-09-24T11:00:44Z" user="rody" uid="196272" lat="47.3347018" lon="-1.8482443"/>
 <node id="3757078330" visible="true" version="1" changeset="34223391" timestamp="2015-09-24T11:00:44Z" user="rody" uid="196272" lat="47.3356383" lon="-1.8486234"/>
 <node id="3757078331" visible="true" version="1" changeset="34223391" timestamp="2015-09-24T11:00:44Z" user="rody" uid="196272" lat="47.3360406" lon="-1.8481745"/>
 <node id="3757078332" visible="true" version="1" changeset="34223391" timestamp="2015-09-24T11:00:44Z" user="rody" uid="196272" lat="47.3368482" lon="-1.8476044"/>
 <node id="3757078333" visible="true" version="1" changeset="34223391" timestamp="2015-09-24T11:00:44Z" user="rody" uid="196272" lat="47.3370276" lon="-1.8471598"/>
 <node id="3757078334" visible="true" version="1" changeset="34223391" timestamp="2015-09-24T11:00:44Z" user="rody" uid="196272" lat="47.3370430" lon="-1.8475541"/>
 <node id="3757078335" visible="true" version="1" changeset="34223391" timestamp="2015-09-24T11:00:44Z" user="rody" uid="196272" lat="47.3372093" lon="-1.7206603"/>
 <node id="3757078336" visible="true" version="1" changeset="34223391" timestamp="2015-09-24T11:00:44Z" user="rody" uid="196272" lat="47.3372907" lon="-1.7170025"/>
 <node id="3757078337" visible="true" version="1" changeset="34223391" timestamp="2015-09-24T11:00:44Z" user="rody" uid="196272" lat="47.3379159" lon="-1.8472294"/>
 <node id="3757078338" visible="true" version="1" changeset="34223391" timestamp="2015-09-24T11:00:44Z" user="rody" uid="196272" lat="47.3380537" lon="-1.8475241"/>
 <node id="3757078339" visible="true" version="1" changeset="34223391" timestamp="2015-09-24T11:00:44Z" user="rody" uid="196272" lat="47.3381503" lon="-1.8419840"/>
 <node id="3757078340" visible="true" version="1" changeset="34223391" timestamp="2015-09-24T11:00:44Z" user="rody" uid="196272" lat="47.3383808" lon="-1.7167395"/>
 <node id="3757078341" visible="true" version="1" changeset="34223391" timestamp="2015-09-24T11:00:44Z" user="rody" uid="196272" lat="47.3383964" lon="-1.7015315"/>
 <node id="3757078342" visible="true" version="1" changeset="34223391" timestamp="2015-09-24T11:00:44Z" user="rody" uid="196272" lat="47.3384775" lon="-1.7139816"/>
 <node id="3757078343" visible="true" version="1" changeset="34223391" timestamp="2015-09-24T11:00:44Z" user="rody" uid="196272" lat="47.3385541" lon="-1.8472357"/>
 <node id="3757078344" visible="true" version="1" changeset="34223391" timestamp="2015-09-24T11:00:44Z" user="rody" uid="196272" lat="47.3385571" lon="-1.8418192"/>
 <node id="3757078345" visible="true" version="1" changeset="34223391" timestamp="2015-09-24T11:00:44Z" user="rody" uid="196272" lat="47.3386080" lon="-1.7008562"/>
 <node id="3757078346" visible="true" version="1" changeset="34223391" timestamp="2015-09-24T11:00:44Z" user="rody" uid="196272" lat="47.3387312" lon="-1.7134477"/>
 <node id="3757078347" visible="true" version="1" changeset="34223391" timestamp="2015-09-24T11:00:45Z" user="rody" uid="196272" lat="47.3389818" lon="-1.8436217"/>
 <node id="3757078348" visible="true" version="1" changeset="34223391" timestamp="2015-09-24T11:00:45Z" user="rody" uid="196272" lat="47.3392666" lon="-1.7008369"/>
 <node id="3757078349" visible="true" version="1" changeset="34223391" timestamp="2015-09-24T11:00:45Z" user="rody" uid="196272" lat="47.3392767" lon="-1.8465497"/>
 <node id="3757078350" visible="true" version="1" changeset="34223391" timestamp="2015-09-24T11:00:45Z" user="rody" uid="196272" lat="47.3394209" lon="-1.6910315"/>
 <node id="3757078351" visible="true" version="1" changeset="34223391" timestamp="2015-09-24T11:00:45Z" user="rody" uid="196272" lat="47.3395756" lon="-1.8456776"/>
 <node id="3757078352" visible="true" version="1" changeset="34223391" timestamp="2015-09-24T11:00:45Z" user="rody" uid="196272" lat="47.3395767" lon="-1.8448259"/>
 <node id="3757078353" visible="true" version="1" changeset="34223391" timestamp="2015-09-24T11:00:45Z" user="rody" uid="196272" lat="47.3396010" lon="-1.6966450"/>
 <node id="3757078354" visible="true" version="1" changeset="34223391" timestamp="2015-09-24T11:00:45Z" user="rody" uid="196272" lat="47.3397350" lon="-1.8404480"/>
 <node id="3757078355" visible="true" version="1" changeset="34223391" timestamp="2015-09-24T11:00:45Z" user="rody" uid="196272" lat="47.3397575" lon="-1.7136639"/>
 <node id="3757078356" visible="true" version="1" changeset="34223391" timestamp="2015-09-24T11:00:45Z" user="rody" uid="196272" lat="47.3398859" lon="-1.6952147"/>
 <node id="3757078357" visible="true" version="1" changeset="34223391" timestamp="2015-09-24T11:00:45Z" user="rody" uid="196272" lat="47.3403314" lon="-1.6999495"/>
 <node id="3757078358" visible="true" version="1" changeset="34223391" timestamp="2015-09-24T11:00:45Z" user="rody" uid="196272" lat="47.3403736" lon="-1.8396243"/>
 <node id="3757078359" visible="true" version="1" changeset="34223391" timestamp="2015-09-24T11:00:45Z" user="rody" uid="196272" lat="47.3404806" lon="-1.6983707"/>
 <node id="3757078360" visible="true" version="1" changeset="34223391" timestamp="2015-09-24T11:00:45Z" user="rody" uid="196272" lat="47.3404977" lon="-1.6924955"/>
 <node id="3757078361" visible="true" version="1" changeset="34223391" timestamp="2015-09-24T11:00:45Z" user="rody" uid="196272" lat="47.3406017" lon="-1.8246583"/>
 <node id="3757078362" visible="true" version="1" changeset="34223391" timestamp="2015-09-24T11:00:45Z" user="rody" uid="196272" lat="47.3406574" lon="-1.8391660"/>
 <node id="3757078363" visible="true" version="1" changeset="34223391" timestamp="2015-09-24T11:00:45Z" user="rody" uid="196272" lat="47.3410673" lon="-1.8389141"/>
 <node id="3757078364" visible="true" version="1" changeset="34223391" timestamp="2015-09-24T11:00:45Z" user="rody" uid="196272" lat="47.3411453" lon="-1.8289381"/>
 <node id="3757078365" visible="true" version="1" changeset="34223391" timestamp="2015-09-24T11:00:45Z" user="rody" uid="196272" lat="47.3411706" lon="-1.8245280"/>
 <node id="3757078366" visible="true" version="1" changeset="34223391" timestamp="2015-09-24T11:00:45Z" user="rody" uid="196272" lat="47.3412872" lon="-1.6927624"/>
 <node id="3757078367" visible="true" version="1" changeset="34223391" timestamp="2015-09-24T11:00:45Z" user="rody" uid="196272" lat="47.3417935" lon="-1.7051762"/>
 <node id="3757078368" visible="true" version="1" changeset="34223391" timestamp="2015-09-24T11:00:45Z" user="rody" uid="196272" lat="47.3418638" lon="-1.8386487"/>
 <node id="3757078369" visible="true" version="1" changeset="34223391" timestamp="2015-09-24T11:00:45Z" user="rody" uid="196272" lat="47.3419302" lon="-1.6864504"/>
 <node id="3757078370" visible="true" version="1" changeset="34223391" timestamp="2015-09-24T11:00:45Z" user="rody" uid="196272" lat="47.3424951" lon="-1.8384360"/>
 <node id="3757078371" visible="true" version="1" changeset="34223391" timestamp="2015-09-24T11:00:45Z" user="rody" uid="196272" lat="47.3444316" lon="-1.8217895"/>
 <node id="3757078372" visible="true" version="1" changeset="34223391" timestamp="2015-09-24T11:00:45Z" user="rody" uid="196272" lat="47.3475070" lon="-1.8192548"/>
 <node id="3757078373" visible="true" version="1" changeset="34223391" timestamp="2015-09-24T11:00:45Z" user="rody" uid="196272" lat="47.3483260" lon="-1.6836134"/>
 <node id="3757078374" visible="true" version="1" changeset="34223391" timestamp="2015-09-24T11:00:45Z" user="rody" uid="196272" lat="47.3484640" lon="-1.8186521"/>
 <node id="3757078375" visible="true" version="1" changeset="34223391" timestamp="2015-09-24T11:00:45Z" user="rody" uid="196272" lat="47.3491538" lon="-1.8176354"/>
 <node id="3757078376" visible="true" version="1" changeset="34223391" timestamp="2015-09-24T11:00:45Z" user="rody" uid="196272" lat="47.3495091" lon="-1.6684904"/>
 <node id="3757078377" visible="true" version="1" changeset="34223391" timestamp="2015-09-24T11:00:45Z" user="rody" uid="196272" lat="47.3495330" lon="-1.8145191"/>
 <node id="3757078378" visible="true" version="1" changeset="34223391" timestamp="2015-09-24T11:00:45Z" user="rody" uid="196272" lat="47.3500688" lon="-1.8115898"/>
 <node id="3757078379" visible="true" version="1" changeset="34223391" timestamp="2015-09-24T11:00:45Z" user="rody" uid="196272" lat="47.3501316" lon="-1.8139758"/>
 <node id="3757078380" visible="true" version="1" changeset="34223391" timestamp="2015-09-24T11:00:45Z" user="rody" uid="196272" lat="47.3503723" lon="-1.6639223"/>
 <node id="3757078381" visible="true" version="1" changeset="34223391" timestamp="2015-09-24T11:00:45Z" user="rody" uid="196272" lat="47.3505207" lon="-1.8167806"/>
 <node id="3757078382" visible="true" version="1" changeset="34223391" timestamp="2015-09-24T11:00:45Z" user="rody" uid="196272" lat="47.3505753" lon="-1.8165008"/>
 <node id="3757078383" visible="true" version="1" changeset="34223391" timestamp="2015-09-24T11:00:45Z" user="rody" uid="196272" lat="47.3508322" lon="-1.8134842"/>
 <node id="3757078384" visible="true" version="1" changeset="34223391" timestamp="2015-09-24T11:00:45Z" user="rody" uid="196272" lat="47.3508474" lon="-1.8105798"/>
 <node id="3757078385" visible="true" version="1" changeset="34223391" timestamp="2015-09-24T11:00:45Z" user="rody" uid="196272" lat="47.3509881" lon="-1.8132778"/>
 <node id="3757078386" visible="true" version="1" changeset="34223391" timestamp="2015-09-24T11:00:45Z" user="rody" uid="196272" lat="47.3510389" lon="-1.6623127"/>
 <node id="3757078387" visible="true" version="1" changeset="34223391" timestamp="2015-09-24T11:00:45Z" user="rody" uid="196272" lat="47.3513553" lon="-1.8022085"/>
 <node id="3757078388" visible="true" version="1" changeset="34223391" timestamp="2015-09-24T11:00:45Z" user="rody" uid="196272" lat="47.3513989" lon="-1.8034789"/>
 <node id="3757078389" visible="true" version="1" changeset="34223391" timestamp="2015-09-24T11:00:45Z" user="rody" uid="196272" lat="47.3517592" lon="-1.8091651"/>
 <node id="3757078390" visible="true" version="1" changeset="34223391" timestamp="2015-09-24T11:00:45Z" user="rody" uid="196272" lat="47.3519401" lon="-1.8086767"/>
 <node id="3757078391" visible="true" version="1" changeset="34223391" timestamp="2015-09-24T11:00:45Z" user="rody" uid="196272" lat="47.3522405" lon="-1.8031947"/>
 <node id="3757078392" visible="true" version="1" changeset="34223391" timestamp="2015-09-24T11:00:45Z" user="rody" uid="196272" lat="47.3523713" lon="-1.8045156"/>
 <node id="3757078393" visible="true" version="1" changeset="34223391" timestamp="2015-09-24T11:00:45Z" user="rody" uid="196272" lat="47.3524343" lon="-1.8064867"/>
 <node id="3757078394" visible="true" version="1" changeset="34223391" timestamp="2015-09-24T11:00:45Z" user="rody" uid="196272" lat="47.3536035" lon="-1.8012030"/>
 <node id="3757078395" visible="true" version="1" changeset="34223391" timestamp="2015-09-24T11:00:45Z" user="rody" uid="196272" lat="47.3537258" lon="-1.6566362"/>
 <node id="3757078396" visible="true" version="1" changeset="34223391" timestamp="2015-09-24T11:00:45Z" user="rody" uid="196272" lat="47.3540663" lon="-1.8011297"/>
 <node id="3757078397" visible="true" version="1" changeset="34223391" timestamp="2015-09-24T11:00:45Z" user="rody" uid="196272" lat="47.3546529" lon="-1.6542853"/>
 <node id="3757078398" visible="true" version="1" changeset="34223391" timestamp="2015-09-24T11:00:46Z" user="rody" uid="196272" lat="47.3548395" lon="-1.6516023"/>
 <node id="3757078399" visible="true" version="1" changeset="34223391" timestamp="2015-09-24T11:00:46Z" user="rody" uid="196272" lat="47.3550950" lon="-1.8001826"/>
 <node id="3757078400" visible="true" version="1" changeset="34223391" timestamp="2015-09-24T11:00:46Z" user="rody" uid="196272" lat="47.3559325" lon="-1.6498860"/>
 <node id="3757078401" visible="true" version="1" changeset="34223391" timestamp="2015-09-24T11:00:46Z" user="rody" uid="196272" lat="47.3559755" lon="-1.7992240"/>
 <node id="3757078402" visible="true" version="1" changeset="34223391" timestamp="2015-09-24T11:00:46Z" user="rody" uid="196272" lat="47.3560926" lon="-1.7815292"/>
 <node id="3757078403" visible="true" version="1" changeset="34223391" timestamp="2015-09-24T11:00:46Z" user="rody" uid="196272" lat="47.3561238" lon="-1.7745441"/>
 <node id="3757078404" visible="true" version="1" changeset="34223391" timestamp="2015-09-24T11:00:46Z" user="rody" uid="196272" lat="47.3563602" lon="-1.7770693"/>
 <node id="3757078405" visible="true" version="1" changeset="34223391" timestamp="2015-09-24T11:00:46Z" user="rody" uid="196272" lat="47.3566275" lon="-1.6474483"/>
 <node id="3757078406" visible="true" version="1" changeset="34223391" timestamp="2015-09-24T11:00:46Z" user="rody" uid="196272" lat="47.3567324" lon="-1.6484935"/>
 <node id="3757078407" visible="true" version="1" changeset="34223391" timestamp="2015-09-24T11:00:46Z" user="rody" uid="196272" lat="47.3568247" lon="-1.7792920"/>
 <node id="3757078408" visible="true" version="1" changeset="34223391" timestamp="2015-09-24T11:00:46Z" user="rody" uid="196272" lat="47.3570453" lon="-1.6462347"/>
 <node id="3757078409" visible="true" version="1" changeset="34223391" timestamp="2015-09-24T11:00:46Z" user="rody" uid="196272" lat="47.3571516" lon="-1.6445138"/>
 <node id="3757078410" visible="true" version="1" changeset="34223391" timestamp="2015-09-24T11:00:46Z" user="rody" uid="196272" lat="47.3573384" lon="-1.7791183"/>
 <node id="3757078411" visible="true" version="1" changeset="34223391" timestamp="2015-09-24T11:00:46Z" user="rody" uid="196272" lat="47.3575248" lon="-1.6432277"/>
 <node id="3757078412" visible="true" version="1" changeset="34223391" timestamp="2015-09-24T11:00:46Z" user="rody" uid="196272" lat="47.3576076" lon="-1.7878336"/>
 <node id="3757078413" visible="true" version="1" changeset="34223391" timestamp="2015-09-24T11:00:46Z" user="rody" uid="196272" lat="47.3576316" lon="-1.7810612"/>
 <node id="3757078414" visible="true" version="1" changeset="34223391" timestamp="2015-09-24T11:00:46Z" user="rody" uid="196272" lat="47.3579704" lon="-1.6425694"/>
 <node id="3757078415" visible="true" version="1" changeset="34223391" timestamp="2015-09-24T11:00:46Z" user="rody" uid="196272" lat="47.3579827" lon="-1.7976242"/>
 <node id="3757078416" visible="true" version="1" changeset="34223391" timestamp="2015-09-24T11:00:46Z" user="rody" uid="196272" lat="47.3586676" lon="-1.7957036"/>
 <node id="3757078417" visible="true" version="1" changeset="34223391" timestamp="2015-09-24T11:00:46Z" user="rody" uid="196272" lat="47.3590016" lon="-1.6426462"/>
 <node id="3757078418" visible="true" version="1" changeset="34223391" timestamp="2015-09-24T11:00:46Z" user="rody" uid="196272" lat="47.3591832" lon="-1.7964903"/>
 <node id="3757078419" visible="true" version="1" changeset="34223391" timestamp="2015-09-24T11:00:46Z" user="rody" uid="196272" lat="47.3592288" lon="-1.7972406"/>
 <node id="3757078420" visible="true" version="1" changeset="34223391" timestamp="2015-09-24T11:00:46Z" user="rody" uid="196272" lat="47.3593813" lon="-1.6425362"/>
 <node id="3757078421" visible="true" version="1" changeset="34223391" timestamp="2015-09-24T11:00:46Z" user="rody" uid="196272" lat="47.3594586" lon="-1.7735208"/>
 <node id="3757078422" visible="true" version="1" changeset="34223391" timestamp="2015-09-24T11:00:46Z" user="rody" uid="196272" lat="47.3598785" lon="-1.6417434"/>
 <node id="3757078423" visible="true" version="1" changeset="34223391" timestamp="2015-09-24T11:00:46Z" user="rody" uid="196272" lat="47.3611016" lon="-1.7629785"/>
 <node id="3757078424" visible="true" version="1" changeset="34223391" timestamp="2015-09-24T11:00:46Z" user="rody" uid="196272" lat="47.3611173" lon="-1.7645800"/>
 <node id="3757078425" visible="true" version="1" changeset="34223391" timestamp="2015-09-24T11:00:46Z" user="rody" uid="196272" lat="47.3611956" lon="-1.6417033"/>
 <node id="3757078426" visible="true" version="1" changeset="34223391" timestamp="2015-09-24T11:00:46Z" user="rody" uid="196272" lat="47.3613292" lon="-1.7606488"/>
 <node id="3757078427" visible="true" version="1" changeset="34223391" timestamp="2015-09-24T11:00:46Z" user="rody" uid="196272" lat="47.3616753" lon="-1.7600886"/>
 <node id="3757078428" visible="true" version="1" changeset="34223391" timestamp="2015-09-24T11:00:46Z" user="rody" uid="196272" lat="47.3616834" lon="-1.6411863"/>
 <node id="3757078429" visible="true" version="1" changeset="34223391" timestamp="2015-09-24T11:00:46Z" user="rody" uid="196272" lat="47.3617825" lon="-1.6396722"/>
 <node id="3757078430" visible="true" version="1" changeset="34223391" timestamp="2015-09-24T11:00:46Z" user="rody" uid="196272" lat="47.3621305" lon="-1.7687121"/>
 <node id="3757078431" visible="true" version="1" changeset="34223391" timestamp="2015-09-24T11:00:46Z" user="rody" uid="196272" lat="47.3622114" lon="-1.6394967"/>
 <node id="3757078432" visible="true" version="1" changeset="34223391" timestamp="2015-09-24T11:00:46Z" user="rody" uid="196272" lat="47.3622262" lon="-1.6376996"/>
 <node id="3757078433" visible="true" version="1" changeset="34223391" timestamp="2015-09-24T11:00:46Z" user="rody" uid="196272" lat="47.3623565" lon="-1.7674492"/>
 <node id="3757078434" visible="true" version="1" changeset="34223391" timestamp="2015-09-24T11:00:46Z" user="rody" uid="196272" lat="47.3624909" lon="-1.6382034"/>
 <node id="3757078435" visible="true" version="1" changeset="34223391" timestamp="2015-09-24T11:00:46Z" user="rody" uid="196272" lat="47.3625336" lon="-1.6369617"/>
 <node id="3757078436" visible="true" version="1" changeset="34223391" timestamp="2015-09-24T11:00:46Z" user="rody" uid="196272" lat="47.3625425" lon="-1.7591416"/>
 <node id="3757078437" visible="true" version="1" changeset="34223391" timestamp="2015-09-24T11:00:46Z" user="rody" uid="196272" lat="47.3629530" lon="-1.7577861"/>
 <node id="3757078438" visible="true" version="1" changeset="34223391" timestamp="2015-09-24T11:00:46Z" user="rody" uid="196272" lat="47.3630865" lon="-1.6372795"/>
 <node id="3757078439" visible="true" version="1" changeset="34223391" timestamp="2015-09-24T11:00:46Z" user="rody" uid="196272" lat="47.3632040" lon="-1.7711419"/>
 <node id="3757078440" visible="true" version="1" changeset="34223391" timestamp="2015-09-24T11:00:46Z" user="rody" uid="196272" lat="47.3632817" lon="-1.7566911"/>
 <node id="3757078441" visible="true" version="1" changeset="34223391" timestamp="2015-09-24T11:00:46Z" user="rody" uid="196272" lat="47.3638181" lon="-1.6365040"/>
 <node id="3757078442" visible="true" version="1" changeset="34223391" timestamp="2015-09-24T11:00:46Z" user="rody" uid="196272" lat="47.3638307" lon="-1.7544926"/>
 <node id="3757078443" visible="true" version="1" changeset="34223391" timestamp="2015-09-24T11:00:46Z" user="rody" uid="196272" lat="47.3638816" lon="-1.7530562"/>
 <node id="3757078444" visible="true" version="1" changeset="34223391" timestamp="2015-09-24T11:00:46Z" user="rody" uid="196272" lat="47.3642257" lon="-1.7525491"/>
 <node id="3757078445" visible="true" version="1" changeset="34223391" timestamp="2015-09-24T11:00:46Z" user="rody" uid="196272" lat="47.3643171" lon="-1.7479149"/>
 <node id="3757078446" visible="true" version="1" changeset="34223391" timestamp="2015-09-24T11:00:46Z" user="rody" uid="196272" lat="47.3643811" lon="-1.6351627"/>
 <node id="3757078447" visible="true" version="1" changeset="34223391" timestamp="2015-09-24T11:00:46Z" user="rody" uid="196272" lat="47.3646403" lon="-1.7521007"/>
 <node id="3757078448" visible="true" version="1" changeset="34223391" timestamp="2015-09-24T11:00:46Z" user="rody" uid="196272" lat="47.3648873" lon="-1.7512661"/>
 <node id="3757078449" visible="true" version="1" changeset="34223391" timestamp="2015-09-24T11:00:46Z" user="rody" uid="196272" lat="47.3651194" lon="-1.7467494"/>
 <node id="3757078450" visible="true" version="1" changeset="34223391" timestamp="2015-09-24T11:00:46Z" user="rody" uid="196272" lat="47.3651689" lon="-1.6341147"/>
 <node id="3757078451" visible="true" version="1" changeset="34223391" timestamp="2015-09-24T11:00:46Z" user="rody" uid="196272" lat="47.3652132" lon="-1.7481969"/>
 <node id="3757078452" visible="true" version="1" changeset="34223391" timestamp="2015-09-24T11:00:46Z" user="rody" uid="196272" lat="47.3655342" lon="-1.7514224"/>
 <node id="3757078453" visible="true" version="1" changeset="34223391" timestamp="2015-09-24T11:00:46Z" user="rody" uid="196272" lat="47.3656614" lon="-1.6334597"/>
 <node id="3757078454" visible="true" version="1" changeset="34223391" timestamp="2015-09-24T11:00:46Z" user="rody" uid="196272" lat="47.3662357" lon="-1.6331566"/>
 <node id="3757078455" visible="true" version="1" changeset="34223391" timestamp="2015-09-24T11:00:46Z" user="rody" uid="196272" lat="47.3664255" lon="-1.7446620"/>
 <node id="3757078456" visible="true" version="1" changeset="34223391" timestamp="2015-09-24T11:00:46Z" user="rody" uid="196272" lat="47.3664445" lon="-1.6325496"/>
 <node id="3757078457" visible="true" version="1" changeset="34223391" timestamp="2015-09-24T11:00:46Z" user="rody" uid="196272" lat="47.3665511" lon="-1.7493130"/>
 <node id="3757078458" visible="true" version="1" changeset="34223391" timestamp="2015-09-24T11:00:46Z" user="rody" uid="196272" lat="47.3668184" lon="-1.7427715"/>
 <node id="3757078459" visible="true" version="1" changeset="34223391" timestamp="2015-09-24T11:00:46Z" user="rody" uid="196272" lat="47.3668400" lon="-1.7442136"/>
 <node id="3757078460" visible="true" version="1" changeset="34223391" timestamp="2015-09-24T11:00:46Z" user="rody" uid="196272" lat="47.3670211" lon="-1.6321775"/>
 <node id="3757078461" visible="true" version="1" changeset="34223391" timestamp="2015-09-24T11:00:46Z" user="rody" uid="196272" lat="47.3671151" lon="-1.7425808"/>
 <node id="3757078462" visible="true" version="1" changeset="34223391" timestamp="2015-09-24T11:00:46Z" user="rody" uid="196272" lat="47.3671160" lon="-1.7405002"/>
 <node id="3757078463" visible="true" version="1" changeset="34223391" timestamp="2015-09-24T11:00:47Z" user="rody" uid="196272" lat="47.3677760" lon="-1.7402839"/>
 <node id="3757078464" visible="true" version="1" changeset="34223391" timestamp="2015-09-24T11:00:47Z" user="rody" uid="196272" lat="47.3678535" lon="-1.6312019"/>
 <node id="3757078465" visible="true" version="1" changeset="34223391" timestamp="2015-09-24T11:00:47Z" user="rody" uid="196272" lat="47.3679240" lon="-1.6305154"/>
 <node id="3757078466" visible="true" version="1" changeset="34223391" timestamp="2015-09-24T11:00:47Z" user="rody" uid="196272" lat="47.3679664" lon="-1.7297352"/>
 <node id="3757078467" visible="true" version="1" changeset="34223391" timestamp="2015-09-24T11:00:47Z" user="rody" uid="196272" lat="47.3680396" lon="-1.6285181"/>
 <node id="3757078468" visible="true" version="1" changeset="34223391" timestamp="2015-09-24T11:00:47Z" user="rody" uid="196272" lat="47.3681049" lon="-1.6293530"/>
 <node id="3757078469" visible="true" version="1" changeset="34223391" timestamp="2015-09-24T11:00:47Z" user="rody" uid="196272" lat="47.3684292" lon="-1.6267487"/>
 <node id="3757078470" visible="true" version="1" changeset="34223391" timestamp="2015-09-24T11:00:47Z" user="rody" uid="196272" lat="47.3685438" lon="-1.6275181"/>
 <node id="3757078471" visible="true" version="1" changeset="34223391" timestamp="2015-09-24T11:00:47Z" user="rody" uid="196272" lat="47.3687866" lon="-1.7270235"/>
 <node id="3757078472" visible="true" version="1" changeset="34223391" timestamp="2015-09-24T11:00:47Z" user="rody" uid="196272" lat="47.3688255" lon="-1.6261556"/>
 <node id="3757078473" visible="true" version="1" changeset="34223391" timestamp="2015-09-24T11:00:47Z" user="rody" uid="196272" lat="47.3691118" lon="-1.6246552"/>
 <node id="3757078474" visible="true" version="1" changeset="34223391" timestamp="2015-09-24T11:00:47Z" user="rody" uid="196272" lat="47.3692828" lon="-1.6251521"/>
 <node id="3757078475" visible="true" version="1" changeset="34223391" timestamp="2015-09-24T11:00:47Z" user="rody" uid="196272" lat="47.3693060" lon="-1.6258455"/>
 <node id="3757078476" visible="true" version="1" changeset="34223391" timestamp="2015-09-24T11:00:47Z" user="rody" uid="196272" lat="47.3694041" lon="-1.7393413"/>
 <node id="3757078477" visible="true" version="1" changeset="34223391" timestamp="2015-09-24T11:00:47Z" user="rody" uid="196272" lat="47.3694262" lon="-1.6237101"/>
 <node id="3757078478" visible="true" version="1" changeset="34223391" timestamp="2015-09-24T11:00:47Z" user="rody" uid="196272" lat="47.3694281" lon="-1.6223941"/>
 <node id="3757078479" visible="true" version="1" changeset="34223391" timestamp="2015-09-24T11:00:47Z" user="rody" uid="196272" lat="47.3695341" lon="-1.7407917"/>
 <node id="3757078480" visible="true" version="1" changeset="34223391" timestamp="2015-09-24T11:00:47Z" user="rody" uid="196272" lat="47.3697405" lon="-1.6227651"/>
 <node id="3757078481" visible="true" version="1" changeset="34223391" timestamp="2015-09-24T11:00:47Z" user="rody" uid="196272" lat="47.3697650" lon="-1.7383551"/>
 <node id="3757078482" visible="true" version="1" changeset="34223391" timestamp="2015-09-24T11:00:47Z" user="rody" uid="196272" lat="47.3697691" lon="-1.7351544"/>
 <node id="3757078483" visible="true" version="1" changeset="34223391" timestamp="2015-09-24T11:00:47Z" user="rody" uid="196272" lat="47.3698650" lon="-1.6218751"/>
 <node id="3757078484" visible="true" version="1" changeset="34223391" timestamp="2015-09-24T11:00:47Z" user="rody" uid="196272" lat="47.3700443" lon="-1.7358111"/>
 <node id="3757078485" visible="true" version="1" changeset="34223391" timestamp="2015-09-24T11:00:47Z" user="rody" uid="196272" lat="47.3701132" lon="-1.7346471"/>
 <node id="3757078486" visible="true" version="1" changeset="34223391" timestamp="2015-09-24T11:00:47Z" user="rody" uid="196272" lat="47.3701497" lon="-1.7253667"/>
 <node id="3757078487" visible="true" version="1" changeset="34223391" timestamp="2015-09-24T11:00:47Z" user="rody" uid="196272" lat="47.3703930" lon="-1.7349352"/>
 <node id="3757078488" visible="true" version="1" changeset="34223391" timestamp="2015-09-24T11:00:47Z" user="rody" uid="196272" lat="47.3704790" lon="-1.6217823"/>
 <node id="3757078489" visible="true" version="1" changeset="34223391" timestamp="2015-09-24T11:00:47Z" user="rody" uid="196272" lat="47.3707910" lon="-1.6209062"/>
 <node id="3757078490" visible="true" version="1" changeset="34223391" timestamp="2015-09-24T11:00:47Z" user="rody" uid="196272" lat="47.3708803" lon="-1.6196678"/>
 <node id="3757078491" visible="true" version="1" changeset="34223391" timestamp="2015-09-24T11:00:47Z" user="rody" uid="196272" lat="47.3709815" lon="-1.7326326"/>
 <node id="3757078492" visible="true" version="1" changeset="34223391" timestamp="2015-09-24T11:00:47Z" user="rody" uid="196272" lat="47.3713186" lon="-1.7333519"/>
 <node id="3757078493" visible="true" version="1" changeset="34223391" timestamp="2015-09-24T11:00:47Z" user="rody" uid="196272" lat="47.3713656" lon="-1.6192196"/>
 <node id="3757078494" visible="true" version="1" changeset="34223391" timestamp="2015-09-24T11:00:47Z" user="rody" uid="196272" lat="47.3714081" lon="-1.6179776"/>
 <node id="3757078495" visible="true" version="1" changeset="34223391" timestamp="2015-09-24T11:00:47Z" user="rody" uid="196272" lat="47.3716535" lon="-1.7238272"/>
 <node id="3757078496" visible="true" version="1" changeset="34223391" timestamp="2015-09-24T11:00:47Z" user="rody" uid="196272" lat="47.3722612" lon="-1.6177641"/>
 <node id="3757078497" visible="true" version="1" changeset="34223391" timestamp="2015-09-24T11:00:47Z" user="rody" uid="196272" lat="47.3730513" lon="-1.6166467"/>
 <node id="3757078498" visible="true" version="2" changeset="61146566" timestamp="2018-07-28T16:29:34Z" user="MacDony" uid="3701940" lat="47.3736091" lon="-1.6050230"/>
 <node id="3757078499" visible="true" version="1" changeset="34223391" timestamp="2015-09-24T11:00:47Z" user="rody" uid="196272" lat="47.3737039" lon="-1.6112995"/>
 <node id="3757078500" visible="true" version="1" changeset="34223391" timestamp="2015-09-24T11:00:47Z" user="rody" uid="196272" lat="47.3738029" lon="-1.6084015"/>
 <node id="3757078501" visible="true" version="1" changeset="34223391" timestamp="2015-09-24T11:00:47Z" user="rody" uid="196272" lat="47.3738696" lon="-1.7071357"/>
 <node id="3757078502" visible="true" version="1" changeset="34223391" timestamp="2015-09-24T11:00:47Z" user="rody" uid="196272" lat="47.3738916" lon="-1.7085779"/>
 <node id="3757078503" visible="true" version="1" changeset="34223391" timestamp="2015-09-24T11:00:47Z" user="rody" uid="196272" lat="47.3739718" lon="-1.6075838"/>
 <node id="3757078504" visible="true" version="1" changeset="34223391" timestamp="2015-09-24T11:00:47Z" user="rody" uid="196272" lat="47.3740105" lon="-1.7124285"/>
 <node id="3757078505" visible="true" version="1" changeset="34223391" timestamp="2015-09-24T11:00:47Z" user="rody" uid="196272" lat="47.3740279" lon="-1.7054345"/>
 <node id="3757078506" visible="true" version="1" changeset="34223391" timestamp="2015-09-24T11:00:47Z" user="rody" uid="196272" lat="47.3740617" lon="-1.6008114"/>
 <node id="3757078507" visible="true" version="1" changeset="34223391" timestamp="2015-09-24T11:00:47Z" user="rody" uid="196272" lat="47.3740907" lon="-1.6109822"/>
 <node id="3757078508" visible="true" version="1" changeset="34223391" timestamp="2015-09-24T11:00:47Z" user="rody" uid="196272" lat="47.3742794" lon="-1.7057795"/>
 <node id="3757078509" visible="true" version="1" changeset="34223391" timestamp="2015-09-24T11:00:47Z" user="rody" uid="196272" lat="47.3743121" lon="-1.6168785"/>
 <node id="3757078510" visible="true" version="1" changeset="34223391" timestamp="2015-09-24T11:00:47Z" user="rody" uid="196272" lat="47.3743258" lon="-1.6068491"/>
 <node id="3757078511" visible="true" version="1" changeset="34223391" timestamp="2015-09-24T11:00:47Z" user="rody" uid="196272" lat="47.3743292" lon="-1.6136285"/>
 <node id="3757078512" visible="true" version="1" changeset="34223391" timestamp="2015-09-24T11:00:47Z" user="rody" uid="196272" lat="47.3743567" lon="-1.7097870"/>
 <node id="3757078513" visible="true" version="1" changeset="34223391" timestamp="2015-09-24T11:00:47Z" user="rody" uid="196272" lat="47.3743580" lon="-1.6100335"/>
 <node id="3757078514" visible="true" version="1" changeset="34223391" timestamp="2015-09-24T11:00:47Z" user="rody" uid="196272" lat="47.3743593" lon="-1.6154985"/>
 <node id="3757078515" visible="true" version="1" changeset="34223391" timestamp="2015-09-24T11:00:47Z" user="rody" uid="196272" lat="47.3743936" lon="-1.6076150"/>
 <node id="3757078516" visible="true" version="1" changeset="34223391" timestamp="2015-09-24T11:00:47Z" user="rody" uid="196272" lat="47.3744074" lon="-1.7114448"/>
 <node id="3757078517" visible="true" version="1" changeset="34223391" timestamp="2015-09-24T11:00:47Z" user="rody" uid="196272" lat="47.3746336" lon="-1.7111952"/>
 <node id="3757078518" visible="true" version="1" changeset="34223391" timestamp="2015-09-24T11:00:47Z" user="rody" uid="196272" lat="47.3746799" lon="-1.6047308"/>
 <node id="3757078519" visible="true" version="1" changeset="34223391" timestamp="2015-09-24T11:00:48Z" user="rody" uid="196272" lat="47.3746957" lon="-1.7052775"/>
 <node id="3757078520" visible="true" version="1" changeset="34223391" timestamp="2015-09-24T11:00:48Z" user="rody" uid="196272" lat="47.3747570" lon="-1.6066043"/>
 <node id="3757078521" visible="true" version="1" changeset="34223391" timestamp="2015-09-24T11:00:48Z" user="rody" uid="196272" lat="47.3748590" lon="-1.6132527"/>
 <node id="3757078522" visible="true" version="1" changeset="34223391" timestamp="2015-09-24T11:00:48Z" user="rody" uid="196272" lat="47.3749831" lon="-1.6137461"/>
 <node id="3757078523" visible="true" version="1" changeset="34223391" timestamp="2015-09-24T11:00:48Z" user="rody" uid="196272" lat="47.3751618" lon="-1.6960822"/>
 <node id="3757078524" visible="true" version="1" changeset="34223391" timestamp="2015-09-24T11:00:48Z" user="rody" uid="196272" lat="47.3752049" lon="-1.7145466"/>
 <node id="3757078525" visible="true" version="1" changeset="34223391" timestamp="2015-09-24T11:00:48Z" user="rody" uid="196272" lat="47.3752302" lon="-1.6982750"/>
 <node id="3757078526" visible="true" version="1" changeset="34223391" timestamp="2015-09-24T11:00:48Z" user="rody" uid="196272" lat="47.3753068" lon="-1.7188763"/>
 <node id="3757078527" visible="true" version="1" changeset="34223391" timestamp="2015-09-24T11:00:48Z" user="rody" uid="196272" lat="47.3753509" lon="-1.6948160"/>
 <node id="3757078528" visible="true" version="1" changeset="34223391" timestamp="2015-09-24T11:00:48Z" user="rody" uid="196272" lat="47.3754843" lon="-1.6004321"/>
 <node id="3757078529" visible="true" version="1" changeset="34223391" timestamp="2015-09-24T11:00:48Z" user="rody" uid="196272" lat="47.3755382" lon="-1.6153783"/>
 <node id="3757078530" visible="true" version="1" changeset="34223391" timestamp="2015-09-24T11:00:48Z" user="rody" uid="196272" lat="47.3757097" lon="-1.7053009"/>
 <node id="3757078531" visible="true" version="1" changeset="34223391" timestamp="2015-09-24T11:00:48Z" user="rody" uid="196272" lat="47.3757442" lon="-1.6162236"/>
 <node id="3757078532" visible="true" version="1" changeset="34223391" timestamp="2015-09-24T11:00:48Z" user="rody" uid="196272" lat="47.3758738" lon="-1.6922944"/>
 <node id="3757078533" visible="true" version="1" changeset="34223391" timestamp="2015-09-24T11:00:48Z" user="rody" uid="196272" lat="47.3758932" lon="-1.6927760"/>
 <node id="3757078534" visible="true" version="1" changeset="34223391" timestamp="2015-09-24T11:00:48Z" user="rody" uid="196272" lat="47.3759135" lon="-1.6963524"/>
 <node id="3757078535" visible="true" version="1" changeset="34223391" timestamp="2015-09-24T11:00:48Z" user="rody" uid="196272" lat="47.3759739" lon="-1.7050008"/>
 <node id="3757078536" visible="true" version="1" changeset="34223391" timestamp="2015-09-24T11:00:48Z" user="rody" uid="196272" lat="47.3759768" lon="-1.6135430"/>
 <node id="3757078537" visible="true" version="1" changeset="34223391" timestamp="2015-09-24T11:00:48Z" user="rody" uid="196272" lat="47.3760978" lon="-1.6983406"/>
 <node id="3757078538" visible="true" version="1" changeset="34223391" timestamp="2015-09-24T11:00:48Z" user="rody" uid="196272" lat="47.3761219" lon="-1.6147989"/>
 <node id="3757078539" visible="true" version="1" changeset="34223391" timestamp="2015-09-24T11:00:48Z" user="rody" uid="196272" lat="47.3761412" lon="-1.7178192"/>
 <node id="3757078540" visible="true" version="1" changeset="34223391" timestamp="2015-09-24T11:00:48Z" user="rody" uid="196272" lat="47.3761449" lon="-1.7001049"/>
 <node id="3757078541" visible="true" version="1" changeset="34223391" timestamp="2015-09-24T11:00:48Z" user="rody" uid="196272" lat="47.3762280" lon="-1.7039529"/>
 <node id="3757078542" visible="true" version="1" changeset="34223391" timestamp="2015-09-24T11:00:48Z" user="rody" uid="196272" lat="47.3763538" lon="-1.5997353"/>
 <node id="3757078543" visible="true" version="1" changeset="34223391" timestamp="2015-09-24T11:00:48Z" user="rody" uid="196272" lat="47.3768437" lon="-1.7008514"/>
 <node id="3757078544" visible="true" version="1" changeset="34223391" timestamp="2015-09-24T11:00:48Z" user="rody" uid="196272" lat="47.3768537" lon="-1.7036801"/>
 <node id="3757078545" visible="true" version="1" changeset="34223391" timestamp="2015-09-24T11:00:48Z" user="rody" uid="196272" lat="47.3771364" lon="-1.7028478"/>
 <node id="3757078546" visible="true" version="1" changeset="34223391" timestamp="2015-09-24T11:00:48Z" user="rody" uid="196272" lat="47.3772775" lon="-1.7008843"/>
 <node id="3757078547" visible="true" version="1" changeset="34223391" timestamp="2015-09-24T11:00:48Z" user="rody" uid="196272" lat="47.3773998" lon="-1.7015338"/>
 <node id="3757078548" visible="true" version="1" changeset="34223391" timestamp="2015-09-24T11:00:48Z" user="rody" uid="196272" lat="47.3776453" lon="-1.5976861"/>
 <node id="3757078549" visible="true" version="1" changeset="34223391" timestamp="2015-09-24T11:00:48Z" user="rody" uid="196272" lat="47.3776775" lon="-1.6925373"/>
 <node id="3757078550" visible="true" version="1" changeset="34223391" timestamp="2015-09-24T11:00:48Z" user="rody" uid="196272" lat="47.3793763" lon="-1.6843414"/>
 <node id="3757078551" visible="true" version="1" changeset="34223391" timestamp="2015-09-24T11:00:48Z" user="rody" uid="196272" lat="47.3794450" lon="-1.6927775"/>
 <node id="3757078552" visible="true" version="1" changeset="34223391" timestamp="2015-09-24T11:00:48Z" user="rody" uid="196272" lat="47.3795297" lon="-1.5961646"/>
 <node id="3757078553" visible="true" version="1" changeset="34223391" timestamp="2015-09-24T11:00:48Z" user="rody" uid="196272" lat="47.3795343" lon="-1.5974102"/>
 <node id="3757078554" visible="true" version="1" changeset="34223391" timestamp="2015-09-24T11:00:48Z" user="rody" uid="196272" lat="47.3801163" lon="-1.6766066"/>
 <node id="3757078555" visible="true" version="1" changeset="34223391" timestamp="2015-09-24T11:00:48Z" user="rody" uid="196272" lat="47.3802107" lon="-1.6759734"/>
 <node id="3757078556" visible="true" version="1" changeset="34223391" timestamp="2015-09-24T11:00:48Z" user="rody" uid="196272" lat="47.3804445" lon="-1.6775918"/>
 <node id="3757078557" visible="true" version="1" changeset="34223391" timestamp="2015-09-24T11:00:48Z" user="rody" uid="196272" lat="47.3808910" lon="-1.6751708"/>
 <node id="3757078558" visible="true" version="1" changeset="34223391" timestamp="2015-09-24T11:00:48Z" user="rody" uid="196272" lat="47.3809223" lon="-1.6836575"/>
 <node id="3757078559" visible="true" version="1" changeset="34223391" timestamp="2015-09-24T11:00:48Z" user="rody" uid="196272" lat="47.3810186" lon="-1.6735796"/>
 <node id="3757078560" visible="true" version="1" changeset="34223391" timestamp="2015-09-24T11:00:48Z" user="rody" uid="196272" lat="47.3811094" lon="-1.6730528"/>
 <node id="3757078561" visible="true" version="1" changeset="34223391" timestamp="2015-09-24T11:00:48Z" user="rody" uid="196272" lat="47.3811281" lon="-1.5947604"/>
 <node id="3757078562" visible="true" version="1" changeset="34223391" timestamp="2015-09-24T11:00:48Z" user="rody" uid="196272" lat="47.3811712" lon="-1.6775397"/>
 <node id="3757078563" visible="true" version="1" changeset="34223391" timestamp="2015-09-24T11:00:48Z" user="rody" uid="196272" lat="47.3814032" lon="-1.6812925"/>
 <node id="3757078564" visible="true" version="1" changeset="34223391" timestamp="2015-09-24T11:00:48Z" user="rody" uid="196272" lat="47.3814440" lon="-1.6728111"/>
 <node id="3757078565" visible="true" version="1" changeset="34223391" timestamp="2015-09-24T11:00:48Z" user="rody" uid="196272" lat="47.3815152" lon="-1.6718026"/>
 <node id="3757078566" visible="true" version="1" changeset="34223391" timestamp="2015-09-24T11:00:48Z" user="rody" uid="196272" lat="47.3816100" lon="-1.6826421"/>
 <node id="3757078567" visible="true" version="1" changeset="34223391" timestamp="2015-09-24T11:00:48Z" user="rody" uid="196272" lat="47.3817892" lon="-1.5891360"/>
 <node id="3757078568" visible="true" version="1" changeset="34223391" timestamp="2015-09-24T11:00:48Z" user="rody" uid="196272" lat="47.3822555" lon="-1.5878558"/>
 <node id="3757078569" visible="true" version="1" changeset="34223391" timestamp="2015-09-24T11:00:48Z" user="rody" uid="196272" lat="47.3823529" lon="-1.6706382"/>
 <node id="3757078570" visible="true" version="1" changeset="34223391" timestamp="2015-09-24T11:00:48Z" user="rody" uid="196272" lat="47.3825741" lon="-1.5840049"/>
 <node id="3757078571" visible="true" version="1" changeset="34223391" timestamp="2015-09-24T11:00:48Z" user="rody" uid="196272" lat="47.3828320" lon="-1.5847157"/>
 <node id="3757078572" visible="true" version="1" changeset="34223391" timestamp="2015-09-24T11:00:48Z" user="rody" uid="196272" lat="47.3835152" lon="-1.6705654"/>
 <node id="3757078573" visible="true" version="1" changeset="34223391" timestamp="2015-09-24T11:00:48Z" user="rody" uid="196272" lat="47.3835315" lon="-1.6593474"/>
 <node id="3757078574" visible="true" version="1" changeset="34223391" timestamp="2015-09-24T11:00:48Z" user="rody" uid="196272" lat="47.3837523" lon="-1.6615498"/>
 <node id="3757078575" visible="true" version="1" changeset="34223391" timestamp="2015-09-24T11:00:48Z" user="rody" uid="196272" lat="47.3838654" lon="-1.5819550"/>
 <node id="3757078576" visible="true" version="1" changeset="34223391" timestamp="2015-09-24T11:00:49Z" user="rody" uid="196272" lat="47.3840360" lon="-1.6701776"/>
 <node id="3757078577" visible="true" version="1" changeset="34223391" timestamp="2015-09-24T11:00:49Z" user="rody" uid="196272" lat="47.3840573" lon="-1.6591682"/>
 <node id="3757078578" visible="true" version="1" changeset="34223391" timestamp="2015-09-24T11:00:49Z" user="rody" uid="196272" lat="47.3842726" lon="-1.6622446"/>
 <node id="3757078579" visible="true" version="1" changeset="34223391" timestamp="2015-09-24T11:00:49Z" user="rody" uid="196272" lat="47.3843500" lon="-1.6628697"/>
 <node id="3757078580" visible="true" version="1" changeset="34223391" timestamp="2015-09-24T11:00:49Z" user="rody" uid="196272" lat="47.3845160" lon="-1.6637929"/>
 <node id="3757078581" visible="true" version="1" changeset="34223391" timestamp="2015-09-24T11:00:49Z" user="rody" uid="196272" lat="47.3845818" lon="-1.6590253"/>
 <node id="3757078582" visible="true" version="1" changeset="34223391" timestamp="2015-09-24T11:00:49Z" user="rody" uid="196272" lat="47.3846630" lon="-1.6573920"/>
 <node id="3757078583" visible="true" version="1" changeset="34223391" timestamp="2015-09-24T11:00:49Z" user="rody" uid="196272" lat="47.3846690" lon="-1.6696915"/>
 <node id="3757078584" visible="true" version="1" changeset="34223391" timestamp="2015-09-24T11:00:49Z" user="rody" uid="196272" lat="47.3849600" lon="-1.6559570"/>
 <node id="3757078585" visible="true" version="1" changeset="34223391" timestamp="2015-09-24T11:00:49Z" user="rody" uid="196272" lat="47.3852642" lon="-1.6183099"/>
 <node id="3757078586" visible="true" version="1" changeset="34223391" timestamp="2015-09-24T11:00:49Z" user="rody" uid="196272" lat="47.3852900" lon="-1.5787386"/>
 <node id="3757078587" visible="true" version="1" changeset="34223391" timestamp="2015-09-24T11:00:49Z" user="rody" uid="196272" lat="47.3853956" lon="-1.6641139"/>
 <node id="3757078588" visible="true" version="1" changeset="34223391" timestamp="2015-09-24T11:00:49Z" user="rody" uid="196272" lat="47.3854516" lon="-1.6664369"/>
 <node id="3757078589" visible="true" version="1" changeset="34223391" timestamp="2015-09-24T11:00:49Z" user="rody" uid="196272" lat="47.3855122" lon="-1.6650334"/>
 <node id="3757078590" visible="true" version="1" changeset="34223391" timestamp="2015-09-24T11:00:49Z" user="rody" uid="196272" lat="47.3855477" lon="-1.6554181"/>
 <node id="3757078591" visible="true" version="1" changeset="34223391" timestamp="2015-09-24T11:00:49Z" user="rody" uid="196272" lat="47.3855658" lon="-1.6672363"/>
 <node id="3757078592" visible="true" version="1" changeset="34223391" timestamp="2015-09-24T11:00:49Z" user="rody" uid="196272" lat="47.3855807" lon="-1.6537447"/>
 <node id="3757078593" visible="true" version="1" changeset="34223391" timestamp="2015-09-24T11:00:49Z" user="rody" uid="196272" lat="47.3856186" lon="-1.6664491"/>
 <node id="3757078594" visible="true" version="1" changeset="34223391" timestamp="2015-09-24T11:00:49Z" user="rody" uid="196272" lat="47.3857077" lon="-1.6681125"/>
 <node id="3757078595" visible="true" version="1" changeset="34223391" timestamp="2015-09-24T11:00:49Z" user="rody" uid="196272" lat="47.3857560" lon="-1.6205686"/>
 <node id="3757078596" visible="true" version="1" changeset="34223391" timestamp="2015-09-24T11:00:49Z" user="rody" uid="196272" lat="47.3857664" lon="-1.6672962"/>
 <node id="3757078597" visible="true" version="1" changeset="34223391" timestamp="2015-09-24T11:00:49Z" user="rody" uid="196272" lat="47.3859545" lon="-1.6692010"/>
 <node id="3757078598" visible="true" version="1" changeset="34223391" timestamp="2015-09-24T11:00:49Z" user="rody" uid="196272" lat="47.3859914" lon="-1.6681365"/>
 <node id="3757078599" visible="true" version="1" changeset="34223391" timestamp="2015-09-24T11:00:49Z" user="rody" uid="196272" lat="47.3861759" lon="-1.6508382"/>
 <node id="3757078600" visible="true" version="1" changeset="34223391" timestamp="2015-09-24T11:00:49Z" user="rody" uid="196272" lat="47.3862205" lon="-1.5790145"/>
 <node id="3757078601" visible="true" version="1" changeset="34223391" timestamp="2015-09-24T11:00:49Z" user="rody" uid="196272" lat="47.3862646" lon="-1.6317180"/>
 <node id="3757078602" visible="true" version="1" changeset="34223391" timestamp="2015-09-24T11:00:49Z" user="rody" uid="196272" lat="47.3863638" lon="-1.6223260"/>
 <node id="3757078603" visible="true" version="1" changeset="34223391" timestamp="2015-09-24T11:00:49Z" user="rody" uid="196272" lat="47.3864744" lon="-1.6241558"/>
 <node id="3757078604" visible="true" version="1" changeset="34223391" timestamp="2015-09-24T11:00:49Z" user="rody" uid="196272" lat="47.3866731" lon="-1.6486165"/>
 <node id="3757078605" visible="true" version="1" changeset="34223391" timestamp="2015-09-24T11:00:49Z" user="rody" uid="196272" lat="47.3867680" lon="-1.6242505"/>
 <node id="3757078606" visible="true" version="1" changeset="34223391" timestamp="2015-09-24T11:00:49Z" user="rody" uid="196272" lat="47.3870244" lon="-1.6326489"/>
 <node id="3757078607" visible="true" version="1" changeset="34223391" timestamp="2015-09-24T11:00:49Z" user="rody" uid="196272" lat="47.3871440" lon="-1.6471580"/>
 <node id="3757078608" visible="true" version="1" changeset="34223391" timestamp="2015-09-24T11:00:49Z" user="rody" uid="196272" lat="47.3873618" lon="-1.6458626"/>
 <node id="3757078609" visible="true" version="1" changeset="34223391" timestamp="2015-09-24T11:00:49Z" user="rody" uid="196272" lat="47.3873859" lon="-1.6444436"/>
 <node id="3757078610" visible="true" version="1" changeset="34223391" timestamp="2015-09-24T11:00:49Z" user="rody" uid="196272" lat="47.3874329" lon="-1.6416417"/>
 <node id="3757078611" visible="true" version="1" changeset="34223391" timestamp="2015-09-24T11:00:49Z" user="rody" uid="196272" lat="47.3874816" lon="-1.6272545"/>
 <node id="3757078612" visible="true" version="1" changeset="34223391" timestamp="2015-09-24T11:00:49Z" user="rody" uid="196272" lat="47.3874908" lon="-1.6161433"/>
 <node id="3757078613" visible="true" version="1" changeset="34223391" timestamp="2015-09-24T11:00:49Z" user="rody" uid="196272" lat="47.3876531" lon="-1.6431519"/>
 <node id="3757078614" visible="true" version="1" changeset="34223391" timestamp="2015-09-24T11:00:49Z" user="rody" uid="196272" lat="47.3879430" lon="-1.6275073"/>
 <node id="3757078615" visible="true" version="1" changeset="34223391" timestamp="2015-09-24T11:00:49Z" user="rody" uid="196272" lat="47.3884022" lon="-1.5770296"/>
 <node id="3757078616" visible="true" version="1" changeset="34223391" timestamp="2015-09-24T11:00:49Z" user="rody" uid="196272" lat="47.3885534" lon="-1.6356773"/>
 <node id="3757078617" visible="true" version="1" changeset="34223391" timestamp="2015-09-24T11:00:49Z" user="rody" uid="196272" lat="47.3886809" lon="-1.6138997"/>
 <node id="3757078618" visible="true" version="1" changeset="34223391" timestamp="2015-09-24T11:00:49Z" user="rody" uid="196272" lat="47.3887465" lon="-1.6401366"/>
 <node id="3757078619" visible="true" version="1" changeset="34223391" timestamp="2015-09-24T11:00:49Z" user="rody" uid="196272" lat="47.3889258" lon="-1.6392391"/>
 <node id="3757078620" visible="true" version="1" changeset="34223391" timestamp="2015-09-24T11:00:49Z" user="rody" uid="196272" lat="47.3889733" lon="-1.6378582"/>
 <node id="3757078621" visible="true" version="1" changeset="34223391" timestamp="2015-09-24T11:00:49Z" user="rody" uid="196272" lat="47.3890192" lon="-1.6372422"/>
 <node id="3757078622" visible="true" version="1" changeset="34223391" timestamp="2015-09-24T11:00:49Z" user="rody" uid="196272" lat="47.3892043" lon="-1.5838694"/>
 <node id="3757078623" visible="true" version="1" changeset="34223391" timestamp="2015-09-24T11:00:49Z" user="rody" uid="196272" lat="47.3897129" lon="-1.5868822"/>
 <node id="3757078624" visible="true" version="1" changeset="34223391" timestamp="2015-09-24T11:00:49Z" user="rody" uid="196272" lat="47.3898981" lon="-1.6115852"/>
 <node id="3757078725" visible="true" version="1" changeset="34223391" timestamp="2015-09-24T11:00:49Z" user="rody" uid="196272" lat="47.3899998" lon="-1.5977115"/>
 <node id="3757078726" visible="true" version="1" changeset="34223391" timestamp="2015-09-24T11:00:49Z" user="rody" uid="196272" lat="47.3900372" lon="-1.6133079"/>
 <node id="3757078727" visible="true" version="1" changeset="34223391" timestamp="2015-09-24T11:00:49Z" user="rody" uid="196272" lat="47.3900713" lon="-1.5992470"/>
 <node id="3757078728" visible="true" version="1" changeset="34223391" timestamp="2015-09-24T11:00:49Z" user="rody" uid="196272" lat="47.3901921" lon="-1.6094938"/>
 <node id="3757078729" visible="true" version="1" changeset="34223391" timestamp="2015-09-24T11:00:49Z" user="rody" uid="196272" lat="47.3902111" lon="-1.5922256"/>
 <node id="3757078730" visible="true" version="1" changeset="34223391" timestamp="2015-09-24T11:00:49Z" user="rody" uid="196272" lat="47.3902684" lon="-1.5885145"/>
 <node id="3757078731" visible="true" version="1" changeset="34223391" timestamp="2015-09-24T11:00:49Z" user="rody" uid="196272" lat="47.3903416" lon="-1.6087398"/>
 <node id="3757078732" visible="true" version="1" changeset="34223391" timestamp="2015-09-24T11:00:49Z" user="rody" uid="196272" lat="47.3904380" lon="-1.5957400"/>
 <node id="3757078733" visible="true" version="1" changeset="34223391" timestamp="2015-09-24T11:00:50Z" user="rody" uid="196272" lat="47.3905553" lon="-1.6075533"/>
 <node id="3757078734" visible="true" version="1" changeset="34223391" timestamp="2015-09-24T11:00:50Z" user="rody" uid="196272" lat="47.3908877" lon="-1.6036065"/>
 <node id="3757078735" visible="true" version="1" changeset="34223391" timestamp="2015-09-24T11:00:50Z" user="rody" uid="196272" lat="47.3910891" lon="-1.6020547"/>
 <node id="3757078736" visible="true" version="1" changeset="34223391" timestamp="2015-09-24T11:00:50Z" user="rody" uid="196272" lat="47.3914039" lon="-1.6095106"/>
 <node id="3757078737" visible="true" version="1" changeset="34223391" timestamp="2015-09-24T11:00:50Z" user="rody" uid="196272" lat="47.3918310" lon="-1.6085949"/>
 <node id="3790398460" visible="true" version="1" changeset="34695981" timestamp="2015-10-17T15:24:50Z" user="FRichard44" uid="2516858" lat="47.3888629" lon="-1.5809580"/>
 <node id="4043830858" visible="true" version="2" changeset="171027927" timestamp="2025-08-26T12:44:10Z" user="Falig44" uid="23098618" lat="47.3875339" lon="-1.6423347"/>
 <node id="4043830871" visible="true" version="1" changeset="37647881" timestamp="2016-03-06T16:06:01Z" user="FRichard44" uid="2516858" lat="47.3900186" lon="-1.6131693"/>
 <node id="4432534473" visible="true" version="1" changeset="42655341" timestamp="2016-10-05T11:43:50Z" user="Adrien G" uid="94804" lat="47.3546176" lon="-1.7507211"/>
 <node id="4432534474" visible="true" version="1" changeset="42655341" timestamp="2016-10-05T11:43:50Z" user="Adrien G" uid="94804" lat="47.3547559" lon="-1.7498829"/>
 <node id="4432534475" visible="true" version="1" changeset="42655341" timestamp="2016-10-05T11:43:50Z" user="Adrien G" uid="94804" lat="47.3548102" lon="-1.7497921"/>
 <node id="4432534476" visible="true" version="1" changeset="42655341" timestamp="2016-10-05T11:43:50Z" user="Adrien G" uid="94804" lat="47.3548464" lon="-1.7509592"/>
 <node id="4432534477" visible="true" version="1" changeset="42655341" timestamp="2016-10-05T11:43:50Z" user="Adrien G" uid="94804" lat="47.3548732" lon="-1.7482526"/>
 <node id="4432534478" visible="true" version="1" changeset="42655341" timestamp="2016-10-05T11:43:50Z" user="Adrien G" uid="94804" lat="47.3556398" lon="-1.7506579"/>
 <node id="4432534479" visible="true" version="1" changeset="42655341" timestamp="2016-10-05T11:43:50Z" user="Adrien G" uid="94804" lat="47.3557649" lon="-1.7495792"/>
 <node id="4432534480" visible="true" version="1" changeset="42655341" timestamp="2016-10-05T11:43:50Z" user="Adrien G" uid="94804" lat="47.3558290" lon="-1.7484324"/>
 <node id="4432534481" visible="true" version="1" changeset="42655341" timestamp="2016-10-05T11:43:50Z" user="Adrien G" uid="94804" lat="47.3559755" lon="-1.7506920"/>
 <node id="4432534482" visible="true" version="1" changeset="42655341" timestamp="2016-10-05T11:43:50Z" user="Adrien G" uid="94804" lat="47.3559838" lon="-1.7508110"/>
 <node id="4432534483" visible="true" version="1" changeset="42655341" timestamp="2016-10-05T11:43:50Z" user="Adrien G" uid="94804" lat="47.3562850" lon="-1.7497371"/>
 <node id="4432534484" visible="true" version="1" changeset="42655341" timestamp="2016-10-05T11:43:50Z" user="Adrien G" uid="94804" lat="47.3562965" lon="-1.7500116"/>
 <node id="4432534485" visible="true" version="1" changeset="42655341" timestamp="2016-10-05T11:43:50Z" user="Adrien G" uid="94804" lat="47.3563640" lon="-1.7508960"/>
 <node id="4432534486" visible="true" version="1" changeset="42655341" timestamp="2016-10-05T11:43:50Z" user="Adrien G" uid="94804" lat="47.3564660" lon="-1.7507964"/>
 <node id="4432534487" visible="true" version="1" changeset="42655341" timestamp="2016-10-05T11:43:50Z" user="Adrien G" uid="94804" lat="47.3564677" lon="-1.7500627"/>
 <node id="4447102251" visible="true" version="1" changeset="42887851" timestamp="2016-10-14T06:47:39Z" user="Adrien G" uid="94804" lat="47.3536714" lon="-1.7475547"/>
 <node id="4447102253" visible="true" version="1" changeset="42887851" timestamp="2016-10-14T06:47:39Z" user="Adrien G" uid="94804" lat="47.3537135" lon="-1.7493610"/>
 <node id="4447102254" visible="true" version="1" changeset="42887851" timestamp="2016-10-14T06:47:39Z" user="Adrien G" uid="94804" lat="47.3545524" lon="-1.7519918"/>
 <node id="4447102255" visible="true" version="1" changeset="42887851" timestamp="2016-10-14T06:47:39Z" user="Adrien G" uid="94804" lat="47.3545570" lon="-1.7515557"/>
 <node id="4447102256" visible="true" version="1" changeset="42887851" timestamp="2016-10-14T06:47:39Z" user="Adrien G" uid="94804" lat="47.3545693" lon="-1.7522851"/>
 <node id="4447102257" visible="true" version="1" changeset="42887851" timestamp="2016-10-14T06:47:39Z" user="Adrien G" uid="94804" lat="47.3546067" lon="-1.7518132"/>
 <node id="4447102258" visible="true" version="1" changeset="42887851" timestamp="2016-10-14T06:47:39Z" user="Adrien G" uid="94804" lat="47.3547540" lon="-1.7497270"/>
 <node id="4447102259" visible="true" version="1" changeset="42887851" timestamp="2016-10-14T06:47:39Z" user="Adrien G" uid="94804" lat="47.3547862" lon="-1.7509922"/>
 <node id="4447102260" visible="true" version="1" changeset="42887851" timestamp="2016-10-14T06:47:39Z" user="Adrien G" uid="94804" lat="47.3548457" lon="-1.7474524"/>
 <node id="4447102262" visible="true" version="1" changeset="42887851" timestamp="2016-10-14T06:47:39Z" user="Adrien G" uid="94804" lat="47.3549146" lon="-1.7482357"/>
 <node id="4447102264" visible="true" version="1" changeset="42887851" timestamp="2016-10-14T06:47:39Z" user="Adrien G" uid="94804" lat="47.3549981" lon="-1.7462782"/>
 <node id="4447102266" visible="true" version="1" changeset="42887851" timestamp="2016-10-14T06:47:39Z" user="Adrien G" uid="94804" lat="47.3551036" lon="-1.7508098"/>
 <node id="4447102268" visible="true" version="1" changeset="42887851" timestamp="2016-10-14T06:47:39Z" user="Adrien G" uid="94804" lat="47.3553870" lon="-1.7531707"/>
 <node id="4447102269" visible="true" version="1" changeset="42887851" timestamp="2016-10-14T06:47:39Z" user="Adrien G" uid="94804" lat="47.3555304" lon="-1.7534023"/>
 <node id="4447102270" visible="true" version="1" changeset="42887851" timestamp="2016-10-14T06:47:39Z" user="Adrien G" uid="94804" lat="47.3557726" lon="-1.7495683"/>
 <node id="4447102271" visible="true" version="1" changeset="42887851" timestamp="2016-10-14T06:47:39Z" user="Adrien G" uid="94804" lat="47.3558429" lon="-1.7484107"/>
 <node id="4447102276" visible="true" version="2" changeset="136616227" timestamp="2023-05-27T09:03:48Z" user="Frêne" uid="16004379" lat="47.3562383" lon="-1.7497229"/>
 <node id="4447102277" visible="true" version="1" changeset="42887851" timestamp="2016-10-14T06:47:40Z" user="Adrien G" uid="94804" lat="47.3563001" lon="-1.7507000"/>
 <node id="4447102278" visible="true" version="2" changeset="136616227" timestamp="2023-05-27T09:03:48Z" user="Frêne" uid="16004379" lat="47.3562763" lon="-1.7499663"/>
 <node id="4447102279" visible="true" version="2" changeset="136616227" timestamp="2023-05-27T09:03:48Z" user="Frêne" uid="16004379" lat="47.3562881" lon="-1.7485399"/>
 <node id="4447102281" visible="true" version="1" changeset="42887851" timestamp="2016-10-14T06:47:40Z" user="Adrien G" uid="94804" lat="47.3563806" lon="-1.7528116"/>
 <node id="4447102282" visible="true" version="2" changeset="136616227" timestamp="2023-05-27T09:03:48Z" user="Frêne" uid="16004379" lat="47.3564812" lon="-1.7500524"/>
 <node id="4447102283" visible="true" version="1" changeset="42887851" timestamp="2016-10-14T06:47:40Z" user="Adrien G" uid="94804" lat="47.3566324" lon="-1.7527661"/>
 <node id="4447102284" visible="true" version="1" changeset="42887851" timestamp="2016-10-14T06:47:40Z" user="Adrien G" uid="94804" lat="47.3568894" lon="-1.7526725"/>
 <node id="4447102286" visible="true" version="1" changeset="42887851" timestamp="2016-10-14T06:47:40Z" user="Adrien G" uid="94804" lat="47.3569682" lon="-1.7525941"/>
 <node id="4447102287" visible="true" version="1" changeset="42887851" timestamp="2016-10-14T06:47:40Z" user="Adrien G" uid="94804" lat="47.3569887" lon="-1.7523615"/>
 <node id="4447102288" visible="true" version="1" changeset="42887851" timestamp="2016-10-14T06:47:40Z" user="Adrien G" uid="94804" lat="47.3570658" lon="-1.7505736"/>
 <node id="4447102889" visible="true" version="1" changeset="42887851" timestamp="2016-10-14T06:47:40Z" user="Adrien G" uid="94804" lat="47.3570717" lon="-1.7502811"/>
 <node id="4447102891" visible="true" version="2" changeset="136616227" timestamp="2023-05-27T09:03:48Z" user="Frêne" uid="16004379" lat="47.3570992" lon="-1.7500574"/>
 <node id="4447102893" visible="true" version="1" changeset="42887851" timestamp="2016-10-14T06:47:40Z" user="Adrien G" uid="94804" lat="47.3571349" lon="-1.7486442"/>
 <node id="4447102894" visible="true" version="1" changeset="42887851" timestamp="2016-10-14T06:47:40Z" user="Adrien G" uid="94804" lat="47.3571458" lon="-1.7486342"/>
 <node id="4447102896" visible="true" version="1" changeset="42887851" timestamp="2016-10-14T06:47:40Z" user="Adrien G" uid="94804" lat="47.3572293" lon="-1.7464902"/>
 <node id="4447102900" visible="true" version="1" changeset="42887851" timestamp="2016-10-14T06:47:40Z" user="Adrien G" uid="94804" lat="47.3573418" lon="-1.7450579"/>
 <node id="4447102901" visible="true" version="1" changeset="42887851" timestamp="2016-10-14T06:47:40Z" user="Adrien G" uid="94804" lat="47.3573567" lon="-1.7452430"/>
 <node id="4447110463" visible="true" version="1" changeset="42888072" timestamp="2016-10-14T06:58:55Z" user="Adrien G" uid="94804" lat="47.3507483" lon="-1.7487229"/>
 <node id="4447110464" visible="true" version="1" changeset="42888072" timestamp="2016-10-14T06:58:55Z" user="Adrien G" uid="94804" lat="47.3507885" lon="-1.7543607"/>
 <node id="4447110465" visible="true" version="1" changeset="42888072" timestamp="2016-10-14T06:58:55Z" user="Adrien G" uid="94804" lat="47.3508069" lon="-1.7486492"/>
 <node id="4447110467" visible="true" version="2" changeset="136616227" timestamp="2023-05-27T09:03:48Z" user="Frêne" uid="16004379" lat="47.3508901" lon="-1.7512890"/>
 <node id="4447110469" visible="true" version="1" changeset="42888072" timestamp="2016-10-14T06:58:55Z" user="Adrien G" uid="94804" lat="47.3508917" lon="-1.7486124"/>
 <node id="4447110470" visible="true" version="1" changeset="42888072" timestamp="2016-10-14T06:58:55Z" user="Adrien G" uid="94804" lat="47.3509879" lon="-1.7538081"/>
 <node id="4447110473" visible="true" version="1" changeset="42888072" timestamp="2016-10-14T06:58:55Z" user="Adrien G" uid="94804" lat="47.3512216" lon="-1.7534079"/>
 <node id="4447110474" visible="true" version="1" changeset="42888072" timestamp="2016-10-14T06:58:55Z" user="Adrien G" uid="94804" lat="47.3512647" lon="-1.7487708"/>
 <node id="4447110475" visible="true" version="1" changeset="42888072" timestamp="2016-10-14T06:58:55Z" user="Adrien G" uid="94804" lat="47.3513152" lon="-1.7499751"/>
 <node id="4447110476" visible="true" version="1" changeset="42888072" timestamp="2016-10-14T06:58:55Z" user="Adrien G" uid="94804" lat="47.3513768" lon="-1.7529801"/>
 <node id="4447113290" visible="true" version="1" changeset="42888072" timestamp="2016-10-14T06:58:56Z" user="Adrien G" uid="94804" lat="47.3543515" lon="-1.7590924"/>
 <node id="4447113291" visible="true" version="1" changeset="42888072" timestamp="2016-10-14T06:58:56Z" user="Adrien G" uid="94804" lat="47.3545189" lon="-1.7520891"/>
 <node id="4447113292" visible="true" version="1" changeset="42888072" timestamp="2016-10-14T06:58:56Z" user="Adrien G" uid="94804" lat="47.3545285" lon="-1.7508753"/>
 <node id="4447113293" visible="true" version="1" changeset="42888072" timestamp="2016-10-14T06:58:56Z" user="Adrien G" uid="94804" lat="47.3545338" lon="-1.7517267"/>
 <node id="4447113294" visible="true" version="1" changeset="42888072" timestamp="2016-10-14T06:58:56Z" user="Adrien G" uid="94804" lat="47.3546931" lon="-1.7532066"/>
 <node id="4447113295" visible="true" version="1" changeset="42888072" timestamp="2016-10-14T06:58:56Z" user="Adrien G" uid="94804" lat="47.3547032" lon="-1.7499172"/>
 <node id="4447113296" visible="true" version="1" changeset="42888072" timestamp="2016-10-14T06:58:56Z" user="Adrien G" uid="94804" lat="47.3547243" lon="-1.7547015"/>
 <node id="4447113297" visible="true" version="1" changeset="42888072" timestamp="2016-10-14T06:58:56Z" user="Adrien G" uid="94804" lat="47.3547598" lon="-1.7551055"/>
 <node id="4447113298" visible="true" version="1" changeset="42888072" timestamp="2016-10-14T06:58:56Z" user="Adrien G" uid="94804" lat="47.3547617" lon="-1.7536172"/>
 <node id="4447113299" visible="true" version="1" changeset="42888072" timestamp="2016-10-14T06:58:56Z" user="Adrien G" uid="94804" lat="47.3549264" lon="-1.7545819"/>
 <node id="4447113300" visible="true" version="1" changeset="42888072" timestamp="2016-10-14T06:58:56Z" user="Adrien G" uid="94804" lat="47.3549283" lon="-1.7550032"/>
 <node id="4447113301" visible="true" version="1" changeset="42888072" timestamp="2016-10-14T06:58:56Z" user="Adrien G" uid="94804" lat="47.3549401" lon="-1.7544088"/>
 <node id="4447113302" visible="true" version="1" changeset="42888072" timestamp="2016-10-14T06:58:56Z" user="Adrien G" uid="94804" lat="47.3551398" lon="-1.7550586"/>
 <node id="4447113303" visible="true" version="1" changeset="42888072" timestamp="2016-10-14T06:58:56Z" user="Adrien G" uid="94804" lat="47.3553850" lon="-1.7549741"/>
 <node id="4447113304" visible="true" version="1" changeset="42888072" timestamp="2016-10-14T06:58:56Z" user="Adrien G" uid="94804" lat="47.3554533" lon="-1.7556523"/>
 <node id="4447113305" visible="true" version="1" changeset="42888072" timestamp="2016-10-14T06:58:56Z" user="Adrien G" uid="94804" lat="47.3554846" lon="-1.7554542"/>
 <node id="4447113306" visible="true" version="1" changeset="42888072" timestamp="2016-10-14T06:58:56Z" user="Adrien G" uid="94804" lat="47.3555371" lon="-1.7550089"/>
 <node id="4447113307" visible="true" version="1" changeset="42888072" timestamp="2016-10-14T06:58:56Z" user="Adrien G" uid="94804" lat="47.3556130" lon="-1.7549237"/>
 <node id="4447113308" visible="true" version="1" changeset="42888072" timestamp="2016-10-14T06:58:56Z" user="Adrien G" uid="94804" lat="47.3556215" lon="-1.7555141"/>
 <node id="4447113309" visible="true" version="1" changeset="42888072" timestamp="2016-10-14T06:58:56Z" user="Adrien G" uid="94804" lat="47.3558153" lon="-1.7548102"/>
 <node id="4447113310" visible="true" version="1" changeset="42888072" timestamp="2016-10-14T06:58:56Z" user="Adrien G" uid="94804" lat="47.3558564" lon="-1.7567419"/>
 <node id="4447113311" visible="true" version="1" changeset="42888072" timestamp="2016-10-14T06:58:56Z" user="Adrien G" uid="94804" lat="47.3558648" lon="-1.7567307"/>
 <node id="4447113312" visible="true" version="1" changeset="42888072" timestamp="2016-10-14T06:58:56Z" user="Adrien G" uid="94804" lat="47.3558994" lon="-1.7569926"/>
 <node id="4447113313" visible="true" version="1" changeset="42888072" timestamp="2016-10-14T06:58:56Z" user="Adrien G" uid="94804" lat="47.3559107" lon="-1.7570813"/>
 <node id="4447113314" visible="true" version="1" changeset="42888072" timestamp="2016-10-14T06:58:56Z" user="Adrien G" uid="94804" lat="47.3559323" lon="-1.7553285"/>
 <node id="4447113315" visible="true" version="1" changeset="42888072" timestamp="2016-10-14T06:58:56Z" user="Adrien G" uid="94804" lat="47.3559359" lon="-1.7557858"/>
 <node id="4447113316" visible="true" version="1" changeset="42888072" timestamp="2016-10-14T06:58:56Z" user="Adrien G" uid="94804" lat="47.3559508" lon="-1.7569229"/>
 <node id="4447113317" visible="true" version="1" changeset="42888072" timestamp="2016-10-14T06:58:56Z" user="Adrien G" uid="94804" lat="47.3559587" lon="-1.7556080"/>
 <node id="4447113318" visible="true" version="1" changeset="42888072" timestamp="2016-10-14T06:58:56Z" user="Adrien G" uid="94804" lat="47.3559602" lon="-1.7560356"/>
 <node id="4447113319" visible="true" version="1" changeset="42888072" timestamp="2016-10-14T06:58:56Z" user="Adrien G" uid="94804" lat="47.3559758" lon="-1.7563868"/>
 <node id="4447113320" visible="true" version="1" changeset="42888072" timestamp="2016-10-14T06:58:56Z" user="Adrien G" uid="94804" lat="47.3559792" lon="-1.7568356"/>
 <node id="4447113321" visible="true" version="1" changeset="42888072" timestamp="2016-10-14T06:58:56Z" user="Adrien G" uid="94804" lat="47.3560027" lon="-1.7549065"/>
 <node id="4447113322" visible="true" version="1" changeset="42888072" timestamp="2016-10-14T06:58:56Z" user="Adrien G" uid="94804" lat="47.3560034" lon="-1.7569284"/>
 <node id="4447113323" visible="true" version="1" changeset="42888072" timestamp="2016-10-14T06:58:56Z" user="Adrien G" uid="94804" lat="47.3560250" lon="-1.7552089"/>
 <node id="4447113324" visible="true" version="1" changeset="42888072" timestamp="2016-10-14T06:58:56Z" user="Adrien G" uid="94804" lat="47.3560296" lon="-1.7573552"/>
 <node id="4447113325" visible="true" version="1" changeset="42888072" timestamp="2016-10-14T06:58:56Z" user="Adrien G" uid="94804" lat="47.3561665" lon="-1.7575962"/>
 <node id="4447113326" visible="true" version="1" changeset="42888072" timestamp="2016-10-14T06:58:56Z" user="Adrien G" uid="94804" lat="47.3562106" lon="-1.7576398"/>
 <node id="4447119916" visible="true" version="1" changeset="42888216" timestamp="2016-10-14T07:06:09Z" user="Adrien G" uid="94804" lat="47.3526177" lon="-1.7642837"/>
 <node id="4447119917" visible="true" version="1" changeset="42888216" timestamp="2016-10-14T07:06:09Z" user="Adrien G" uid="94804" lat="47.3527588" lon="-1.7625813"/>
 <node id="4447119919" visible="true" version="1" changeset="42888216" timestamp="2016-10-14T07:06:09Z" user="Adrien G" uid="94804" lat="47.3528674" lon="-1.7612701"/>
 <node id="4447119921" visible="true" version="1" changeset="42888216" timestamp="2016-10-14T07:06:09Z" user="Adrien G" uid="94804" lat="47.3529204" lon="-1.7606305"/>
 <node id="4447119922" visible="true" version="1" changeset="42888216" timestamp="2016-10-14T07:06:09Z" user="Adrien G" uid="94804" lat="47.3530214" lon="-1.7594116"/>
 <node id="4447119923" visible="true" version="1" changeset="42888216" timestamp="2016-10-14T07:06:09Z" user="Adrien G" uid="94804" lat="47.3531272" lon="-1.7581344"/>
 <node id="4447119924" visible="true" version="1" changeset="42888216" timestamp="2016-10-14T07:06:09Z" user="Adrien G" uid="94804" lat="47.3531626" lon="-1.7578451"/>
 <node id="4447119925" visible="true" version="1" changeset="42888216" timestamp="2016-10-14T07:06:09Z" user="Adrien G" uid="94804" lat="47.3535229" lon="-1.7607566"/>
 <node id="4447119926" visible="true" version="1" changeset="42888216" timestamp="2016-10-14T07:06:09Z" user="Adrien G" uid="94804" lat="47.3537385" lon="-1.7622854"/>
 <node id="4447119927" visible="true" version="1" changeset="42888216" timestamp="2016-10-14T07:06:09Z" user="Adrien G" uid="94804" lat="47.3542471" lon="-1.7604731"/>
 <node id="4447119928" visible="true" version="1" changeset="42888216" timestamp="2016-10-14T07:06:09Z" user="Adrien G" uid="94804" lat="47.3543277" lon="-1.7610195"/>
 <node id="4447119929" visible="true" version="1" changeset="42888216" timestamp="2016-10-14T07:06:09Z" user="Adrien G" uid="94804" lat="47.3543311" lon="-1.7593085"/>
 <node id="4447119930" visible="true" version="1" changeset="42888216" timestamp="2016-10-14T07:06:09Z" user="Adrien G" uid="94804" lat="47.3543528" lon="-1.7613923"/>
 <node id="4447119931" visible="true" version="1" changeset="42888216" timestamp="2016-10-14T07:06:09Z" user="Adrien G" uid="94804" lat="47.3543832" lon="-1.7621222"/>
 <node id="4447119932" visible="true" version="1" changeset="42888216" timestamp="2016-10-14T07:06:09Z" user="Adrien G" uid="94804" lat="47.3545891" lon="-1.7596637"/>
 <node id="4447119933" visible="true" version="1" changeset="42888216" timestamp="2016-10-14T07:06:09Z" user="Adrien G" uid="94804" lat="47.3546265" lon="-1.7603033"/>
 <node id="4447119934" visible="true" version="1" changeset="42888216" timestamp="2016-10-14T07:06:09Z" user="Adrien G" uid="94804" lat="47.3546278" lon="-1.7596671"/>
 <node id="4447119935" visible="true" version="1" changeset="42888216" timestamp="2016-10-14T07:06:09Z" user="Adrien G" uid="94804" lat="47.3546397" lon="-1.7595227"/>
 <node id="4447119936" visible="true" version="1" changeset="42888216" timestamp="2016-10-14T07:06:09Z" user="Adrien G" uid="94804" lat="47.3546794" lon="-1.7620480"/>
 <node id="4447119937" visible="true" version="1" changeset="42888216" timestamp="2016-10-14T07:06:09Z" user="Adrien G" uid="94804" lat="47.3548724" lon="-1.7598486"/>
 <node id="4447119938" visible="true" version="1" changeset="42888216" timestamp="2016-10-14T07:06:09Z" user="Adrien G" uid="94804" lat="47.3549218" lon="-1.7645709"/>
 <node id="4447119939" visible="true" version="1" changeset="42888216" timestamp="2016-10-14T07:06:09Z" user="Adrien G" uid="94804" lat="47.3549490" lon="-1.7598739"/>
 <node id="4447119940" visible="true" version="1" changeset="42888216" timestamp="2016-10-14T07:06:10Z" user="Adrien G" uid="94804" lat="47.3549755" lon="-1.7599286"/>
 <node id="4447119941" visible="true" version="1" changeset="42888216" timestamp="2016-10-14T07:06:10Z" user="Adrien G" uid="94804" lat="47.3550747" lon="-1.7597023"/>
 <node id="4447119942" visible="true" version="1" changeset="42888216" timestamp="2016-10-14T07:06:10Z" user="Adrien G" uid="94804" lat="47.3552532" lon="-1.7595032"/>
 <node id="4447119943" visible="true" version="1" changeset="42888216" timestamp="2016-10-14T07:06:10Z" user="Adrien G" uid="94804" lat="47.3552717" lon="-1.7617416"/>
 <node id="4447119944" visible="true" version="1" changeset="42888216" timestamp="2016-10-14T07:06:10Z" user="Adrien G" uid="94804" lat="47.3553907" lon="-1.7594310"/>
 <node id="4447119945" visible="true" version="1" changeset="42888216" timestamp="2016-10-14T07:06:10Z" user="Adrien G" uid="94804" lat="47.3554933" lon="-1.7656019"/>
 <node id="4447119946" visible="true" version="1" changeset="42888216" timestamp="2016-10-14T07:06:10Z" user="Adrien G" uid="94804" lat="47.3555493" lon="-1.7595559"/>
 <node id="4447119947" visible="true" version="1" changeset="42888216" timestamp="2016-10-14T07:06:10Z" user="Adrien G" uid="94804" lat="47.3555564" lon="-1.7615242"/>
 <node id="4447119948" visible="true" version="1" changeset="42888216" timestamp="2016-10-14T07:06:10Z" user="Adrien G" uid="94804" lat="47.3558948" lon="-1.7598068"/>
 <node id="4447119949" visible="true" version="1" changeset="42888216" timestamp="2016-10-14T07:06:10Z" user="Adrien G" uid="94804" lat="47.3559017" lon="-1.7638187"/>
 <node id="4447119950" visible="true" version="1" changeset="42888216" timestamp="2016-10-14T07:06:10Z" user="Adrien G" uid="94804" lat="47.3559091" lon="-1.7665874"/>
 <node id="4447119951" visible="true" version="1" changeset="42888216" timestamp="2016-10-14T07:06:10Z" user="Adrien G" uid="94804" lat="47.3559285" lon="-1.7638987"/>
 <node id="4447119952" visible="true" version="1" changeset="42888216" timestamp="2016-10-14T07:06:10Z" user="Adrien G" uid="94804" lat="47.3559598" lon="-1.7596758"/>
 <node id="4447119953" visible="true" version="1" changeset="42888216" timestamp="2016-10-14T07:06:10Z" user="Adrien G" uid="94804" lat="47.3560798" lon="-1.7651057"/>
 <node id="4447119954" visible="true" version="1" changeset="42888216" timestamp="2016-10-14T07:06:10Z" user="Adrien G" uid="94804" lat="47.3561526" lon="-1.7645671"/>
 <node id="4447119955" visible="true" version="1" changeset="42888216" timestamp="2016-10-14T07:06:10Z" user="Adrien G" uid="94804" lat="47.3561927" lon="-1.7636616"/>
 <node id="4447119956" visible="true" version="1" changeset="42888216" timestamp="2016-10-14T07:06:10Z" user="Adrien G" uid="94804" lat="47.3563416" lon="-1.7607333"/>
 <node id="4447119957" visible="true" version="1" changeset="42888216" timestamp="2016-10-14T07:06:10Z" user="Adrien G" uid="94804" lat="47.3566944" lon="-1.7585669"/>
 <node id="4447119958" visible="true" version="1" changeset="42888216" timestamp="2016-10-14T07:06:10Z" user="Adrien G" uid="94804" lat="47.3570622" lon="-1.7596502"/>
 <node id="4447119959" visible="true" version="1" changeset="42888216" timestamp="2016-10-14T07:06:10Z" user="Adrien G" uid="94804" lat="47.3573940" lon="-1.7593946"/>
 <node id="4447119960" visible="true" version="1" changeset="42888216" timestamp="2016-10-14T07:06:10Z" user="Adrien G" uid="94804" lat="47.3576999" lon="-1.7609513"/>
 <node id="4447119961" visible="true" version="1" changeset="42888216" timestamp="2016-10-14T07:06:10Z" user="Adrien G" uid="94804" lat="47.3580664" lon="-1.7578525"/>
 <node id="4447119962" visible="true" version="1" changeset="42888216" timestamp="2016-10-14T07:06:10Z" user="Adrien G" uid="94804" lat="47.3583868" lon="-1.7587301"/>
 <node id="4447119963" visible="true" version="1" changeset="42888216" timestamp="2016-10-14T07:06:10Z" user="Adrien G" uid="94804" lat="47.3585859" lon="-1.7574222"/>
 <node id="4447119964" visible="true" version="1" changeset="42888216" timestamp="2016-10-14T07:06:10Z" user="Adrien G" uid="94804" lat="47.3593621" lon="-1.7581933"/>
 <node id="4447119965" visible="true" version="1" changeset="42888216" timestamp="2016-10-14T07:06:10Z" user="Adrien G" uid="94804" lat="47.3598181" lon="-1.7602612"/>
 <node id="4511787531" visible="true" version="1" changeset="43818688" timestamp="2016-11-20T10:30:10Z" user="FRichard44" uid="2516858" lat="47.3610053" lon="-1.6417091"/>
 <node id="4511787532" visible="true" version="1" changeset="43818688" timestamp="2016-11-20T10:30:10Z" user="FRichard44" uid="2516858" lat="47.3609004" lon="-1.6417123"/>
 <node id="4511787540" visible="true" version="1" changeset="43818688" timestamp="2016-11-20T10:30:10Z" user="FRichard44" uid="2516858" lat="47.3584122" lon="-1.6426023"/>
 <node id="4523381082" visible="true" version="1" changeset="43964638" timestamp="2016-11-26T14:28:19Z" user="FRichard44" uid="2516858" lat="47.3385466" lon="-1.7138362"/>
 <node id="4523600629" visible="true" version="1" changeset="43967503" timestamp="2016-11-26T17:04:17Z" user="FRichard44" uid="2516858" lat="47.3288741" lon="-1.7765582"/>
 <node id="4535644096" visible="true" version="1" changeset="44136750" timestamp="2016-12-03T13:20:35Z" user="FRichard44" uid="2516858" lat="47.4064273" lon="-1.7325446"/>
 <node id="4535743445" visible="true" version="1" changeset="44138363" timestamp="2016-12-03T14:43:14Z" user="FRichard44" uid="2516858" lat="47.3576827" lon="-1.7525929"/>
 <node id="4535743446" visible="true" version="1" changeset="44138363" timestamp="2016-12-03T14:43:14Z" user="FRichard44" uid="2516858" lat="47.3577445" lon="-1.7543685"/>
 <node id="4535743447" visible="true" version="1" changeset="44138363" timestamp="2016-12-03T14:43:14Z" user="FRichard44" uid="2516858" lat="47.3577227" lon="-1.7552965"/>
 <node id="4535743448" visible="true" version="1" changeset="44138363" timestamp="2016-12-03T14:43:14Z" user="FRichard44" uid="2516858" lat="47.3578935" lon="-1.7552054"/>
 <node id="4535743449" visible="true" version="1" changeset="44138363" timestamp="2016-12-03T14:43:14Z" user="FRichard44" uid="2516858" lat="47.3599139" lon="-1.7540842"/>
 <node id="4535743450" visible="true" version="1" changeset="44138363" timestamp="2016-12-03T14:43:14Z" user="FRichard44" uid="2516858" lat="47.3596922" lon="-1.7553019"/>
 <node id="4535743451" visible="true" version="1" changeset="44138363" timestamp="2016-12-03T14:43:14Z" user="FRichard44" uid="2516858" lat="47.3584168" lon="-1.7548781"/>
 <node id="4535743452" visible="true" version="1" changeset="44138363" timestamp="2016-12-03T14:43:14Z" user="FRichard44" uid="2516858" lat="47.3591908" lon="-1.7544704"/>
 <node id="4535743453" visible="true" version="1" changeset="44138363" timestamp="2016-12-03T14:43:14Z" user="FRichard44" uid="2516858" lat="47.3600120" lon="-1.7538374"/>
 <node id="4535743454" visible="true" version="1" changeset="44138363" timestamp="2016-12-03T14:43:14Z" user="FRichard44" uid="2516858" lat="47.3613415" lon="-1.7547735"/>
 <node id="4535743455" visible="true" version="1" changeset="44138363" timestamp="2016-12-03T14:43:14Z" user="FRichard44" uid="2516858" lat="47.3597031" lon="-1.7554575"/>
 <node id="4535743456" visible="true" version="1" changeset="44138363" timestamp="2016-12-03T14:43:14Z" user="FRichard44" uid="2516858" lat="47.3585040" lon="-1.7526412"/>
 <node id="4535743457" visible="true" version="1" changeset="44138363" timestamp="2016-12-03T14:43:14Z" user="FRichard44" uid="2516858" lat="47.3586457" lon="-1.7537140"/>
 <node id="4535743458" visible="true" version="1" changeset="44138363" timestamp="2016-12-03T14:43:14Z" user="FRichard44" uid="2516858" lat="47.3606479" lon="-1.7549854"/>
 <node id="4535743459" visible="true" version="1" changeset="44138363" timestamp="2016-12-03T14:43:14Z" user="FRichard44" uid="2516858" lat="47.3607787" lon="-1.7536014"/>
 <node id="4535743460" visible="true" version="1" changeset="44138363" timestamp="2016-12-03T14:43:14Z" user="FRichard44" uid="2516858" lat="47.3616109" lon="-1.7533493"/>
 <node id="4535743461" visible="true" version="1" changeset="44138363" timestamp="2016-12-03T14:43:14Z" user="FRichard44" uid="2516858" lat="47.3613129" lon="-1.7546904"/>
 <node id="4535743462" visible="true" version="2" changeset="136616227" timestamp="2023-05-27T09:03:48Z" user="Frêne" uid="16004379" lat="47.3586857" lon="-1.7536712"/>
 <node id="4535743463" visible="true" version="1" changeset="44138363" timestamp="2016-12-03T14:43:14Z" user="FRichard44" uid="2516858" lat="47.3607980" lon="-1.7513026"/>
 <node id="4535743464" visible="true" version="1" changeset="44138363" timestamp="2016-12-03T14:43:14Z" user="FRichard44" uid="2516858" lat="47.3599466" lon="-1.7494386"/>
 <node id="4535743465" visible="true" version="2" changeset="136616227" timestamp="2023-05-27T09:03:48Z" user="Frêne" uid="16004379" lat="47.3602592" lon="-1.7495352"/>
 <node id="4535743466" visible="true" version="1" changeset="44138363" timestamp="2016-12-03T14:43:14Z" user="FRichard44" uid="2516858" lat="47.3609641" lon="-1.7519116"/>
 <node id="4535743467" visible="true" version="1" changeset="44138363" timestamp="2016-12-03T14:43:14Z" user="FRichard44" uid="2516858" lat="47.3611712" lon="-1.7527377"/>
 <node id="4535743468" visible="true" version="2" changeset="136616227" timestamp="2023-05-27T09:03:48Z" user="Frêne" uid="16004379" lat="47.3609819" lon="-1.7519826"/>
 <node id="4535743469" visible="true" version="1" changeset="44138363" timestamp="2016-12-03T14:43:14Z" user="FRichard44" uid="2516858" lat="47.3622177" lon="-1.7507207"/>
 <node id="4535743470" visible="true" version="2" changeset="136616227" timestamp="2023-05-27T09:03:48Z" user="Frêne" uid="16004379" lat="47.3606080" lon="-1.7507046"/>
 <node id="4535743471" visible="true" version="1" changeset="44138363" timestamp="2016-12-03T14:43:14Z" user="FRichard44" uid="2516858" lat="47.3623972" lon="-1.7489592"/>
 <node id="4535743472" visible="true" version="2" changeset="136616227" timestamp="2023-05-27T09:03:48Z" user="Frêne" uid="16004379" lat="47.3597104" lon="-1.7484462"/>
 <node id="4535743473" visible="true" version="1" changeset="44138363" timestamp="2016-12-03T14:43:14Z" user="FRichard44" uid="2516858" lat="47.3619452" lon="-1.7477810"/>
 <node id="4535743474" visible="true" version="1" changeset="44138363" timestamp="2016-12-03T14:43:14Z" user="FRichard44" uid="2516858" lat="47.3625956" lon="-1.7494762"/>
 <node id="4535743475" visible="true" version="1" changeset="44138363" timestamp="2016-12-03T14:43:14Z" user="FRichard44" uid="2516858" lat="47.3611966" lon="-1.7528987"/>
 <node id="4535743476" visible="true" version="1" changeset="44138363" timestamp="2016-12-03T14:43:14Z" user="FRichard44" uid="2516858" lat="47.3619779" lon="-1.7519974"/>
 <node id="4535743477" visible="true" version="1" changeset="44138363" timestamp="2016-12-03T14:43:14Z" user="FRichard44" uid="2516858" lat="47.3623194" lon="-1.7506188"/>
 <node id="4535743478" visible="true" version="1" changeset="44138363" timestamp="2016-12-03T14:43:14Z" user="FRichard44" uid="2516858" lat="47.3625702" lon="-1.7504257"/>
 <node id="4535743479" visible="true" version="1" changeset="44138363" timestamp="2016-12-03T14:43:14Z" user="FRichard44" uid="2516858" lat="47.3631116" lon="-1.7483228"/>
 <node id="4535743480" visible="true" version="1" changeset="44138363" timestamp="2016-12-03T14:43:14Z" user="FRichard44" uid="2516858" lat="47.3639727" lon="-1.7475932"/>
 <node id="4535743482" visible="true" version="2" changeset="136616227" timestamp="2023-05-27T09:03:48Z" user="Frêne" uid="16004379" lat="47.3625356" lon="-1.7505142"/>
 <node id="4535743483" visible="true" version="1" changeset="44138363" timestamp="2016-12-03T14:43:14Z" user="FRichard44" uid="2516858" lat="47.3618362" lon="-1.7531561"/>
 <node id="4535743484" visible="true" version="1" changeset="44138363" timestamp="2016-12-03T14:43:14Z" user="FRichard44" uid="2516858" lat="47.3618107" lon="-1.7533385"/>
 <node id="4535743485" visible="true" version="1" changeset="44138363" timestamp="2016-12-03T14:43:14Z" user="FRichard44" uid="2516858" lat="47.3636021" lon="-1.7527860"/>
 <node id="4535743486" visible="true" version="1" changeset="44138363" timestamp="2016-12-03T14:43:14Z" user="FRichard44" uid="2516858" lat="47.3638492" lon="-1.7527270"/>
 <node id="4535743487" visible="true" version="1" changeset="44138363" timestamp="2016-12-03T14:43:14Z" user="FRichard44" uid="2516858" lat="47.3622032" lon="-1.7518258"/>
 <node id="4535743488" visible="true" version="1" changeset="44138363" timestamp="2016-12-03T14:43:14Z" user="FRichard44" uid="2516858" lat="47.3636600" lon="-1.7507139"/>
 <node id="4535743589" visible="true" version="1" changeset="44138363" timestamp="2016-12-03T14:43:14Z" user="FRichard44" uid="2516858" lat="47.3633732" lon="-1.7528987"/>
 <node id="4535743590" visible="true" version="1" changeset="44138363" timestamp="2016-12-03T14:43:14Z" user="FRichard44" uid="2516858" lat="47.3644034" lon="-1.7503748"/>
 <node id="4535743591" visible="true" version="1" changeset="44138363" timestamp="2016-12-03T14:43:14Z" user="FRichard44" uid="2516858" lat="47.3647939" lon="-1.7513698"/>
 <node id="4535743592" visible="true" version="1" changeset="44138363" timestamp="2016-12-03T14:43:14Z" user="FRichard44" uid="2516858" lat="47.3630098" lon="-1.7509836"/>
 <node id="4535743593" visible="true" version="1" changeset="44138363" timestamp="2016-12-03T14:43:14Z" user="FRichard44" uid="2516858" lat="47.3643288" lon="-1.7504364"/>
 <node id="4535743594" visible="true" version="1" changeset="44138363" timestamp="2016-12-03T14:43:14Z" user="FRichard44" uid="2516858" lat="47.3645759" lon="-1.7502325"/>
 <node id="4535743595" visible="true" version="1" changeset="44138363" timestamp="2016-12-03T14:43:14Z" user="FRichard44" uid="2516858" lat="47.3650301" lon="-1.7484837"/>
 <node id="4535743596" visible="true" version="1" changeset="44138363" timestamp="2016-12-03T14:43:14Z" user="FRichard44" uid="2516858" lat="47.3631552" lon="-1.7499053"/>
 <node id="4535743597" visible="true" version="1" changeset="44138363" timestamp="2016-12-03T14:43:14Z" user="FRichard44" uid="2516858" lat="47.3645359" lon="-1.7485857"/>
 <node id="4535743598" visible="true" version="1" changeset="44138363" timestamp="2016-12-03T14:43:14Z" user="FRichard44" uid="2516858" lat="47.3648375" lon="-1.7483335"/>
 <node id="4535743599" visible="true" version="1" changeset="44138363" timestamp="2016-12-03T14:43:14Z" user="FRichard44" uid="2516858" lat="47.3650301" lon="-1.7483550"/>
 <node id="4535743600" visible="true" version="1" changeset="44138363" timestamp="2016-12-03T14:43:14Z" user="FRichard44" uid="2516858" lat="47.3652917" lon="-1.7480653"/>
 <node id="4535743601" visible="true" version="1" changeset="44138363" timestamp="2016-12-03T14:43:14Z" user="FRichard44" uid="2516858" lat="47.3661383" lon="-1.7465579"/>
 <node id="4535743602" visible="true" version="1" changeset="44138363" timestamp="2016-12-03T14:43:14Z" user="FRichard44" uid="2516858" lat="47.3672937" lon="-1.7500019"/>
 <node id="4535743603" visible="true" version="1" changeset="44138363" timestamp="2016-12-03T14:43:14Z" user="FRichard44" uid="2516858" lat="47.3679658" lon="-1.7505276"/>
 <node id="4535743604" visible="true" version="1" changeset="44138363" timestamp="2016-12-03T14:43:14Z" user="FRichard44" uid="2516858" lat="47.3689032" lon="-1.7514342"/>
 <node id="4535743605" visible="true" version="1" changeset="44138363" timestamp="2016-12-03T14:43:14Z" user="FRichard44" uid="2516858" lat="47.3688378" lon="-1.7524480"/>
 <node id="4535743606" visible="true" version="1" changeset="44138363" timestamp="2016-12-03T14:43:14Z" user="FRichard44" uid="2516858" lat="47.3691248" lon="-1.7513698"/>
 <node id="4535743607" visible="true" version="1" changeset="44138363" timestamp="2016-12-03T14:43:14Z" user="FRichard44" uid="2516858" lat="47.3696625" lon="-1.7510211"/>
 <node id="4535743608" visible="true" version="1" changeset="44138363" timestamp="2016-12-03T14:43:14Z" user="FRichard44" uid="2516858" lat="47.3700949" lon="-1.7505544"/>
 <node id="4535743609" visible="true" version="1" changeset="44138363" timestamp="2016-12-03T14:43:14Z" user="FRichard44" uid="2516858" lat="47.3703564" lon="-1.7503881"/>
 <node id="4535743610" visible="true" version="1" changeset="44138363" timestamp="2016-12-03T14:43:14Z" user="FRichard44" uid="2516858" lat="47.3706580" lon="-1.7502594"/>
 <node id="4535743611" visible="true" version="1" changeset="44138363" timestamp="2016-12-03T14:43:14Z" user="FRichard44" uid="2516858" lat="47.3705381" lon="-1.7503666"/>
 <node id="4535743612" visible="true" version="1" changeset="44138363" timestamp="2016-12-03T14:43:14Z" user="FRichard44" uid="2516858" lat="47.3705817" lon="-1.7513644"/>
 <node id="4535743613" visible="true" version="1" changeset="44138363" timestamp="2016-12-03T14:43:14Z" user="FRichard44" uid="2516858" lat="47.3705857" lon="-1.7517060"/>
 <node id="4535743614" visible="true" version="1" changeset="44138363" timestamp="2016-12-03T14:43:14Z" user="FRichard44" uid="2516858" lat="47.3701421" lon="-1.7481726"/>
 <node id="4535743615" visible="true" version="1" changeset="44138363" timestamp="2016-12-03T14:43:14Z" user="FRichard44" uid="2516858" lat="47.3695644" lon="-1.7509889"/>
 <node id="4535743616" visible="true" version="1" changeset="44138363" timestamp="2016-12-03T14:43:14Z" user="FRichard44" uid="2516858" lat="47.3669194" lon="-1.7492348"/>
 <node id="4535743617" visible="true" version="1" changeset="44138363" timestamp="2016-12-03T14:43:14Z" user="FRichard44" uid="2516858" lat="47.3669921" lon="-1.7472124"/>
 <node id="4535743618" visible="true" version="1" changeset="44138363" timestamp="2016-12-03T14:43:14Z" user="FRichard44" uid="2516858" lat="47.3664616" lon="-1.7465955"/>
 <node id="4535743619" visible="true" version="1" changeset="44138363" timestamp="2016-12-03T14:43:14Z" user="FRichard44" uid="2516858" lat="47.3669158" lon="-1.7469710"/>
 <node id="4535743620" visible="true" version="1" changeset="44138363" timestamp="2016-12-03T14:43:14Z" user="FRichard44" uid="2516858" lat="47.3670030" lon="-1.7469656"/>
 <node id="4535743622" visible="true" version="1" changeset="44138363" timestamp="2016-12-03T14:43:15Z" user="FRichard44" uid="2516858" lat="47.3687397" lon="-1.7469978"/>
 <node id="4535743623" visible="true" version="1" changeset="44138363" timestamp="2016-12-03T14:43:15Z" user="FRichard44" uid="2516858" lat="47.3686997" lon="-1.7482262"/>
 <node id="4535743624" visible="true" version="1" changeset="44138363" timestamp="2016-12-03T14:43:15Z" user="FRichard44" uid="2516858" lat="47.3664689" lon="-1.7461073"/>
 <node id="4535743625" visible="true" version="1" changeset="44138363" timestamp="2016-12-03T14:43:15Z" user="FRichard44" uid="2516858" lat="47.3668250" lon="-1.7454743"/>
 <node id="4535743626" visible="true" version="1" changeset="44138363" timestamp="2016-12-03T14:43:15Z" user="FRichard44" uid="2516858" lat="47.3672174" lon="-1.7453134"/>
 <node id="4535743627" visible="true" version="1" changeset="44138363" timestamp="2016-12-03T14:43:15Z" user="FRichard44" uid="2516858" lat="47.3678059" lon="-1.7452222"/>
 <node id="4535743628" visible="true" version="1" changeset="44138363" timestamp="2016-12-03T14:43:15Z" user="FRichard44" uid="2516858" lat="47.3683110" lon="-1.7451793"/>
 <node id="4535743654" visible="true" version="1" changeset="44138363" timestamp="2016-12-03T14:43:15Z" user="FRichard44" uid="2516858" lat="47.3636823" lon="-1.7457414"/>
 <node id="4535743681" visible="true" version="2" changeset="54812892" timestamp="2017-12-21T12:04:49Z" user="vinc44" uid="1060302" lat="47.3695284" lon="-1.7478693"/>
 <node id="4535743682" visible="true" version="1" changeset="44138363" timestamp="2016-12-03T14:43:15Z" user="FRichard44" uid="2516858" lat="47.3704218" lon="-1.7480707"/>
 <node id="4535743684" visible="true" version="1" changeset="44138363" timestamp="2016-12-03T14:43:15Z" user="FRichard44" uid="2516858" lat="47.3684999" lon="-1.7449861"/>
 <node id="4535743699" visible="true" version="1" changeset="44138363" timestamp="2016-12-03T14:43:15Z" user="FRichard44" uid="2516858" lat="47.3520897" lon="-1.7754399"/>
 <node id="4535743700" visible="true" version="1" changeset="44138363" timestamp="2016-12-03T14:43:15Z" user="FRichard44" uid="2516858" lat="47.3524096" lon="-1.7752307"/>
 <node id="4535743701" visible="true" version="1" changeset="44138363" timestamp="2016-12-03T14:43:15Z" user="FRichard44" uid="2516858" lat="47.3525767" lon="-1.7750698"/>
 <node id="4535743702" visible="true" version="1" changeset="44138363" timestamp="2016-12-03T14:43:15Z" user="FRichard44" uid="2516858" lat="47.3529329" lon="-1.7747587"/>
 <node id="4535743703" visible="true" version="1" changeset="44138363" timestamp="2016-12-03T14:43:15Z" user="FRichard44" uid="2516858" lat="47.3532891" lon="-1.7744529"/>
 <node id="4535743704" visible="true" version="1" changeset="44138363" timestamp="2016-12-03T14:43:15Z" user="FRichard44" uid="2516858" lat="47.3536961" lon="-1.7738521"/>
 <node id="4535743705" visible="true" version="1" changeset="44138363" timestamp="2016-12-03T14:43:15Z" user="FRichard44" uid="2516858" lat="47.3547588" lon="-1.7728567"/>
 <node id="4535743706" visible="true" version="1" changeset="44138363" timestamp="2016-12-03T14:43:16Z" user="FRichard44" uid="2516858" lat="47.3546773" lon="-1.7728328"/>
 <node id="4535743707" visible="true" version="1" changeset="44138363" timestamp="2016-12-03T14:43:16Z" user="FRichard44" uid="2516858" lat="47.3545901" lon="-1.7727524"/>
 <node id="4535743708" visible="true" version="1" changeset="44138363" timestamp="2016-12-03T14:43:16Z" user="FRichard44" uid="2516858" lat="47.3546301" lon="-1.7725807"/>
 <node id="4535743709" visible="true" version="1" changeset="44138363" timestamp="2016-12-03T14:43:16Z" user="FRichard44" uid="2516858" lat="47.3547755" lon="-1.7726504"/>
 <node id="4535743710" visible="true" version="1" changeset="44138363" timestamp="2016-12-03T14:43:16Z" user="FRichard44" uid="2516858" lat="47.3548372" lon="-1.7727792"/>
 <node id="4535743711" visible="true" version="1" changeset="44138363" timestamp="2016-12-03T14:43:16Z" user="FRichard44" uid="2516858" lat="47.3550807" lon="-1.7728382"/>
 <node id="4535743712" visible="true" version="1" changeset="44138363" timestamp="2016-12-03T14:43:16Z" user="FRichard44" uid="2516858" lat="47.3548627" lon="-1.7729723"/>
 <node id="4535743713" visible="true" version="1" changeset="44138363" timestamp="2016-12-03T14:43:16Z" user="FRichard44" uid="2516858" lat="47.3545465" lon="-1.7732083"/>
 <node id="4535743714" visible="true" version="1" changeset="44138363" timestamp="2016-12-03T14:43:16Z" user="FRichard44" uid="2516858" lat="47.3544411" lon="-1.7731440"/>
 <node id="4535743715" visible="true" version="1" changeset="44138363" timestamp="2016-12-03T14:43:16Z" user="FRichard44" uid="2516858" lat="47.3542885" lon="-1.7728060"/>
 <node id="4535743716" visible="true" version="1" changeset="44138363" timestamp="2016-12-03T14:43:16Z" user="FRichard44" uid="2516858" lat="47.3545465" lon="-1.7724788"/>
 <node id="4535743717" visible="true" version="1" changeset="44138363" timestamp="2016-12-03T14:43:16Z" user="FRichard44" uid="2516858" lat="47.3548336" lon="-1.7722535"/>
 <node id="4535743718" visible="true" version="1" changeset="44138363" timestamp="2016-12-03T14:43:16Z" user="FRichard44" uid="2516858" lat="47.3551679" lon="-1.7727738"/>
 <node id="4535743719" visible="true" version="1" changeset="44138363" timestamp="2016-12-03T14:43:16Z" user="FRichard44" uid="2516858" lat="47.3541177" lon="-1.7732137"/>
 <node id="4535743720" visible="true" version="1" changeset="44138363" timestamp="2016-12-03T14:43:16Z" user="FRichard44" uid="2516858" lat="47.3542885" lon="-1.7729294"/>
 <node id="4535743721" visible="true" version="1" changeset="44138363" timestamp="2016-12-03T14:43:16Z" user="FRichard44" uid="2516858" lat="47.3544120" lon="-1.7726934"/>
 <node id="4535743722" visible="true" version="1" changeset="44138363" timestamp="2016-12-03T14:43:16Z" user="FRichard44" uid="2516858" lat="47.3547028" lon="-1.7724466"/>
 <node id="4535743723" visible="true" version="1" changeset="44138363" timestamp="2016-12-03T14:43:16Z" user="FRichard44" uid="2516858" lat="47.3549681" lon="-1.7723983"/>
 <node id="4535743724" visible="true" version="1" changeset="44138363" timestamp="2016-12-03T14:43:16Z" user="FRichard44" uid="2516858" lat="47.3557022" lon="-1.7716580"/>
 <node id="4535743725" visible="true" version="1" changeset="44138363" timestamp="2016-12-03T14:43:16Z" user="FRichard44" uid="2516858" lat="47.3563127" lon="-1.7710840"/>
 <node id="4535743726" visible="true" version="1" changeset="44138363" timestamp="2016-12-03T14:43:16Z" user="FRichard44" uid="2516858" lat="47.3566906" lon="-1.7706978"/>
 <node id="4535743727" visible="true" version="1" changeset="44138363" timestamp="2016-12-03T14:43:16Z" user="FRichard44" uid="2516858" lat="47.3571449" lon="-1.7704725"/>
 <node id="4535743728" visible="true" version="1" changeset="44138363" timestamp="2016-12-03T14:43:16Z" user="FRichard44" uid="2516858" lat="47.3574429" lon="-1.7703384"/>
 <node id="4535743729" visible="true" version="1" changeset="44138363" timestamp="2016-12-03T14:43:16Z" user="FRichard44" uid="2516858" lat="47.3576623" lon="-1.7701812"/>
 <node id="4535743730" visible="true" version="1" changeset="44138363" timestamp="2016-12-03T14:43:16Z" user="FRichard44" uid="2516858" lat="47.3578317" lon="-1.7700165"/>
 <node id="4535743731" visible="true" version="1" changeset="44138363" timestamp="2016-12-03T14:43:16Z" user="FRichard44" uid="2516858" lat="47.3587838" lon="-1.7695069"/>
 <node id="4535743732" visible="true" version="1" changeset="44138363" timestamp="2016-12-03T14:43:16Z" user="FRichard44" uid="2516858" lat="47.3594670" lon="-1.7691528"/>
 <node id="4535743733" visible="true" version="1" changeset="44138363" timestamp="2016-12-03T14:43:16Z" user="FRichard44" uid="2516858" lat="47.3597831" lon="-1.7688524"/>
 <node id="4535743734" visible="true" version="1" changeset="44138363" timestamp="2016-12-03T14:43:16Z" user="FRichard44" uid="2516858" lat="47.3605644" lon="-1.7684072"/>
 <node id="4535743735" visible="true" version="1" changeset="44138363" timestamp="2016-12-03T14:43:16Z" user="FRichard44" uid="2516858" lat="47.3623921" lon="-1.7675113"/>
 <node id="4535743736" visible="true" version="1" changeset="44138363" timestamp="2016-12-03T14:43:16Z" user="FRichard44" uid="2516858" lat="47.3611567" lon="-1.7683321"/>
 <node id="4535743737" visible="true" version="1" changeset="44138363" timestamp="2016-12-03T14:43:16Z" user="FRichard44" uid="2516858" lat="47.3614910" lon="-1.7681497"/>
 <node id="4535743738" visible="true" version="1" changeset="44138363" timestamp="2016-12-03T14:43:16Z" user="FRichard44" uid="2516858" lat="47.3620542" lon="-1.7680639"/>
 <node id="4535743739" visible="true" version="1" changeset="44138363" timestamp="2016-12-03T14:43:16Z" user="FRichard44" uid="2516858" lat="47.3621995" lon="-1.7680907"/>
 <node id="4535743740" visible="true" version="1" changeset="44138363" timestamp="2016-12-03T14:43:16Z" user="FRichard44" uid="2516858" lat="47.3626319" lon="-1.7683160"/>
 <node id="4535743741" visible="true" version="1" changeset="44138363" timestamp="2016-12-03T14:43:16Z" user="FRichard44" uid="2516858" lat="47.3635076" lon="-1.7688685"/>
 <node id="4535743742" visible="true" version="2" changeset="173348894" timestamp="2025-10-16T06:26:06Z" user="Falig44" uid="23098618" lat="47.3653074" lon="-1.7720430"/>
 <node id="4535743743" visible="true" version="2" changeset="173348894" timestamp="2025-10-16T06:26:06Z" user="Falig44" uid="23098618" lat="47.3644259" lon="-1.7716317"/>
 <node id="4535743744" visible="true" version="3" changeset="173626874" timestamp="2025-10-22T13:01:19Z" user="Falig44" uid="23098618" lat="47.3640393" lon="-1.7715841"/>
 <node id="4535743745" visible="true" version="2" changeset="173348894" timestamp="2025-10-16T06:26:06Z" user="Falig44" uid="23098618" lat="47.3642819" lon="-1.7693890"/>
 <node id="4535743746" visible="true" version="1" changeset="44138363" timestamp="2016-12-03T14:43:16Z" user="FRichard44" uid="2516858" lat="47.3641762" lon="-1.7692816"/>
 <node id="4535743747" visible="true" version="1" changeset="44138363" timestamp="2016-12-03T14:43:16Z" user="FRichard44" uid="2516858" lat="47.3637329" lon="-1.7690080"/>
 <node id="4535743748" visible="true" version="1" changeset="44138363" timestamp="2016-12-03T14:43:16Z" user="FRichard44" uid="2516858" lat="47.3632387" lon="-1.7708104"/>
 <node id="4535743749" visible="true" version="1" changeset="44138363" timestamp="2016-12-03T14:43:16Z" user="FRichard44" uid="2516858" lat="47.3628063" lon="-1.7699200"/>
 <node id="4535743750" visible="true" version="1" changeset="44138363" timestamp="2016-12-03T14:43:16Z" user="FRichard44" uid="2516858" lat="47.3632351" lon="-1.7682677"/>
 <node id="4535743751" visible="true" version="1" changeset="44138363" timestamp="2016-12-03T14:43:16Z" user="FRichard44" uid="2516858" lat="47.3638201" lon="-1.7685306"/>
 <node id="4535743752" visible="true" version="2" changeset="173627556" timestamp="2025-10-22T13:17:23Z" user="Falig44" uid="23098618" lat="47.3641253" lon="-1.7680089"/>
 <node id="4535743753" visible="true" version="1" changeset="44138363" timestamp="2016-12-03T14:43:16Z" user="FRichard44" uid="2516858" lat="47.3644124" lon="-1.7678976"/>
 <node id="4535743754" visible="true" version="1" changeset="44138363" timestamp="2016-12-03T14:43:16Z" user="FRichard44" uid="2516858" lat="47.3648775" lon="-1.7675650"/>
 <node id="4535743755" visible="true" version="1" changeset="44138363" timestamp="2016-12-03T14:43:16Z" user="FRichard44" uid="2516858" lat="47.3651500" lon="-1.7686325"/>
 <node id="4535743756" visible="true" version="1" changeset="44138363" timestamp="2016-12-03T14:43:16Z" user="FRichard44" uid="2516858" lat="47.3657131" lon="-1.7683267"/>
 <node id="4535743757" visible="true" version="1" changeset="44138363" timestamp="2016-12-03T14:43:16Z" user="FRichard44" uid="2516858" lat="47.3661710" lon="-1.7674845"/>
 <node id="4535743758" visible="true" version="2" changeset="173348894" timestamp="2025-10-16T06:26:06Z" user="Falig44" uid="23098618" lat="47.3664638" lon="-1.7670163"/>
 <node id="4535743759" visible="true" version="1" changeset="44138363" timestamp="2016-12-03T14:43:16Z" user="FRichard44" uid="2516858" lat="47.3668540" lon="-1.7678439"/>
 <node id="4535743760" visible="true" version="1" changeset="44138363" timestamp="2016-12-03T14:43:16Z" user="FRichard44" uid="2516858" lat="47.3673954" lon="-1.7683428"/>
 <node id="4535743761" visible="true" version="1" changeset="44138363" timestamp="2016-12-03T14:43:16Z" user="FRichard44" uid="2516858" lat="47.3671047" lon="-1.7684608"/>
 <node id="4535743762" visible="true" version="1" changeset="44138363" timestamp="2016-12-03T14:43:16Z" user="FRichard44" uid="2516858" lat="47.3670139" lon="-1.7688042"/>
 <node id="4535743763" visible="true" version="1" changeset="44138363" timestamp="2016-12-03T14:43:16Z" user="FRichard44" uid="2516858" lat="47.3672573" lon="-1.7692655"/>
 <node id="4535743764" visible="true" version="2" changeset="173626874" timestamp="2025-10-22T13:01:19Z" user="Falig44" uid="23098618" lat="47.3676754" lon="-1.7698375"/>
 <node id="4535743765" visible="true" version="1" changeset="44138363" timestamp="2016-12-03T14:43:16Z" user="FRichard44" uid="2516858" lat="47.3669812" lon="-1.7705100"/>
 <node id="4535743766" visible="true" version="1" changeset="44138363" timestamp="2016-12-03T14:43:16Z" user="FRichard44" uid="2516858" lat="47.3667886" lon="-1.7706012"/>
 <node id="4535743767" visible="true" version="2" changeset="173348894" timestamp="2025-10-16T06:26:06Z" user="Falig44" uid="23098618" lat="47.3668192" lon="-1.7707631"/>
 <node id="4535743768" visible="true" version="2" changeset="173348894" timestamp="2025-10-16T06:26:06Z" user="Falig44" uid="23098618" lat="47.3667499" lon="-1.7710159"/>
 <node id="4535743769" visible="true" version="2" changeset="173348894" timestamp="2025-10-16T06:26:06Z" user="Falig44" uid="23098618" lat="47.3663713" lon="-1.7726080"/>
 <node id="4535743770" visible="true" version="1" changeset="44138363" timestamp="2016-12-03T14:43:16Z" user="FRichard44" uid="2516858" lat="47.3642888" lon="-1.7692494"/>
 <node id="4535743771" visible="true" version="1" changeset="44138363" timestamp="2016-12-03T14:43:16Z" user="FRichard44" uid="2516858" lat="47.3646631" lon="-1.7693781"/>
 <node id="4535743772" visible="true" version="1" changeset="44138363" timestamp="2016-12-03T14:43:16Z" user="FRichard44" uid="2516858" lat="47.3651500" lon="-1.7692923"/>
 <node id="4535743773" visible="true" version="1" changeset="44138363" timestamp="2016-12-03T14:43:16Z" user="FRichard44" uid="2516858" lat="47.3655969" lon="-1.7691582"/>
 <node id="4535743774" visible="true" version="1" changeset="44138363" timestamp="2016-12-03T14:43:16Z" user="FRichard44" uid="2516858" lat="47.3660256" lon="-1.7691260"/>
 <node id="4535743775" visible="true" version="1" changeset="44138363" timestamp="2016-12-03T14:43:16Z" user="FRichard44" uid="2516858" lat="47.3664653" lon="-1.7687934"/>
 <node id="4535743776" visible="true" version="1" changeset="44138363" timestamp="2016-12-03T14:43:16Z" user="FRichard44" uid="2516858" lat="47.3670938" lon="-1.7682570"/>
 <node id="4535743777" visible="true" version="1" changeset="44138363" timestamp="2016-12-03T14:43:16Z" user="FRichard44" uid="2516858" lat="47.3673409" lon="-1.7679888"/>
 <node id="4535743778" visible="true" version="1" changeset="44138363" timestamp="2016-12-03T14:43:16Z" user="FRichard44" uid="2516858" lat="47.3680857" lon="-1.7668891"/>
 <node id="4535743779" visible="true" version="1" changeset="44138363" timestamp="2016-12-03T14:43:16Z" user="FRichard44" uid="2516858" lat="47.3684272" lon="-1.7663204"/>
 <node id="4535743780" visible="true" version="1" changeset="44138363" timestamp="2016-12-03T14:43:16Z" user="FRichard44" uid="2516858" lat="47.3687034" lon="-1.7659664"/>
 <node id="4535743781" visible="true" version="1" changeset="44138363" timestamp="2016-12-03T14:43:16Z" user="FRichard44" uid="2516858" lat="47.3690013" lon="-1.7658054"/>
 <node id="4535743782" visible="true" version="1" changeset="44138363" timestamp="2016-12-03T14:43:16Z" user="FRichard44" uid="2516858" lat="47.3692229" lon="-1.7655372"/>
 <node id="4535743783" visible="true" version="1" changeset="44138363" timestamp="2016-12-03T14:43:16Z" user="FRichard44" uid="2516858" lat="47.3694227" lon="-1.7651134"/>
 <node id="4535743784" visible="true" version="1" changeset="44138363" timestamp="2016-12-03T14:43:16Z" user="FRichard44" uid="2516858" lat="47.3697897" lon="-1.7641478"/>
 <node id="4535743785" visible="true" version="1" changeset="44138363" timestamp="2016-12-03T14:43:16Z" user="FRichard44" uid="2516858" lat="47.3700040" lon="-1.7635524"/>
 <node id="4535743786" visible="true" version="1" changeset="44138363" timestamp="2016-12-03T14:43:16Z" user="FRichard44" uid="2516858" lat="47.3702220" lon="-1.7631018"/>
 <node id="4535743787" visible="true" version="1" changeset="44138363" timestamp="2016-12-03T14:43:16Z" user="FRichard44" uid="2516858" lat="47.3704582" lon="-1.7626994"/>
 <node id="4535743788" visible="true" version="1" changeset="44138363" timestamp="2016-12-03T14:43:16Z" user="FRichard44" uid="2516858" lat="47.3705381" lon="-1.7624312"/>
 <node id="4535743789" visible="true" version="1" changeset="44138363" timestamp="2016-12-03T14:43:16Z" user="FRichard44" uid="2516858" lat="47.3706921" lon="-1.7619618"/>
 <node id="4535743790" visible="true" version="1" changeset="44138363" timestamp="2016-12-03T14:43:16Z" user="FRichard44" uid="2516858" lat="47.3708251" lon="-1.7612403"/>
 <node id="4535743791" visible="true" version="1" changeset="44138363" timestamp="2016-12-03T14:43:16Z" user="FRichard44" uid="2516858" lat="47.3707197" lon="-1.7603606"/>
 <node id="4535743792" visible="true" version="1" changeset="44138363" timestamp="2016-12-03T14:43:17Z" user="FRichard44" uid="2516858" lat="47.3704182" lon="-1.7589283"/>
 <node id="4535743793" visible="true" version="1" changeset="44138363" timestamp="2016-12-03T14:43:17Z" user="FRichard44" uid="2516858" lat="47.3704727" lon="-1.7582041"/>
 <node id="4535743794" visible="true" version="1" changeset="44138363" timestamp="2016-12-03T14:43:17Z" user="FRichard44" uid="2516858" lat="47.3706870" lon="-1.7573726"/>
 <node id="4535743795" visible="true" version="1" changeset="44138363" timestamp="2016-12-03T14:43:17Z" user="FRichard44" uid="2516858" lat="47.3714573" lon="-1.7542612"/>
 <node id="4535743796" visible="true" version="1" changeset="44138363" timestamp="2016-12-03T14:43:17Z" user="FRichard44" uid="2516858" lat="47.3714391" lon="-1.7537140"/>
 <node id="4535743797" visible="true" version="1" changeset="44138363" timestamp="2016-12-03T14:43:17Z" user="FRichard44" uid="2516858" lat="47.3714573" lon="-1.7533278"/>
 <node id="4535743798" visible="true" version="1" changeset="44138363" timestamp="2016-12-03T14:43:17Z" user="FRichard44" uid="2516858" lat="47.3717733" lon="-1.7529577"/>
 <node id="4535743799" visible="true" version="1" changeset="44138363" timestamp="2016-12-03T14:43:17Z" user="FRichard44" uid="2516858" lat="47.3722819" lon="-1.7534458"/>
 <node id="4535743800" visible="true" version="1" changeset="44138363" timestamp="2016-12-03T14:43:17Z" user="FRichard44" uid="2516858" lat="47.3724491" lon="-1.7532849"/>
 <node id="4535743801" visible="true" version="1" changeset="44138363" timestamp="2016-12-03T14:43:17Z" user="FRichard44" uid="2516858" lat="47.3714863" lon="-1.7525553"/>
 <node id="4535743802" visible="true" version="1" changeset="44138363" timestamp="2016-12-03T14:43:17Z" user="FRichard44" uid="2516858" lat="47.3713955" lon="-1.7520672"/>
 <node id="4535743803" visible="true" version="1" changeset="44138363" timestamp="2016-12-03T14:43:17Z" user="FRichard44" uid="2516858" lat="47.3705054" lon="-1.7516702"/>
 <node id="4535743804" visible="true" version="1" changeset="44138363" timestamp="2016-12-03T14:43:17Z" user="FRichard44" uid="2516858" lat="47.3704146" lon="-1.7522817"/>
 <node id="4535743805" visible="true" version="2" changeset="173628783" timestamp="2025-10-22T13:44:18Z" user="Falig44" uid="23098618" lat="47.3708121" lon="-1.7524530"/>
 <node id="4535743807" visible="true" version="1" changeset="44138363" timestamp="2016-12-03T14:43:17Z" user="FRichard44" uid="2516858" lat="47.3698369" lon="-1.7530489"/>
 <node id="4535743808" visible="true" version="1" changeset="44138363" timestamp="2016-12-03T14:43:17Z" user="FRichard44" uid="2516858" lat="47.3691175" lon="-1.7533063"/>
 <node id="4535743809" visible="true" version="1" changeset="44138363" timestamp="2016-12-03T14:43:17Z" user="FRichard44" uid="2516858" lat="47.3685980" lon="-1.7549479"/>
 <node id="4535743810" visible="true" version="1" changeset="44138363" timestamp="2016-12-03T14:43:17Z" user="FRichard44" uid="2516858" lat="47.3686380" lon="-1.7550605"/>
 <node id="4535743811" visible="true" version="1" changeset="44138363" timestamp="2016-12-03T14:43:17Z" user="FRichard44" uid="2516858" lat="47.3686162" lon="-1.7558169"/>
 <node id="4535743812" visible="true" version="1" changeset="44138363" timestamp="2016-12-03T14:43:17Z" user="FRichard44" uid="2516858" lat="47.3687252" lon="-1.7566430"/>
 <node id="4535743813" visible="true" version="1" changeset="44138363" timestamp="2016-12-03T14:43:17Z" user="FRichard44" uid="2516858" lat="47.3709159" lon="-1.7563265"/>
 <node id="4535743814" visible="true" version="1" changeset="44138363" timestamp="2016-12-03T14:43:17Z" user="FRichard44" uid="2516858" lat="47.3711157" lon="-1.7555379"/>
 <node id="4535743815" visible="true" version="1" changeset="44138363" timestamp="2016-12-03T14:43:17Z" user="FRichard44" uid="2516858" lat="47.3711775" lon="-1.7552536"/>
 <node id="4535743816" visible="true" version="1" changeset="44138363" timestamp="2016-12-03T14:43:17Z" user="FRichard44" uid="2516858" lat="47.3711702" lon="-1.7549479"/>
 <node id="4535743817" visible="true" version="1" changeset="44138363" timestamp="2016-12-03T14:43:17Z" user="FRichard44" uid="2516858" lat="47.3711339" lon="-1.7544704"/>
 <node id="4535743818" visible="true" version="1" changeset="44138363" timestamp="2016-12-03T14:43:17Z" user="FRichard44" uid="2516858" lat="47.3712901" lon="-1.7535853"/>
 <node id="4535743819" visible="true" version="1" changeset="44138363" timestamp="2016-12-03T14:43:17Z" user="FRichard44" uid="2516858" lat="47.3714500" lon="-1.7530971"/>
 <node id="4535743820" visible="true" version="1" changeset="44138363" timestamp="2016-12-03T14:43:17Z" user="FRichard44" uid="2516858" lat="47.3716244" lon="-1.7526358"/>
 <node id="4535743829" visible="true" version="1" changeset="44138363" timestamp="2016-12-03T14:43:17Z" user="FRichard44" uid="2516858" lat="47.3739821" lon="-1.7605590"/>
 <node id="4535743830" visible="true" version="1" changeset="44138363" timestamp="2016-12-03T14:43:17Z" user="FRichard44" uid="2516858" lat="47.3736770" lon="-1.7595023"/>
 <node id="4535743831" visible="true" version="1" changeset="44138363" timestamp="2016-12-03T14:43:17Z" user="FRichard44" uid="2516858" lat="47.3731320" lon="-1.7593735"/>
 <node id="4535743832" visible="true" version="1" changeset="44138363" timestamp="2016-12-03T14:43:17Z" user="FRichard44" uid="2516858" lat="47.3730267" lon="-1.7598509"/>
 <node id="4535743833" visible="true" version="1" changeset="44138363" timestamp="2016-12-03T14:43:17Z" user="FRichard44" uid="2516858" lat="47.3732628" lon="-1.7660898"/>
 <node id="4535743834" visible="true" version="1" changeset="44138363" timestamp="2016-12-03T14:43:17Z" user="FRichard44" uid="2516858" lat="47.3731502" lon="-1.7658698"/>
 <node id="4535743835" visible="true" version="1" changeset="44138363" timestamp="2016-12-03T14:43:17Z" user="FRichard44" uid="2516858" lat="47.3728959" lon="-1.7659556"/>
 <node id="4535743836" visible="true" version="1" changeset="44138363" timestamp="2016-12-03T14:43:17Z" user="FRichard44" uid="2516858" lat="47.3723255" lon="-1.7654514"/>
 <node id="4535743837" visible="true" version="1" changeset="44138363" timestamp="2016-12-03T14:43:17Z" user="FRichard44" uid="2516858" lat="47.3723401" lon="-1.7648345"/>
 <node id="4535743838" visible="true" version="1" changeset="44138363" timestamp="2016-12-03T14:43:17Z" user="FRichard44" uid="2516858" lat="47.3719913" lon="-1.7642176"/>
 <node id="4535743839" visible="true" version="2" changeset="173629445" timestamp="2025-10-22T13:58:15Z" user="Falig44" uid="23098618" lat="47.3714824" lon="-1.7627989"/>
 <node id="4535743840" visible="true" version="1" changeset="44138363" timestamp="2016-12-03T14:43:17Z" user="FRichard44" uid="2516858" lat="47.3734081" lon="-1.7660200"/>
 <node id="4535743841" visible="true" version="1" changeset="44138363" timestamp="2016-12-03T14:43:17Z" user="FRichard44" uid="2516858" lat="47.3728160" lon="-1.7603981"/>
 <node id="4535743842" visible="true" version="1" changeset="44138363" timestamp="2016-12-03T14:43:17Z" user="FRichard44" uid="2516858" lat="47.3722856" lon="-1.7616319"/>
 <node id="4535743843" visible="true" version="1" changeset="44138363" timestamp="2016-12-03T14:43:17Z" user="FRichard44" uid="2516858" lat="47.3725907" lon="-1.7626404"/>
 <node id="4535743844" visible="true" version="2" changeset="173629445" timestamp="2025-10-22T13:58:15Z" user="Falig44" uid="23098618" lat="47.3715696" lon="-1.7627559"/>
 <node id="4535743846" visible="true" version="2" changeset="173348894" timestamp="2025-10-16T06:26:06Z" user="Falig44" uid="23098618" lat="47.3711382" lon="-1.7638006"/>
 <node id="4535743847" visible="true" version="2" changeset="173348894" timestamp="2025-10-16T06:26:06Z" user="Falig44" uid="23098618" lat="47.3709446" lon="-1.7648674"/>
 <node id="4535743848" visible="true" version="2" changeset="173348894" timestamp="2025-10-16T06:26:06Z" user="Falig44" uid="23098618" lat="47.3707209" lon="-1.7659035"/>
 <node id="4535743849" visible="true" version="1" changeset="44138363" timestamp="2016-12-03T14:43:17Z" user="FRichard44" uid="2516858" lat="47.3703237" lon="-1.7657786"/>
 <node id="4535743850" visible="true" version="1" changeset="44138363" timestamp="2016-12-03T14:43:17Z" user="FRichard44" uid="2516858" lat="47.3700258" lon="-1.7664653"/>
 <node id="4535743851" visible="true" version="1" changeset="44138363" timestamp="2016-12-03T14:43:17Z" user="FRichard44" uid="2516858" lat="47.3693719" lon="-1.7664063"/>
 <node id="4535743852" visible="true" version="1" changeset="44138363" timestamp="2016-12-03T14:43:17Z" user="FRichard44" uid="2516858" lat="47.3691866" lon="-1.7666369"/>
 <node id="4535743853" visible="true" version="1" changeset="44138363" timestamp="2016-12-03T14:43:17Z" user="FRichard44" uid="2516858" lat="47.3690013" lon="-1.7670071"/>
 <node id="4535743854" visible="true" version="1" changeset="44138363" timestamp="2016-12-03T14:43:17Z" user="FRichard44" uid="2516858" lat="47.3686016" lon="-1.7671036"/>
 <node id="4535743855" visible="true" version="1" changeset="44138363" timestamp="2016-12-03T14:43:17Z" user="FRichard44" uid="2516858" lat="47.3682020" lon="-1.7665350"/>
 <node id="4535743856" visible="true" version="1" changeset="44138363" timestamp="2016-12-03T14:43:17Z" user="FRichard44" uid="2516858" lat="47.3679622" lon="-1.7662024"/>
 <node id="4535743857" visible="true" version="1" changeset="44138363" timestamp="2016-12-03T14:43:17Z" user="FRichard44" uid="2516858" lat="47.3684527" lon="-1.7654192"/>
 <node id="4535743858" visible="true" version="1" changeset="44138363" timestamp="2016-12-03T14:43:17Z" user="FRichard44" uid="2516858" lat="47.3687942" lon="-1.7648506"/>
 <node id="4535743859" visible="true" version="1" changeset="44138363" timestamp="2016-12-03T14:43:17Z" user="FRichard44" uid="2516858" lat="47.3690885" lon="-1.7645555"/>
 <node id="4535743860" visible="true" version="1" changeset="44138363" timestamp="2016-12-03T14:43:17Z" user="FRichard44" uid="2516858" lat="47.3693864" lon="-1.7642605"/>
 <node id="4535743861" visible="true" version="1" changeset="44138363" timestamp="2016-12-03T14:43:17Z" user="FRichard44" uid="2516858" lat="47.3695499" lon="-1.7639225"/>
 <node id="4535743862" visible="true" version="1" changeset="44138363" timestamp="2016-12-03T14:43:17Z" user="FRichard44" uid="2516858" lat="47.3697497" lon="-1.7634075"/>
 <node id="4535743863" visible="true" version="1" changeset="44138363" timestamp="2016-12-03T14:43:17Z" user="FRichard44" uid="2516858" lat="47.3701603" lon="-1.7627799"/>
 <node id="4535743864" visible="true" version="1" changeset="44138363" timestamp="2016-12-03T14:43:17Z" user="FRichard44" uid="2516858" lat="47.3693937" lon="-1.7626780"/>
 <node id="4535743865" visible="true" version="1" changeset="44138363" timestamp="2016-12-03T14:43:17Z" user="FRichard44" uid="2516858" lat="47.3691648" lon="-1.7623722"/>
 <node id="4535743866" visible="true" version="1" changeset="44138363" timestamp="2016-12-03T14:43:17Z" user="FRichard44" uid="2516858" lat="47.3689758" lon="-1.7612511"/>
 <node id="4535743867" visible="true" version="1" changeset="44138363" timestamp="2016-12-03T14:43:17Z" user="FRichard44" uid="2516858" lat="47.3678423" lon="-1.7599529"/>
 <node id="4535743868" visible="true" version="1" changeset="44138363" timestamp="2016-12-03T14:43:17Z" user="FRichard44" uid="2516858" lat="47.3673264" lon="-1.7603123"/>
 <node id="4535743869" visible="true" version="1" changeset="44138363" timestamp="2016-12-03T14:43:17Z" user="FRichard44" uid="2516858" lat="47.3670030" lon="-1.7597651"/>
 <node id="4535743870" visible="true" version="1" changeset="44138363" timestamp="2016-12-03T14:43:17Z" user="FRichard44" uid="2516858" lat="47.3671629" lon="-1.7596095"/>
 <node id="4535743871" visible="true" version="1" changeset="44138363" timestamp="2016-12-03T14:43:17Z" user="FRichard44" uid="2516858" lat="47.3673990" lon="-1.7596203"/>
 <node id="4535743872" visible="true" version="1" changeset="44138363" timestamp="2016-12-03T14:43:17Z" user="FRichard44" uid="2516858" lat="47.3676061" lon="-1.7598027"/>
 <node id="4535743873" visible="true" version="1" changeset="44138363" timestamp="2016-12-03T14:43:17Z" user="FRichard44" uid="2516858" lat="47.3677406" lon="-1.7597705"/>
 <node id="4535743874" visible="true" version="1" changeset="44138363" timestamp="2016-12-03T14:43:17Z" user="FRichard44" uid="2516858" lat="47.3679513" lon="-1.7595344"/>
 <node id="4535743875" visible="true" version="1" changeset="44138363" timestamp="2016-12-03T14:43:18Z" user="FRichard44" uid="2516858" lat="47.3683618" lon="-1.7592662"/>
 <node id="4535743876" visible="true" version="1" changeset="44138363" timestamp="2016-12-03T14:43:18Z" user="FRichard44" uid="2516858" lat="47.3685399" lon="-1.7590838"/>
 <node id="4535743877" visible="true" version="1" changeset="44138363" timestamp="2016-12-03T14:43:18Z" user="FRichard44" uid="2516858" lat="47.3693246" lon="-1.7589551"/>
 <node id="4535743878" visible="true" version="1" changeset="44138363" timestamp="2016-12-03T14:43:18Z" user="FRichard44" uid="2516858" lat="47.3694845" lon="-1.7585581"/>
 <node id="4535743879" visible="true" version="1" changeset="44138363" timestamp="2016-12-03T14:43:18Z" user="FRichard44" uid="2516858" lat="47.3710653" lon="-1.7612684"/>
 <node id="4535743880" visible="true" version="1" changeset="44138363" timestamp="2016-12-03T14:43:18Z" user="FRichard44" uid="2516858" lat="47.3710940" lon="-1.7584937"/>
 <node id="4535743881" visible="true" version="1" changeset="44138363" timestamp="2016-12-03T14:43:18Z" user="FRichard44" uid="2516858" lat="47.3714827" lon="-1.7584562"/>
 <node id="4535743882" visible="true" version="1" changeset="44138363" timestamp="2016-12-03T14:43:18Z" user="FRichard44" uid="2516858" lat="47.3718242" lon="-1.7587405"/>
 <node id="4535743883" visible="true" version="1" changeset="44138363" timestamp="2016-12-03T14:43:18Z" user="FRichard44" uid="2516858" lat="47.3722565" lon="-1.7586064"/>
 <node id="4535743884" visible="true" version="1" changeset="44138363" timestamp="2016-12-03T14:43:18Z" user="FRichard44" uid="2516858" lat="47.3726416" lon="-1.7586976"/>
 <node id="4535743885" visible="true" version="1" changeset="44138363" timestamp="2016-12-03T14:43:18Z" user="FRichard44" uid="2516858" lat="47.3729250" lon="-1.7584937"/>
 <node id="4535743886" visible="true" version="1" changeset="44138363" timestamp="2016-12-03T14:43:18Z" user="FRichard44" uid="2516858" lat="47.3735862" lon="-1.7585742"/>
 <node id="4535743887" visible="true" version="1" changeset="44138363" timestamp="2016-12-03T14:43:18Z" user="FRichard44" uid="2516858" lat="47.3738441" lon="-1.7590516"/>
 <node id="4535743888" visible="true" version="1" changeset="44138363" timestamp="2016-12-03T14:43:18Z" user="FRichard44" uid="2516858" lat="47.3744217" lon="-1.7590409"/>
 <node id="4535743889" visible="true" version="1" changeset="44138363" timestamp="2016-12-03T14:43:18Z" user="FRichard44" uid="2516858" lat="47.3743600" lon="-1.7593199"/>
 <node id="4535743890" visible="true" version="1" changeset="44138363" timestamp="2016-12-03T14:43:18Z" user="FRichard44" uid="2516858" lat="47.3739131" lon="-1.7593896"/>
 <node id="4535743891" visible="true" version="1" changeset="44138363" timestamp="2016-12-03T14:43:18Z" user="FRichard44" uid="2516858" lat="47.3741638" lon="-1.7604088"/>
 <node id="4535743898" visible="true" version="1" changeset="44138363" timestamp="2016-12-03T14:43:18Z" user="FRichard44" uid="2516858" lat="47.3728741" lon="-1.7548459"/>
 <node id="4535743899" visible="true" version="1" changeset="44138363" timestamp="2016-12-03T14:43:18Z" user="FRichard44" uid="2516858" lat="47.3722129" lon="-1.7547601"/>
 <node id="4535743900" visible="true" version="1" changeset="44138363" timestamp="2016-12-03T14:43:18Z" user="FRichard44" uid="2516858" lat="47.3721366" lon="-1.7560368"/>
 <node id="4535743914" visible="true" version="1" changeset="44138363" timestamp="2016-12-03T14:43:18Z" user="FRichard44" uid="2516858" lat="47.3719259" lon="-1.7510533"/>
 <node id="4535743915" visible="true" version="1" changeset="44138363" timestamp="2016-12-03T14:43:18Z" user="FRichard44" uid="2516858" lat="47.3720676" lon="-1.7504632"/>
 <node id="4535743916" visible="true" version="1" changeset="44138363" timestamp="2016-12-03T14:43:18Z" user="FRichard44" uid="2516858" lat="47.3724454" lon="-1.7502808"/>
 <node id="4535743917" visible="true" version="1" changeset="44138363" timestamp="2016-12-03T14:43:18Z" user="FRichard44" uid="2516858" lat="47.3722674" lon="-1.7492401"/>
 <node id="4535743918" visible="true" version="1" changeset="44138363" timestamp="2016-12-03T14:43:18Z" user="FRichard44" uid="2516858" lat="47.3718060" lon="-1.7494440"/>
 <node id="4535743919" visible="true" version="1" changeset="44138363" timestamp="2016-12-03T14:43:18Z" user="FRichard44" uid="2516858" lat="47.3715771" lon="-1.7512518"/>
 <node id="4535743932" visible="true" version="2" changeset="54812892" timestamp="2017-12-21T12:04:49Z" user="vinc44" uid="1060302" lat="47.3744002" lon="-1.7448562"/>
 <node id="4535743933" visible="true" version="1" changeset="44138363" timestamp="2016-12-03T14:43:18Z" user="FRichard44" uid="2516858" lat="47.3724542" lon="-1.7469012"/>
 <node id="4535743963" visible="true" version="1" changeset="44138363" timestamp="2016-12-03T14:43:19Z" user="FRichard44" uid="2516858" lat="47.3767008" lon="-1.7504527"/>
 <node id="4535744199" visible="true" version="1" changeset="44138363" timestamp="2016-12-03T14:43:20Z" user="FRichard44" uid="2516858" lat="47.3934616" lon="-1.7399937"/>
 <node id="4535744345" visible="true" version="1" changeset="44138363" timestamp="2016-12-03T14:43:22Z" user="FRichard44" uid="2516858" lat="47.3957750" lon="-1.7388350"/>
 <node id="4535744349" visible="true" version="1" changeset="44138363" timestamp="2016-12-03T14:43:22Z" user="FRichard44" uid="2516858" lat="47.3967993" lon="-1.7396828"/>
 <node id="4535744362" visible="true" version="1" changeset="44138363" timestamp="2016-12-03T14:43:22Z" user="FRichard44" uid="2516858" lat="47.3962755" lon="-1.7389688"/>
 <node id="4535744378" visible="true" version="1" changeset="44138363" timestamp="2016-12-03T14:43:22Z" user="FRichard44" uid="2516858" lat="47.3982565" lon="-1.7386784"/>
 <node id="4535744410" visible="true" version="1" changeset="44138363" timestamp="2016-12-03T14:43:23Z" user="FRichard44" uid="2516858" lat="47.4012782" lon="-1.7369705"/>
 <node id="4538151245" visible="true" version="1" changeset="44161832" timestamp="2016-12-04T17:06:01Z" user="FRichard44" uid="2516858" lat="47.3590125" lon="-1.7963098"/>
 <node id="4538151370" visible="true" version="1" changeset="44161832" timestamp="2016-12-04T17:06:02Z" user="FRichard44" uid="2516858" lat="47.3678806" lon="-1.7870247"/>
 <node id="4538151373" visible="true" version="1" changeset="44161832" timestamp="2016-12-04T17:06:02Z" user="FRichard44" uid="2516858" lat="47.3684836" lon="-1.7839289"/>
 <node id="5297439508" visible="true" version="1" changeset="54812892" timestamp="2017-12-21T12:04:47Z" user="vinc44" uid="1060302" lat="47.3719734" lon="-1.7474414"/>
 <node id="5297439509" visible="true" version="1" changeset="54812892" timestamp="2017-12-21T12:04:47Z" user="vinc44" uid="1060302" lat="47.3694078" lon="-1.7478726"/>
 <node id="5297439510" visible="true" version="1" changeset="54812892" timestamp="2017-12-21T12:04:47Z" user="vinc44" uid="1060302" lat="47.3586155" lon="-1.7651655"/>
 <node id="5297439511" visible="true" version="1" changeset="54812892" timestamp="2017-12-21T12:04:47Z" user="vinc44" uid="1060302" lat="47.3584236" lon="-1.7658896"/>
 <node id="6267527428" visible="true" version="4" changeset="166220597" timestamp="2025-05-13T19:29:12Z" user="FRichard44" uid="2516858" lat="47.3684664" lon="-1.7735245">
  <tag k="frequency" v="50"/>
  <tag k="operator" v="Enedis"/>
  <tag k="operator:wikidata" v="Q3587594"/>
  <tag k="power" v="pole"/>
  <tag k="transformer" v="main"/>
  <tag k="voltage:primary" v="20000"/>
  <tag k="voltage:secondary" v="400"/>
 </node>
 <node id="6267527429" visible="true" version="4" changeset="166220597" timestamp="2025-05-13T19:29:12Z" user="FRichard44" uid="2516858" lat="47.3695110" lon="-1.7735007">
  <tag k="line_management" v="branch"/>
  <tag k="location:transition" v="yes"/>
  <tag k="operator" v="Enedis"/>
  <tag k="operator:wikidata" v="Q3587594"/>
  <tag k="power" v="pole"/>
 </node>
 <node id="6267527430" visible="true" version="3" changeset="128104501" timestamp="2022-10-26T22:56:08Z" user="InfosReseaux" uid="93222" lat="47.3706654" lon="-1.7734763">
  <tag k="operator" v="Enedis"/>
  <tag k="operator:wikidata" v="Q3587594"/>
  <tag k="power" v="pole"/>
 </node>
 <node id="6267527431" visible="true" version="3" changeset="128104501" timestamp="2022-10-26T22:56:08Z" user="InfosReseaux" uid="93222" lat="47.3719100" lon="-1.7737116">
  <tag k="operator" v="Enedis"/>
  <tag k="operator:wikidata" v="Q3587594"/>
  <tag k="power" v="pole"/>
 </node>
 <node id="6267527432" visible="true" version="3" changeset="128104501" timestamp="2022-10-26T22:56:08Z" user="InfosReseaux" uid="93222" lat="47.3731138" lon="-1.7739435">
  <tag k="operator" v="Enedis"/>
  <tag k="operator:wikidata" v="Q3587594"/>
  <tag k="power" v="pole"/>
 </node>
 <node id="6267527433" visible="true" version="3" changeset="128104501" timestamp="2022-10-26T22:56:08Z" user="InfosReseaux" uid="93222" lat="47.3738252" lon="-1.7740648">
  <tag k="operator" v="Enedis"/>
  <tag k="operator:wikidata" v="Q3587594"/>
  <tag k="power" v="pole"/>
 </node>
 <node id="6267527434" visible="true" version="3" changeset="128104501" timestamp="2022-10-26T22:56:08Z" user="InfosReseaux" uid="93222" lat="47.3746779" lon="-1.7741777">
  <tag k="operator" v="Enedis"/>
  <tag k="operator:wikidata" v="Q3587594"/>
  <tag k="power" v="pole"/>
 </node>
 <node id="6267527438" visible="true" version="3" changeset="128104501" timestamp="2022-10-26T22:56:08Z" user="InfosReseaux" uid="93222" lat="47.3757259" lon="-1.7743078">
  <tag k="operator" v="Enedis"/>
  <tag k="operator:wikidata" v="Q3587594"/>
  <tag k="power" v="pole"/>
 </node>
 <node id="6267527439" visible="true" version="4" changeset="166220597" timestamp="2025-05-13T19:29:12Z" user="FRichard44" uid="2516858" lat="47.3768236" lon="-1.7744549">
  <tag k="line_management" v="branch"/>
  <tag k="operator" v="Enedis"/>
  <tag k="operator:wikidata" v="Q3587594"/>
  <tag k="power" v="pole"/>
 </node>
 <node id="6267527442" visible="true" version="3" changeset="128104501" timestamp="2022-10-26T22:56:08Z" user="InfosReseaux" uid="93222" lat="47.3781805" lon="-1.7746286">
  <tag k="operator" v="Enedis"/>
  <tag k="operator:wikidata" v="Q3587594"/>
  <tag k="power" v="pole"/>
 </node>
 <node id="6267527443" visible="true" version="4" changeset="166220597" timestamp="2025-05-13T19:29:12Z" user="FRichard44" uid="2516858" lat="47.3791064" lon="-1.7747616">
  <tag k="line_management" v="branch"/>
  <tag k="operator" v="Enedis"/>
  <tag k="operator:wikidata" v="Q3587594"/>
  <tag k="power" v="pole"/>
 </node>
 <node id="6267527444" visible="true" version="3" changeset="128104501" timestamp="2022-10-26T22:56:08Z" user="InfosReseaux" uid="93222" lat="47.3793907" lon="-1.7746043">
  <tag k="operator" v="Enedis"/>
  <tag k="operator:wikidata" v="Q3587594"/>
  <tag k="power" v="pole"/>
 </node>
 <node id="6267527445" visible="true" version="3" changeset="128104501" timestamp="2022-10-26T22:56:08Z" user="InfosReseaux" uid="93222" lat="47.3804183" lon="-1.7740672">
  <tag k="operator" v="Enedis"/>
  <tag k="operator:wikidata" v="Q3587594"/>
  <tag k="power" v="pole"/>
 </node>
 <node id="6267527446" visible="true" version="3" changeset="128104501" timestamp="2022-10-26T22:56:08Z" user="InfosReseaux" uid="93222" lat="47.3816437" lon="-1.7734365">
  <tag k="operator" v="Enedis"/>
  <tag k="operator:wikidata" v="Q3587594"/>
  <tag k="power" v="pole"/>
 </node>
 <node id="6267527452" visible="true" version="3" changeset="128104501" timestamp="2022-10-26T22:56:08Z" user="InfosReseaux" uid="93222" lat="47.3827708" lon="-1.7728644">
  <tag k="operator" v="Enedis"/>
  <tag k="operator:wikidata" v="Q3587594"/>
  <tag k="power" v="pole"/>
 </node>
 <node id="6267527454" visible="true" version="4" changeset="166169677" timestamp="2025-05-12T19:26:31Z" user="FRichard44" uid="2516858" lat="47.3853833" lon="-1.7717632">
  <tag k="line_management" v="branch"/>
  <tag k="operator" v="Enedis"/>
  <tag k="operator:wikidata" v="Q3587594"/>
  <tag k="power" v="pole"/>
 </node>
 <node id="6477867081" visible="true" version="1" changeset="70315639" timestamp="2019-05-16T11:59:26Z" user="MacDony" uid="3701940" lat="47.3674648" lon="-1.7311169"/>
 <node id="6477867082" visible="true" version="1" changeset="70315639" timestamp="2019-05-16T11:59:26Z" user="MacDony" uid="3701940" lat="47.3677662" lon="-1.7299457">
  <tag k="direction" v="forward"/>
  <tag k="highway" v="stop"/>
 </node>
 <node id="6477867083" visible="true" version="2" changeset="70738917" timestamp="2019-05-29T15:56:51Z" user="MacDony" uid="3701940" lat="47.3688664" lon="-1.7270646"/>
 <node id="6477877254" visible="true" version="1" changeset="70315752" timestamp="2019-05-16T12:02:30Z" user="MacDony" uid="3701940" lat="47.3816869" lon="-1.7556267">
  <tag k="direction" v="backward"/>
  <tag k="highway" v="stop"/>
 </node>
 <node id="6509149864" visible="true" version="1" changeset="70738917" timestamp="2019-05-29T15:56:51Z" user="MacDony" uid="3701940" lat="47.3712234" lon="-1.7244491"/>
 <node id="6509149865" visible="true" version="1" changeset="70738917" timestamp="2019-05-29T15:56:51Z" user="MacDony" uid="3701940" lat="47.3716850" lon="-1.7238876"/>
 <node id="6509149866" visible="true" version="1" changeset="70738917" timestamp="2019-05-29T15:56:51Z" user="MacDony" uid="3701940" lat="47.3698540" lon="-1.7257664"/>
 <node id="6509149867" visible="true" version="1" changeset="70738917" timestamp="2019-05-29T15:56:51Z" user="MacDony" uid="3701940" lat="47.3701175" lon="-1.7254788"/>
 <node id="6509149868" visible="true" version="1" changeset="70738917" timestamp="2019-05-29T15:56:51Z" user="MacDony" uid="3701940" lat="47.3689677" lon="-1.7268963"/>
 <node id="6848199601" visible="true" version="3" changeset="128104501" timestamp="2022-10-26T22:56:13Z" user="InfosReseaux" uid="93222" lat="47.3577790" lon="-1.7619699">
  <tag k="frequency" v="50"/>
  <tag k="operator" v="Enedis"/>
  <tag k="operator:wikidata" v="Q3587594"/>
  <tag k="power" v="pole"/>
  <tag k="transformer" v="distribution"/>
  <tag k="voltage:primary" v="20000"/>
  <tag k="voltage:secondary" v="400"/>
 </node>
 <node id="6848199602" visible="true" version="3" changeset="128104501" timestamp="2022-10-26T22:56:13Z" user="InfosReseaux" uid="93222" lat="47.3587111" lon="-1.7615166">
  <tag k="operator" v="Enedis"/>
  <tag k="operator:wikidata" v="Q3587594"/>
  <tag k="power" v="pole"/>
 </node>
 <node id="6848199603" visible="true" version="4" changeset="166220597" timestamp="2025-05-13T19:29:12Z" user="FRichard44" uid="2516858" lat="47.3598921" lon="-1.7601675">
  <tag k="line_management" v="transition"/>
  <tag k="location:transition" v="yes"/>
  <tag k="operator" v="Enedis"/>
  <tag k="operator:wikidata" v="Q3587594"/>
  <tag k="power" v="pole"/>
 </node>
 <node id="6848199604" visible="true" version="4" changeset="166220597" timestamp="2025-05-13T19:29:12Z" user="FRichard44" uid="2516858" lat="47.3590254" lon="-1.7595640">
  <tag k="line_management" v="branch"/>
  <tag k="operator" v="Enedis"/>
  <tag k="operator:wikidata" v="Q3587594"/>
  <tag k="power" v="pole"/>
 </node>
 <node id="6848199605" visible="true" version="3" changeset="128104501" timestamp="2022-10-26T22:56:13Z" user="InfosReseaux" uid="93222" lat="47.3581188" lon="-1.7589390">
  <tag k="operator" v="Enedis"/>
  <tag k="operator:wikidata" v="Q3587594"/>
  <tag k="power" v="pole"/>
 </node>
 <node id="6848199606" visible="true" version="3" changeset="128104501" timestamp="2022-10-26T22:56:13Z" user="InfosReseaux" uid="93222" lat="47.3573538" lon="-1.7584268">
  <tag k="operator" v="Enedis"/>
  <tag k="operator:wikidata" v="Q3587594"/>
  <tag k="power" v="pole"/>
 </node>
 <node id="6848199607" visible="true" version="3" changeset="128104501" timestamp="2022-10-26T22:56:13Z" user="InfosReseaux" uid="93222" lat="47.3564235" lon="-1.7577803">
  <tag k="operator" v="Enedis"/>
  <tag k="operator:wikidata" v="Q3587594"/>
  <tag k="power" v="pole"/>
 </node>
 <node id="6848199608" visible="true" version="3" changeset="128104501" timestamp="2022-10-26T22:56:13Z" user="InfosReseaux" uid="93222" lat="47.3555186" lon="-1.7571580">
  <tag k="operator" v="Enedis"/>
  <tag k="operator:wikidata" v="Q3587594"/>
  <tag k="power" v="pole"/>
 </node>
 <node id="6848199609" visible="true" version="3" changeset="128104501" timestamp="2022-10-26T22:56:13Z" user="InfosReseaux" uid="93222" lat="47.3558293" lon="-1.7505276">
  <tag k="frequency" v="50"/>
  <tag k="operator" v="Enedis"/>
  <tag k="operator:wikidata" v="Q3587594"/>
  <tag k="power" v="pole"/>
  <tag k="transformer" v="distribution"/>
  <tag k="voltage:primary" v="20000"/>
  <tag k="voltage:secondary" v="400"/>
 </node>
 <node id="6848199610" visible="true" version="3" changeset="128104501" timestamp="2022-10-26T22:56:13Z" user="InfosReseaux" uid="93222" lat="47.3555095" lon="-1.7517909">
  <tag k="operator" v="Enedis"/>
  <tag k="operator:wikidata" v="Q3587594"/>
  <tag k="power" v="pole"/>
 </node>
 <node id="6848199611" visible="true" version="3" changeset="128104501" timestamp="2022-10-26T22:56:13Z" user="InfosReseaux" uid="93222" lat="47.3552224" lon="-1.7529309">
  <tag k="operator" v="Enedis"/>
  <tag k="operator:wikidata" v="Q3587594"/>
  <tag k="power" v="pole"/>
 </node>
 <node id="6848199612" visible="true" version="3" changeset="128104501" timestamp="2022-10-26T22:56:13Z" user="InfosReseaux" uid="93222" lat="47.3549281" lon="-1.7541647">
  <tag k="operator" v="Enedis"/>
  <tag k="operator:wikidata" v="Q3587594"/>
  <tag k="power" v="pole"/>
 </node>
 <node id="6848199613" visible="true" version="3" changeset="128104501" timestamp="2022-10-26T22:56:13Z" user="InfosReseaux" uid="93222" lat="47.3546283" lon="-1.7554039">
  <tag k="operator" v="Enedis"/>
  <tag k="operator:wikidata" v="Q3587594"/>
  <tag k="power" v="pole"/>
 </node>
 <node id="6848199614" visible="true" version="3" changeset="128104501" timestamp="2022-10-26T22:56:13Z" user="InfosReseaux" uid="93222" lat="47.3544938" lon="-1.7564660">
  <tag k="operator" v="Enedis"/>
  <tag k="operator:wikidata" v="Q3587594"/>
  <tag k="power" v="pole"/>
 </node>
 <node id="6848199615" visible="true" version="4" changeset="166220597" timestamp="2025-05-13T19:29:12Z" user="FRichard44" uid="2516858" lat="47.3543321" lon="-1.7565867">
  <tag k="line_management" v="branch"/>
  <tag k="operator" v="Enedis"/>
  <tag k="operator:wikidata" v="Q3587594"/>
  <tag k="power" v="pole"/>
 </node>
 <node id="6848199616" visible="true" version="3" changeset="128104501" timestamp="2022-10-26T22:56:13Z" user="InfosReseaux" uid="93222" lat="47.3537560" lon="-1.7585850">
  <tag k="frequency" v="50"/>
  <tag k="operator" v="Enedis"/>
  <tag k="operator:wikidata" v="Q3587594"/>
  <tag k="power" v="pole"/>
  <tag k="transformer" v="distribution"/>
  <tag k="voltage:primary" v="20000"/>
  <tag k="voltage:secondary" v="400"/>
 </node>
 <node id="6848199617" visible="true" version="4" changeset="166220597" timestamp="2025-05-13T19:29:12Z" user="FRichard44" uid="2516858" lat="47.3533113" lon="-1.7580110">
  <tag k="line_management" v="branch"/>
  <tag k="operator" v="Enedis"/>
  <tag k="operator:wikidata" v="Q3587594"/>
  <tag k="power" v="pole"/>
 </node>
 <node id="6848199618" visible="true" version="3" changeset="128104501" timestamp="2022-10-26T22:56:13Z" user="InfosReseaux" uid="93222" lat="47.3524150" lon="-1.7592984">
  <tag k="operator" v="Enedis"/>
  <tag k="operator:wikidata" v="Q3587594"/>
  <tag k="power" v="pole"/>
 </node>
 <node id="6848199619" visible="true" version="3" changeset="128104501" timestamp="2022-10-26T22:56:13Z" user="InfosReseaux" uid="93222" lat="47.3514483" lon="-1.7598617">
  <tag k="operator" v="Enedis"/>
  <tag k="operator:wikidata" v="Q3587594"/>
  <tag k="power" v="pole"/>
 </node>
 <node id="6848199620" visible="true" version="3" changeset="128104501" timestamp="2022-10-26T22:56:13Z" user="InfosReseaux" uid="93222" lat="47.3503598" lon="-1.7604974">
  <tag k="operator" v="Enedis"/>
  <tag k="operator:wikidata" v="Q3587594"/>
  <tag k="power" v="pole"/>
 </node>
 <node id="6848199621" visible="true" version="3" changeset="128104501" timestamp="2022-10-26T22:56:13Z" user="InfosReseaux" uid="93222" lat="47.3492421" lon="-1.7611384">
  <tag k="operator" v="Enedis"/>
  <tag k="operator:wikidata" v="Q3587594"/>
  <tag k="power" v="pole"/>
 </node>
 <node id="6848199622" visible="true" version="3" changeset="128104501" timestamp="2022-10-26T22:56:13Z" user="InfosReseaux" uid="93222" lat="47.3479119" lon="-1.7619029">
  <tag k="operator" v="Enedis"/>
  <tag k="operator:wikidata" v="Q3587594"/>
  <tag k="power" v="pole"/>
 </node>
 <node id="6848199623" visible="true" version="3" changeset="128104501" timestamp="2022-10-26T22:56:13Z" user="InfosReseaux" uid="93222" lat="47.3459178" lon="-1.7631162">
  <tag k="operator" v="Enedis"/>
  <tag k="operator:wikidata" v="Q3587594"/>
  <tag k="power" v="pole"/>
 </node>
 <node id="6848199624" visible="true" version="4" changeset="166220597" timestamp="2025-05-13T19:29:12Z" user="FRichard44" uid="2516858" lat="47.3449730" lon="-1.7636813">
  <tag k="line_management" v="branch"/>
  <tag k="operator" v="Enedis"/>
  <tag k="operator:wikidata" v="Q3587594"/>
  <tag k="power" v="pole"/>
 </node>
 <node id="6848199625" visible="true" version="3" changeset="128104501" timestamp="2022-10-26T22:56:13Z" user="InfosReseaux" uid="93222" lat="47.3467670" lon="-1.7626083">
  <tag k="operator" v="Enedis"/>
  <tag k="operator:wikidata" v="Q3587594"/>
  <tag k="power" v="pole"/>
 </node>
 <node id="8643845443" visible="true" version="1" changeset="103204011" timestamp="2021-04-19T14:10:14Z" user="Gaby44" uid="378401" lat="47.3753658" lon="-1.7188471">
  <tag k="highway" v="crossing"/>
 </node>
 <node id="8963584581" visible="true" version="2" changeset="128104523" timestamp="2022-10-26T22:57:03Z" user="InfosReseaux" uid="93222" lat="47.3840950" lon="-1.7721865">
  <tag k="operator" v="Enedis"/>
  <tag k="operator:wikidata" v="Q3587594"/>
  <tag k="power" v="pole"/>
 </node>
 <node id="9752352895" visible="true" version="1" changeset="121157183" timestamp="2022-05-18T17:08:30Z" user="Frêne" uid="16004379" lat="47.3580649" lon="-1.7671477">
  <tag k="access" v="private"/>
  <tag k="castle_type" v="manor"/>
  <tag k="historic" v="castle"/>
 </node>
 <node id="9752370727" visible="true" version="1" changeset="121156728" timestamp="2022-05-18T16:56:12Z" user="Frêne" uid="16004379" lat="47.3587729" lon="-1.7767733"/>
 <node id="9752370728" visible="true" version="1" changeset="121156728" timestamp="2022-05-18T16:56:12Z" user="Frêne" uid="16004379" lat="47.3585549" lon="-1.7768914"/>
 <node id="9752370729" visible="true" version="1" changeset="121156728" timestamp="2022-05-18T16:56:12Z" user="Frêne" uid="16004379" lat="47.3587875" lon="-1.7786579"/>
 <node id="9752370730" visible="true" version="1" changeset="121156728" timestamp="2022-05-18T16:56:12Z" user="Frêne" uid="16004379" lat="47.3573884" lon="-1.7791031"/>
 <node id="9752370731" visible="true" version="2" changeset="169686278" timestamp="2025-07-29T17:58:50Z" user="Koreller" uid="12419855" lat="47.3576765" lon="-1.7810013"/>
 <node id="9752370732" visible="true" version="1" changeset="121156728" timestamp="2022-05-18T16:56:12Z" user="Frêne" uid="16004379" lat="47.3568634" lon="-1.7792217"/>
 <node id="9752370733" visible="true" version="1" changeset="121156728" timestamp="2022-05-18T16:56:12Z" user="Frêne" uid="16004379" lat="47.3565166" lon="-1.7778177"/>
 <node id="9752370734" visible="true" version="1" changeset="121156728" timestamp="2022-05-18T16:56:12Z" user="Frêne" uid="16004379" lat="47.3563764" lon="-1.7774622"/>
 <node id="10931232539" visible="true" version="1" changeset="136616227" timestamp="2023-05-27T09:03:48Z" user="Frêne" uid="16004379" lat="47.3561176" lon="-1.7501926"/>
 <node id="10931232540" visible="true" version="1" changeset="136616227" timestamp="2023-05-27T09:03:48Z" user="Frêne" uid="16004379" lat="47.3560089" lon="-1.7501570"/>
 <node id="10931232541" visible="true" version="1" changeset="136616227" timestamp="2023-05-27T09:03:48Z" user="Frêne" uid="16004379" lat="47.3560835" lon="-1.7501809"/>
 <node id="10931232542" visible="true" version="1" changeset="136616227" timestamp="2023-05-27T09:03:48Z" user="Frêne" uid="16004379" lat="47.3561173" lon="-1.7499669"/>
 <node id="10931232543" visible="true" version="1" changeset="136616227" timestamp="2023-05-27T09:03:48Z" user="Frêne" uid="16004379" lat="47.3560451" lon="-1.7499401"/>
 <node id="10931232544" visible="true" version="1" changeset="136616227" timestamp="2023-05-27T09:03:48Z" user="Frêne" uid="16004379" lat="47.3559392" lon="-1.7498464"/>
 <node id="10931232545" visible="true" version="1" changeset="136616227" timestamp="2023-05-27T09:03:48Z" user="Frêne" uid="16004379" lat="47.3559525" lon="-1.7497524"/>
 <node id="10931232546" visible="true" version="1" changeset="136616227" timestamp="2023-05-27T09:03:48Z" user="Frêne" uid="16004379" lat="47.3564747" lon="-1.7502999"/>
 <node id="10931232547" visible="true" version="1" changeset="136616227" timestamp="2023-05-27T09:03:48Z" user="Frêne" uid="16004379" lat="47.3570525" lon="-1.7503817"/>
 <node id="10931232548" visible="true" version="1" changeset="136616227" timestamp="2023-05-27T09:03:48Z" user="Frêne" uid="16004379" lat="47.3569953" lon="-1.7504380"/>
 <node id="10931232549" visible="true" version="1" changeset="136616227" timestamp="2023-05-27T09:03:48Z" user="Frêne" uid="16004379" lat="47.3564847" lon="-1.7505212"/>
 <node id="10931232550" visible="true" version="1" changeset="136616227" timestamp="2023-05-27T09:03:48Z" user="Frêne" uid="16004379" lat="47.3565233" lon="-1.7498674"/>
 <node id="10931232551" visible="true" version="1" changeset="136616227" timestamp="2023-05-27T09:03:48Z" user="Frêne" uid="16004379" lat="47.3567195" lon="-1.7486845"/>
 <node id="10931232552" visible="true" version="1" changeset="136616227" timestamp="2023-05-27T09:03:48Z" user="Frêne" uid="16004379" lat="47.3562873" lon="-1.7497364"/>
 <node id="10931232553" visible="true" version="1" changeset="136616227" timestamp="2023-05-27T09:03:48Z" user="Frêne" uid="16004379" lat="47.3562568" lon="-1.7492821"/>
 <node id="10931232554" visible="true" version="1" changeset="136616227" timestamp="2023-05-27T09:03:48Z" user="Frêne" uid="16004379" lat="47.3562975" lon="-1.7495059"/>
 <node id="10931232555" visible="true" version="1" changeset="136616227" timestamp="2023-05-27T09:03:48Z" user="Frêne" uid="16004379" lat="47.3562480" lon="-1.7494934"/>
 <node id="10931232556" visible="true" version="1" changeset="136616227" timestamp="2023-05-27T09:03:48Z" user="Frêne" uid="16004379" lat="47.3548949" lon="-1.7482643"/>
 <node id="10931232557" visible="true" version="1" changeset="136616227" timestamp="2023-05-27T09:03:48Z" user="Frêne" uid="16004379" lat="47.3586155" lon="-1.7537271"/>
 <node id="10931232558" visible="true" version="1" changeset="136616227" timestamp="2023-05-27T09:03:48Z" user="Frêne" uid="16004379" lat="47.3583176" lon="-1.7539792"/>
 <node id="10931232559" visible="true" version="1" changeset="136616227" timestamp="2023-05-27T09:03:48Z" user="Frêne" uid="16004379" lat="47.3584738" lon="-1.7526435"/>
 <node id="10931232560" visible="true" version="1" changeset="136616227" timestamp="2023-05-27T09:03:48Z" user="Frêne" uid="16004379" lat="47.3592558" lon="-1.7530807"/>
 <node id="10931232561" visible="true" version="1" changeset="136616227" timestamp="2023-05-27T09:03:48Z" user="Frêne" uid="16004379" lat="47.3591187" lon="-1.7515899"/>
 <node id="10931232562" visible="true" version="1" changeset="136616227" timestamp="2023-05-27T09:03:48Z" user="Frêne" uid="16004379" lat="47.3595531" lon="-1.7506318"/>
 <node id="10931232563" visible="true" version="1" changeset="136616227" timestamp="2023-05-27T09:03:48Z" user="Frêne" uid="16004379" lat="47.3598038" lon="-1.7499720"/>
 <node id="10931232564" visible="true" version="1" changeset="136616227" timestamp="2023-05-27T09:03:48Z" user="Frêne" uid="16004379" lat="47.3597747" lon="-1.7486845"/>
 <node id="10931232565" visible="true" version="1" changeset="136616227" timestamp="2023-05-27T09:03:48Z" user="Frêne" uid="16004379" lat="47.3600462" lon="-1.7521694"/>
 <node id="10931232566" visible="true" version="1" changeset="136616227" timestamp="2023-05-27T09:03:48Z" user="Frêne" uid="16004379" lat="47.3591452" lon="-1.7531169"/>
 <node id="10931232567" visible="true" version="1" changeset="136616227" timestamp="2023-05-27T09:03:48Z" user="Frêne" uid="16004379" lat="47.3591561" lon="-1.7530284"/>
 <node id="10931232568" visible="true" version="1" changeset="136616227" timestamp="2023-05-27T09:03:48Z" user="Frêne" uid="16004379" lat="47.3590289" lon="-1.7529613"/>
 <node id="10931232569" visible="true" version="1" changeset="136616227" timestamp="2023-05-27T09:03:48Z" user="Frêne" uid="16004379" lat="47.3589308" lon="-1.7530149"/>
 <node id="10931232570" visible="true" version="1" changeset="136616227" timestamp="2023-05-27T09:03:48Z" user="Frêne" uid="16004379" lat="47.3589544" lon="-1.7532510"/>
 <node id="10931232571" visible="true" version="1" changeset="136616227" timestamp="2023-05-27T09:03:48Z" user="Frêne" uid="16004379" lat="47.3590253" lon="-1.7532215"/>
 <node id="10931232572" visible="true" version="1" changeset="136616227" timestamp="2023-05-27T09:03:48Z" user="Frêne" uid="16004379" lat="47.3596621" lon="-1.7480274"/>
 <node id="10931232574" visible="true" version="1" changeset="136616227" timestamp="2023-05-27T09:03:48Z" user="Frêne" uid="16004379" lat="47.3590589" lon="-1.7464610"/>
 <node id="10931232575" visible="true" version="1" changeset="136616227" timestamp="2023-05-27T09:03:48Z" user="Frêne" uid="16004379" lat="47.3590371" lon="-1.7453022"/>
 <node id="10931232579" visible="true" version="1" changeset="136616227" timestamp="2023-05-27T09:03:48Z" user="Frêne" uid="16004379" lat="47.3613686" lon="-1.7479526"/>
 <node id="10931232582" visible="true" version="1" changeset="136616227" timestamp="2023-05-27T09:03:48Z" user="Frêne" uid="16004379" lat="47.3625309" lon="-1.7499773"/>
 <node id="10931232583" visible="true" version="1" changeset="136616227" timestamp="2023-05-27T09:03:48Z" user="Frêne" uid="16004379" lat="47.3620443" lon="-1.7493074"/>
 <node id="10931232584" visible="true" version="1" changeset="136616227" timestamp="2023-05-27T09:03:48Z" user="Frêne" uid="16004379" lat="47.3627780" lon="-1.7503528"/>
 <node id="10931232585" visible="true" version="1" changeset="136616227" timestamp="2023-05-27T09:03:48Z" user="Frêne" uid="16004379" lat="47.3555394" lon="-1.7534749"/>
 <node id="10931232586" visible="true" version="1" changeset="136616227" timestamp="2023-05-27T09:03:48Z" user="Frêne" uid="16004379" lat="47.3545981" lon="-1.7518978"/>
 <node id="10931232587" visible="true" version="1" changeset="136616227" timestamp="2023-05-27T09:03:48Z" user="Frêne" uid="16004379" lat="47.3547617" lon="-1.7532014"/>
 <node id="10931232588" visible="true" version="1" changeset="136616227" timestamp="2023-05-27T09:03:48Z" user="Frêne" uid="16004379" lat="47.3608213" lon="-1.7565246"/>
 <node id="10931232589" visible="true" version="1" changeset="136616227" timestamp="2023-05-27T09:03:48Z" user="Frêne" uid="16004379" lat="47.3596512" lon="-1.7570396"/>
 <node id="10931232590" visible="true" version="1" changeset="136616227" timestamp="2023-05-27T09:03:48Z" user="Frêne" uid="16004379" lat="47.3583793" lon="-1.7563744"/>
 <node id="10931232591" visible="true" version="1" changeset="136616227" timestamp="2023-05-27T09:03:48Z" user="Frêne" uid="16004379" lat="47.3582776" lon="-1.7556878"/>
 <node id="10931232592" visible="true" version="1" changeset="136616227" timestamp="2023-05-27T09:03:48Z" user="Frêne" uid="16004379" lat="47.3581104" lon="-1.7556878"/>
 <node id="10931232593" visible="true" version="1" changeset="136616227" timestamp="2023-05-27T09:03:48Z" user="Frêne" uid="16004379" lat="47.3581177" lon="-1.7555161"/>
 <node id="10931232594" visible="true" version="1" changeset="136616227" timestamp="2023-05-27T09:03:48Z" user="Frêne" uid="16004379" lat="47.3596221" lon="-1.7554625"/>
 <node id="10931232595" visible="true" version="1" changeset="136616227" timestamp="2023-05-27T09:03:48Z" user="Frêne" uid="16004379" lat="47.3594695" lon="-1.7564710"/>
 <node id="10931232596" visible="true" version="1" changeset="136616227" timestamp="2023-05-27T09:03:48Z" user="Frêne" uid="16004379" lat="47.3602399" lon="-1.7565890"/>
 <node id="10931232597" visible="true" version="1" changeset="136616227" timestamp="2023-05-27T09:03:48Z" user="Frêne" uid="16004379" lat="47.3604870" lon="-1.7552586"/>
 <node id="10931232598" visible="true" version="1" changeset="136616227" timestamp="2023-05-27T09:03:48Z" user="Frêne" uid="16004379" lat="47.3612355" lon="-1.7549260"/>
 <node id="10931232599" visible="true" version="1" changeset="136616227" timestamp="2023-05-27T09:03:48Z" user="Frêne" uid="16004379" lat="47.3596585" lon="-1.7555590"/>
 <node id="10931232600" visible="true" version="1" changeset="136616227" timestamp="2023-05-27T09:03:48Z" user="Frêne" uid="16004379" lat="47.3584684" lon="-1.7524933"/>
 <node id="10931232601" visible="true" version="1" changeset="136616227" timestamp="2023-05-27T09:03:48Z" user="Frêne" uid="16004379" lat="47.3570947" lon="-1.7518871"/>
 <node id="10931232602" visible="true" version="1" changeset="136616227" timestamp="2023-05-27T09:03:48Z" user="Frêne" uid="16004379" lat="47.3583121" lon="-1.7522519"/>
 <node id="10931232603" visible="true" version="1" changeset="136616227" timestamp="2023-05-27T09:03:48Z" user="Frêne" uid="16004379" lat="47.3585374" lon="-1.7523538"/>
 <node id="10931232604" visible="true" version="1" changeset="136616227" timestamp="2023-05-27T09:03:48Z" user="Frêne" uid="16004379" lat="47.3585629" lon="-1.7524879"/>
 <node id="10931233805" visible="true" version="1" changeset="136616227" timestamp="2023-05-27T09:03:48Z" user="Frêne" uid="16004379" lat="47.3585592" lon="-1.7526381"/>
 <node id="10931233806" visible="true" version="1" changeset="136616227" timestamp="2023-05-27T09:03:48Z" user="Frêne" uid="16004379" lat="47.3591695" lon="-1.7517830"/>
 <node id="10931233807" visible="true" version="1" changeset="136616227" timestamp="2023-05-27T09:03:48Z" user="Frêne" uid="16004379" lat="47.3594963" lon="-1.7527846"/>
 <node id="10931233808" visible="true" version="1" changeset="136616227" timestamp="2023-05-27T09:03:48Z" user="Frêne" uid="16004379" lat="47.3607242" lon="-1.7506295"/>
 <node id="10931233809" visible="true" version="1" changeset="136616227" timestamp="2023-05-27T09:03:48Z" user="Frêne" uid="16004379" lat="47.3599487" lon="-1.7492790"/>
 <node id="10931233810" visible="true" version="1" changeset="136616227" timestamp="2023-05-27T09:03:48Z" user="Frêne" uid="16004379" lat="47.3603520" lon="-1.7494131"/>
 <node id="10931233811" visible="true" version="1" changeset="136616227" timestamp="2023-05-27T09:03:48Z" user="Frêne" uid="16004379" lat="47.3610858" lon="-1.7518765"/>
 <node id="10931233812" visible="true" version="1" changeset="136616227" timestamp="2023-05-27T09:03:48Z" user="Frêne" uid="16004379" lat="47.3598483" lon="-1.7494135"/>
 <node id="10931233813" visible="true" version="1" changeset="136616227" timestamp="2023-05-27T09:03:48Z" user="Frêne" uid="16004379" lat="47.3598520" lon="-1.7492257"/>
 <node id="10931233814" visible="true" version="1" changeset="136616227" timestamp="2023-05-27T09:03:48Z" user="Frêne" uid="16004379" lat="47.3588731" lon="-1.7490698"/>
 <node id="10931233815" visible="true" version="1" changeset="136616227" timestamp="2023-05-27T09:03:48Z" user="Frêne" uid="16004379" lat="47.3573250" lon="-1.7484046"/>
 <node id="10931233817" visible="true" version="1" changeset="136616227" timestamp="2023-05-27T09:03:48Z" user="Frêne" uid="16004379" lat="47.3573686" lon="-1.7460550"/>
 <node id="10931233818" visible="true" version="1" changeset="136616227" timestamp="2023-05-27T09:03:48Z" user="Frêne" uid="16004379" lat="47.3574268" lon="-1.7452342"/>
 <node id="10931233819" visible="true" version="1" changeset="136616227" timestamp="2023-05-27T09:03:48Z" user="Frêne" uid="16004379" lat="47.3574631" lon="-1.7451162"/>
 <node id="10931233820" visible="true" version="1" changeset="136616227" timestamp="2023-05-27T09:03:48Z" user="Frêne" uid="16004379" lat="47.3575394" lon="-1.7450840"/>
 <node id="10931233821" visible="true" version="1" changeset="136616227" timestamp="2023-05-27T09:03:48Z" user="Frêne" uid="16004379" lat="47.3577356" lon="-1.7450733"/>
 <node id="10931233831" visible="true" version="1" changeset="136616227" timestamp="2023-05-27T09:03:48Z" user="Frêne" uid="16004379" lat="47.3504697" lon="-1.7496927"/>
 <node id="10931233832" visible="true" version="1" changeset="136616227" timestamp="2023-05-27T09:03:48Z" user="Frêne" uid="16004379" lat="47.3517268" lon="-1.7515307"/>
 <node id="10931233834" visible="true" version="1" changeset="136616227" timestamp="2023-05-27T09:03:48Z" user="Frêne" uid="16004379" lat="47.3509667" lon="-1.7513231"/>
 <node id="10931233837" visible="true" version="1" changeset="136616227" timestamp="2023-05-27T09:03:48Z" user="Frêne" uid="16004379" lat="47.3508859" lon="-1.7513011"/>
 <node id="11182718393" visible="true" version="1" changeset="141099037" timestamp="2023-09-11T08:35:18Z" user="Jérémy R44" uid="13903100" lat="47.3280145" lon="-1.7998762"/>
 <node id="11182718395" visible="true" version="1" changeset="141099037" timestamp="2023-09-11T08:35:18Z" user="Jérémy R44" uid="13903100" lat="47.3280058" lon="-1.7998818"/>
 <node id="11238367132" visible="true" version="1" changeset="142148116" timestamp="2023-10-04T14:28:25Z" user="Frêne" uid="16004379" lat="47.3555565" lon="-1.7502501"/>
 <node id="11238367133" visible="true" version="1" changeset="142148116" timestamp="2023-10-04T14:28:25Z" user="Frêne" uid="16004379" lat="47.3554957" lon="-1.7502319"/>
 <node id="11238367134" visible="true" version="1" changeset="142148116" timestamp="2023-10-04T14:28:25Z" user="Frêne" uid="16004379" lat="47.3554957" lon="-1.7502325"/>
 <node id="11238367135" visible="true" version="1" changeset="142148116" timestamp="2023-10-04T14:28:25Z" user="Frêne" uid="16004379" lat="47.3555080" lon="-1.7501396"/>
 <node id="11238367136" visible="true" version="1" changeset="142148116" timestamp="2023-10-04T14:28:25Z" user="Frêne" uid="16004379" lat="47.3555180" lon="-1.7501406"/>
 <node id="11238406237" visible="true" version="1" changeset="142148116" timestamp="2023-10-04T14:28:25Z" user="Frêne" uid="16004379" lat="47.3555230" lon="-1.7501186"/>
 <node id="11238406238" visible="true" version="1" changeset="142148116" timestamp="2023-10-04T14:28:25Z" user="Frêne" uid="16004379" lat="47.3555720" lon="-1.7501346"/>
 <node id="11238406239" visible="true" version="1" changeset="142148116" timestamp="2023-10-04T14:28:25Z" user="Frêne" uid="16004379" lat="47.3555565" lon="-1.7502507"/>
 <node id="11238406240" visible="true" version="1" changeset="142148116" timestamp="2023-10-04T14:28:25Z" user="Frêne" uid="16004379" lat="47.3555005" lon="-1.7500567"/>
 <node id="11422776428" visible="true" version="1" changeset="145185652" timestamp="2023-12-16T14:10:35Z" user="StephaneP" uid="439947" lat="47.3687405" lon="-1.7913515">
  <tag k="direction" v="forward"/>
  <tag k="highway" v="give_way"/>
 </node>
 <node id="11422776511" visible="true" version="1" changeset="145185652" timestamp="2023-12-16T14:10:35Z" user="StephaneP" uid="439947" lat="47.3681722" lon="-1.7813497"/>
 <node id="11422776512" visible="true" version="1" changeset="145185652" timestamp="2023-12-16T14:10:35Z" user="StephaneP" uid="439947" lat="47.3681101" lon="-1.7811238"/>
 <node id="11422776513" visible="true" version="1" changeset="145185652" timestamp="2023-12-16T14:10:35Z" user="StephaneP" uid="439947" lat="47.3704261" lon="-1.7782927"/>
 <node id="11975423133" visible="true" version="1" changeset="152587622" timestamp="2024-06-12T13:30:56Z" user="MacDony" uid="3701940" lat="47.3767137" lon="-1.7442192">
  <tag k="direction" v="backward"/>
  <tag k="highway" v="stop"/>
 </node>
 <node id="11975423134" visible="true" version="1" changeset="152587622" timestamp="2024-06-12T13:30:56Z" user="MacDony" uid="3701940" lat="47.3761086" lon="-1.7444723"/>
 <node id="11975423135" visible="true" version="1" changeset="152587622" timestamp="2024-06-12T13:30:56Z" user="MacDony" uid="3701940" lat="47.3745310" lon="-1.7448093"/>
 <node id="12203640733" visible="true" version="1" changeset="157157068" timestamp="2024-09-27T07:10:42Z" user="MacDony" uid="3701940" lat="47.3543567" lon="-1.7681199"/>
 <node id="12203640734" visible="true" version="1" changeset="157157068" timestamp="2024-09-27T07:10:42Z" user="MacDony" uid="3701940" lat="47.3540702" lon="-1.7683934"/>
 <node id="12203640735" visible="true" version="1" changeset="157157068" timestamp="2024-09-27T07:10:42Z" user="MacDony" uid="3701940" lat="47.3571816" lon="-1.7658303"/>
 <node id="12203640736" visible="true" version="1" changeset="157157068" timestamp="2024-09-27T07:10:42Z" user="MacDony" uid="3701940" lat="47.3586037" lon="-1.7650756"/>
 <node id="12203640737" visible="true" version="1" changeset="157157068" timestamp="2024-09-27T07:10:42Z" user="MacDony" uid="3701940" lat="47.3587085" lon="-1.7650040">
  <tag k="direction" v="backward"/>
  <tag k="highway" v="give_way"/>
 </node>
 <node id="12203640738" visible="true" version="1" changeset="157157068" timestamp="2024-09-27T07:10:42Z" user="MacDony" uid="3701940" lat="47.3586538" lon="-1.7649175">
  <tag k="direction" v="forward"/>
  <tag k="highway" v="give_way"/>
 </node>
 <node id="12203640739" visible="true" version="1" changeset="157157068" timestamp="2024-09-27T07:10:42Z" user="MacDony" uid="3701940" lat="47.3581692" lon="-1.7631801"/>
 <node id="12203640740" visible="true" version="1" changeset="157157068" timestamp="2024-09-27T07:10:42Z" user="MacDony" uid="3701940" lat="47.3587536" lon="-1.7647895"/>
 <node id="12203640741" visible="true" version="1" changeset="157157068" timestamp="2024-09-27T07:10:42Z" user="MacDony" uid="3701940" lat="47.3591994" lon="-1.7630670"/>
 <node id="12203640742" visible="true" version="1" changeset="157157068" timestamp="2024-09-27T07:10:42Z" user="MacDony" uid="3701940" lat="47.3602070" lon="-1.7603691"/>
 <node id="12203640743" visible="true" version="1" changeset="157157068" timestamp="2024-09-27T07:10:42Z" user="MacDony" uid="3701940" lat="47.3599491" lon="-1.7602991">
  <tag k="direction" v="backward"/>
  <tag k="highway" v="give_way"/>
 </node>
 <node id="12203640744" visible="true" version="1" changeset="157157068" timestamp="2024-09-27T07:10:42Z" user="MacDony" uid="3701940" lat="47.3609858" lon="-1.7605095"/>
 <node id="12203640745" visible="true" version="1" changeset="157157068" timestamp="2024-09-27T07:10:42Z" user="MacDony" uid="3701940" lat="47.3611404" lon="-1.7604359"/>
 <node id="12203640746" visible="true" version="1" changeset="157157068" timestamp="2024-09-27T07:10:42Z" user="MacDony" uid="3701940" lat="47.3616225" lon="-1.7597980"/>
 <node id="12203640747" visible="true" version="1" changeset="157157068" timestamp="2024-09-27T07:10:42Z" user="MacDony" uid="3701940" lat="47.3631262" lon="-1.7587758"/>
 <node id="12203640748" visible="true" version="1" changeset="157157068" timestamp="2024-09-27T07:10:42Z" user="MacDony" uid="3701940" lat="47.3634129" lon="-1.7588124"/>
 <node id="12203640749" visible="true" version="1" changeset="157157068" timestamp="2024-09-27T07:10:42Z" user="MacDony" uid="3701940" lat="47.3632650" lon="-1.7587806"/>
 <node id="12203640750" visible="true" version="1" changeset="157157068" timestamp="2024-09-27T07:10:42Z" user="MacDony" uid="3701940" lat="47.3627167" lon="-1.7589555"/>
 <node id="12203640751" visible="true" version="1" changeset="157157068" timestamp="2024-09-27T07:10:42Z" user="MacDony" uid="3701940" lat="47.3640762" lon="-1.7440877">
  <tag k="direction" v="backward"/>
  <tag k="highway" v="give_way"/>
 </node>
 <node id="12248620295" visible="true" version="1" changeset="157842962" timestamp="2024-10-13T16:30:09Z" user="benka" uid="1476206" lat="47.3585925" lon="-1.7649941">
  <tag k="man_made" v="cross"/>
  <tag k="material" v="stone"/>
 </node>
 <node id="12471156588" visible="true" version="1" changeset="160946761" timestamp="2025-01-03T12:30:46Z" user="CouscousMerguez" uid="12749986" lat="47.3274314" lon="-1.8020670"/>
 <node id="12834682505" visible="true" version="1" changeset="166220597" timestamp="2025-05-13T19:29:12Z" user="FRichard44" uid="2516858" lat="47.3600429" lon="-1.7603016"/>
 <node id="12834682506" visible="true" version="1" changeset="166220597" timestamp="2025-05-13T19:29:12Z" user="FRichard44" uid="2516858" lat="47.3608441" lon="-1.7604357"/>
 <node id="12834682507" visible="true" version="1" changeset="166220597" timestamp="2025-05-13T19:29:12Z" user="FRichard44" uid="2516858" lat="47.3609804" lon="-1.7604679"/>
 <node id="12834682508" visible="true" version="1" changeset="166220597" timestamp="2025-05-13T19:29:12Z" user="FRichard44" uid="2516858" lat="47.3611167" lon="-1.7604250"/>
 <node id="12834682509" visible="true" version="1" changeset="166220597" timestamp="2025-05-13T19:29:12Z" user="FRichard44" uid="2516858" lat="47.3612039" lon="-1.7603016"/>
 <node id="12834682510" visible="true" version="1" changeset="166220597" timestamp="2025-05-13T19:29:12Z" user="FRichard44" uid="2516858" lat="47.3614001" lon="-1.7600173"/>
 <node id="12834682511" visible="true" version="1" changeset="166220597" timestamp="2025-05-13T19:29:12Z" user="FRichard44" uid="2516858" lat="47.3615836" lon="-1.7598081"/>
 <node id="12834682512" visible="true" version="1" changeset="166220597" timestamp="2025-05-13T19:29:12Z" user="FRichard44" uid="2516858" lat="47.3623848" lon="-1.7591295"/>
 <node id="12834682513" visible="true" version="1" changeset="166220597" timestamp="2025-05-13T19:29:12Z" user="FRichard44" uid="2516858" lat="47.3627972" lon="-1.7588612"/>
 <node id="12834682514" visible="true" version="1" changeset="166220597" timestamp="2025-05-13T19:29:12Z" user="FRichard44" uid="2516858" lat="47.3630134" lon="-1.7587513"/>
 <node id="12834682515" visible="true" version="1" changeset="166220597" timestamp="2025-05-13T19:29:12Z" user="FRichard44" uid="2516858" lat="47.3632042" lon="-1.7587271"/>
 <node id="12834682516" visible="true" version="1" changeset="166220597" timestamp="2025-05-13T19:29:12Z" user="FRichard44" uid="2516858" lat="47.3635494" lon="-1.7587996"/>
 <node id="12834682517" visible="true" version="1" changeset="166220597" timestamp="2025-05-13T19:29:12Z" user="FRichard44" uid="2516858" lat="47.3640785" lon="-1.7589679"/>
 <node id="12834682518" visible="true" version="1" changeset="166220597" timestamp="2025-05-13T19:29:12Z" user="FRichard44" uid="2516858" lat="47.3640878" lon="-1.7591220">
  <tag k="frequency" v="50"/>
  <tag k="man_made" v="street_cabinet"/>
  <tag k="operator" v="Enedis"/>
  <tag k="operator:wikidata" v="Q3587594"/>
  <tag k="power" v="substation"/>
  <tag k="substation" v="minor_distribution"/>
  <tag k="transformer" v="distribution"/>
  <tag k="utility" v="power"/>
  <tag k="voltage:primary" v="20000"/>
  <tag k="voltage:secondary" v="400"/>
 </node>
 <node id="12834682549" visible="true" version="1" changeset="166220597" timestamp="2025-05-13T19:29:12Z" user="FRichard44" uid="2516858" lat="47.3632424" lon="-1.7786640">
  <tag k="frequency" v="50"/>
  <tag k="man_made" v="street_cabinet"/>
  <tag k="operator" v="Enedis"/>
  <tag k="operator:wikidata" v="Q3587594"/>
  <tag k="power" v="substation"/>
  <tag k="substation" v="minor_distribution"/>
  <tag k="transformer" v="distribution"/>
  <tag k="utility" v="power"/>
  <tag k="voltage:primary" v="20000"/>
  <tag k="voltage:secondary" v="400"/>
 </node>
 <node id="12834682550" visible="true" version="1" changeset="166220597" timestamp="2025-05-13T19:29:12Z" user="FRichard44" uid="2516858" lat="47.3633205" lon="-1.7786962"/>
 <node id="12834682551" visible="true" version="1" changeset="166220597" timestamp="2025-05-13T19:29:12Z" user="FRichard44" uid="2516858" lat="47.3641053" lon="-1.7783073"/>
 <node id="12834682552" visible="true" version="1" changeset="166220597" timestamp="2025-05-13T19:29:12Z" user="FRichard44" uid="2516858" lat="47.3646703" lon="-1.7780337"/>
 <node id="12834682553" visible="true" version="1" changeset="166220597" timestamp="2025-05-13T19:29:12Z" user="FRichard44" uid="2516858" lat="47.3648102" lon="-1.7779076"/>
 <node id="12834682554" visible="true" version="1" changeset="166220597" timestamp="2025-05-13T19:29:12Z" user="FRichard44" uid="2516858" lat="47.3651699" lon="-1.7776448"/>
 <node id="12834682555" visible="true" version="1" changeset="166220597" timestamp="2025-05-13T19:29:12Z" user="FRichard44" uid="2516858" lat="47.3653970" lon="-1.7773604"/>
 <node id="12834682556" visible="true" version="1" changeset="166220597" timestamp="2025-05-13T19:29:12Z" user="FRichard44" uid="2516858" lat="47.3656532" lon="-1.7768562"/>
 <node id="12834682557" visible="true" version="1" changeset="166220597" timestamp="2025-05-13T19:29:12Z" user="FRichard44" uid="2516858" lat="47.3659729" lon="-1.7762902"/>
 <node id="12834682558" visible="true" version="1" changeset="166220597" timestamp="2025-05-13T19:29:12Z" user="FRichard44" uid="2516858" lat="47.3663708" lon="-1.7758530"/>
 <node id="12834682559" visible="true" version="1" changeset="166220597" timestamp="2025-05-13T19:29:12Z" user="FRichard44" uid="2516858" lat="47.3667777" lon="-1.7754212"/>
 <node id="12834682560" visible="true" version="1" changeset="166220597" timestamp="2025-05-13T19:29:12Z" user="FRichard44" uid="2516858" lat="47.3676070" lon="-1.7743550"/>
 <node id="12834682561" visible="true" version="1" changeset="166220597" timestamp="2025-05-13T19:29:12Z" user="FRichard44" uid="2516858" lat="47.3676751" lon="-1.7742035"/>
 <node id="12834682562" visible="true" version="1" changeset="166220597" timestamp="2025-05-13T19:29:12Z" user="FRichard44" uid="2516858" lat="47.3679449" lon="-1.7737234"/>
 <node id="12834682563" visible="true" version="1" changeset="166220597" timestamp="2025-05-13T19:29:12Z" user="FRichard44" uid="2516858" lat="47.3680512" lon="-1.7735866"/>
 <node id="12834682564" visible="true" version="1" changeset="166220597" timestamp="2025-05-13T19:29:12Z" user="FRichard44" uid="2516858" lat="47.3681929" lon="-1.7735477"/>
 <node id="12834682565" visible="true" version="1" changeset="166220597" timestamp="2025-05-13T19:29:12Z" user="FRichard44" uid="2516858" lat="47.3684181" lon="-1.7735504"/>
 <node id="12834682566" visible="true" version="1" changeset="166220597" timestamp="2025-05-13T19:29:12Z" user="FRichard44" uid="2516858" lat="47.3694836" lon="-1.7735276"/>
 <node id="13034468053" visible="true" version="1" changeset="169686278" timestamp="2025-07-29T17:58:50Z" user="Koreller" uid="12419855" lat="47.3660434" lon="-1.7762627"/>
 <node id="13034468054" visible="true" version="1" changeset="169686278" timestamp="2025-07-29T17:58:50Z" user="Koreller" uid="12419855" lat="47.3658828" lon="-1.7764884"/>
 <node id="13034468055" visible="true" version="1" changeset="169686278" timestamp="2025-07-29T17:58:50Z" user="Koreller" uid="12419855" lat="47.3653639" lon="-1.7773779"/>
 <node id="13034468056" visible="true" version="1" changeset="169686278" timestamp="2025-07-29T17:58:50Z" user="Koreller" uid="12419855" lat="47.3651956" lon="-1.7775979"/>
 <node id="13034468057" visible="true" version="1" changeset="169686278" timestamp="2025-07-29T17:58:50Z" user="Koreller" uid="12419855" lat="47.3650080" lon="-1.7777838"/>
 <node id="13034468058" visible="true" version="1" changeset="169686278" timestamp="2025-07-29T17:58:50Z" user="Koreller" uid="12419855" lat="47.3661115" lon="-1.7761868"/>
 <node id="13034468059" visible="true" version="1" changeset="169686278" timestamp="2025-07-29T17:58:50Z" user="Koreller" uid="12419855" lat="47.3663556" lon="-1.7759156"/>
 <node id="13034468060" visible="true" version="1" changeset="169686278" timestamp="2025-07-29T17:58:50Z" user="Koreller" uid="12419855" lat="47.3677044" lon="-1.7742618"/>
 <node id="13034468061" visible="true" version="1" changeset="169686278" timestamp="2025-07-29T17:58:50Z" user="Koreller" uid="12419855" lat="47.3677583" lon="-1.7741385"/>
 <node id="13034468062" visible="true" version="1" changeset="169686278" timestamp="2025-07-29T17:58:50Z" user="Koreller" uid="12419855" lat="47.3631363" lon="-1.7788136"/>
 <node id="13034468063" visible="true" version="1" changeset="169686278" timestamp="2025-07-29T17:58:50Z" user="Koreller" uid="12419855" lat="47.3623424" lon="-1.7791626"/>
 <node id="13034468064" visible="true" version="1" changeset="169686278" timestamp="2025-07-29T17:58:50Z" user="Koreller" uid="12419855" lat="47.3621098" lon="-1.7792821"/>
 <node id="13034468065" visible="true" version="1" changeset="169686278" timestamp="2025-07-29T17:58:50Z" user="Koreller" uid="12419855" lat="47.3619248" lon="-1.7793902"/>
 <node id="13034468066" visible="true" version="1" changeset="169686278" timestamp="2025-07-29T17:58:50Z" user="Koreller" uid="12419855" lat="47.3613365" lon="-1.7798013"/>
 <node id="13034468067" visible="true" version="1" changeset="169686278" timestamp="2025-07-29T17:58:50Z" user="Koreller" uid="12419855" lat="47.3612619" lon="-1.7798814"/>
 <node id="13086965868" visible="true" version="1" changeset="170781369" timestamp="2025-08-21T13:56:36Z" user="Falig44" uid="23098618" lat="47.3904151" lon="-1.5958429"/>
 <node id="13086965873" visible="true" version="1" changeset="170781369" timestamp="2025-08-21T13:56:36Z" user="Falig44" uid="23098618" lat="47.3904306" lon="-1.5956259"/>
 <node id="13086976493" visible="true" version="1" changeset="170781896" timestamp="2025-08-21T14:06:50Z" user="Falig44" uid="23098618" lat="47.3864267" lon="-1.6171788"/>
 <node id="13086991414" visible="true" version="1" changeset="170781659" timestamp="2025-08-21T14:02:30Z" user="Falig44" uid="23098618" lat="47.3917561" lon="-1.6087555"/>
 <node id="13087068878" visible="true" version="1" changeset="170784632" timestamp="2025-08-21T14:56:43Z" user="Falig44" uid="23098618" lat="47.3866870" lon="-1.6306584"/>
 <node id="13087068879" visible="true" version="1" changeset="170784632" timestamp="2025-08-21T14:56:43Z" user="Falig44" uid="23098618" lat="47.3863363" lon="-1.6315381"/>
 <node id="13098289975" visible="true" version="1" changeset="171027583" timestamp="2025-08-26T12:37:17Z" user="Falig44" uid="23098618" lat="47.3847098" lon="-1.6571657"/>
 <node id="13098289997" visible="true" version="1" changeset="171027583" timestamp="2025-08-26T12:37:17Z" user="Falig44" uid="23098618" lat="47.3855770" lon="-1.6539344"/>
 <node id="13098325901" visible="true" version="1" changeset="171027927" timestamp="2025-08-26T12:44:10Z" user="Falig44" uid="23098618" lat="47.3873733" lon="-1.6451827"/>
 <node id="13098325922" visible="true" version="1" changeset="171027927" timestamp="2025-08-26T12:44:10Z" user="Falig44" uid="23098618" lat="47.3867106" lon="-1.6485005"/>
 <node id="13098325923" visible="true" version="1" changeset="171027927" timestamp="2025-08-26T12:44:10Z" user="Falig44" uid="23098618" lat="47.3860575" lon="-1.6514165"/>
 <node id="13100603882" visible="true" version="1" changeset="171081282" timestamp="2025-08-27T13:31:51Z" user="Falig44" uid="23098618" lat="47.3403830" lon="-1.6994036"/>
 <node id="13100663115" visible="true" version="1" changeset="171082302" timestamp="2025-08-27T13:53:14Z" user="Falig44" uid="23098618" lat="47.3421643" lon="-1.6863466"/>
 <node id="13100663126" visible="true" version="1" changeset="171082302" timestamp="2025-08-27T13:53:14Z" user="Falig44" uid="23098618" lat="47.3457940" lon="-1.6847365"/>
 <node id="13100664973" visible="true" version="1" changeset="171082407" timestamp="2025-08-27T13:55:54Z" user="Falig44" uid="23098618" lat="47.3487708" lon="-1.6779273"/>
 <node id="13100664983" visible="true" version="1" changeset="171082407" timestamp="2025-08-27T13:55:54Z" user="Falig44" uid="23098618" lat="47.3487764" lon="-1.6778558"/>
 <node id="13100702025" visible="true" version="1" changeset="171083494" timestamp="2025-08-27T14:16:44Z" user="Falig44" uid="23098618" lat="47.3399673" lon="-1.6917743"/>
 <node id="13100741760" visible="true" version="1" changeset="171084429" timestamp="2025-08-27T14:31:35Z" user="Falig44" uid="23098618" lat="47.3496644" lon="-1.6676687"/>
 <node id="13100859607" visible="true" version="1" changeset="171086517" timestamp="2025-08-27T15:09:50Z" user="Falig44" uid="23098618" lat="47.3802435" lon="-1.6769885"/>
 <node id="13100859644" visible="true" version="1" changeset="171086517" timestamp="2025-08-27T15:09:50Z" user="Falig44" uid="23098618" lat="47.3808029" lon="-1.6752748"/>
 <node id="13100859645" visible="true" version="1" changeset="171086517" timestamp="2025-08-27T15:09:50Z" user="Falig44" uid="23098618" lat="47.3809957" lon="-1.6738654"/>
 <node id="13100859646" visible="true" version="1" changeset="171086517" timestamp="2025-08-27T15:09:50Z" user="Falig44" uid="23098618" lat="47.3813555" lon="-1.6728750"/>
 <node id="13116384427" visible="true" version="1" changeset="171410693" timestamp="2025-09-03T14:19:55Z" user="Falig44" uid="23098618" lat="47.3406899" lon="-1.7097770"/>
 <node id="13116384430" visible="true" version="1" changeset="171410693" timestamp="2025-09-03T14:19:55Z" user="Falig44" uid="23098618" lat="47.3403583" lon="-1.7111592"/>
 <node id="13116384436" visible="true" version="1" changeset="171410693" timestamp="2025-09-03T14:19:55Z" user="Falig44" uid="23098618" lat="47.3408605" lon="-1.7090656"/>
 <node id="13116384445" visible="true" version="1" changeset="171410693" timestamp="2025-09-03T14:19:55Z" user="Falig44" uid="23098618" lat="47.3412592" lon="-1.7074038"/>
 <node id="13116384458" visible="true" version="1" changeset="171410693" timestamp="2025-09-03T14:19:55Z" user="Falig44" uid="23098618" lat="47.3398488" lon="-1.7132832"/>
 <node id="13116384465" visible="true" version="1" changeset="171410693" timestamp="2025-09-03T14:19:55Z" user="Falig44" uid="23098618" lat="47.3384604" lon="-1.7144704"/>
 <node id="13116384466" visible="true" version="1" changeset="171410693" timestamp="2025-09-03T14:19:55Z" user="Falig44" uid="23098618" lat="47.3384740" lon="-1.7140816"/>
 <node id="13116385728" visible="true" version="1" changeset="171410215" timestamp="2025-09-03T14:09:12Z" user="Falig44" uid="23098618" lat="47.3384112" lon="-1.7158723"/>
 <node id="13116385747" visible="true" version="1" changeset="171410215" timestamp="2025-09-03T14:09:12Z" user="Falig44" uid="23098618" lat="47.3347006" lon="-1.7206015"/>
 <node id="13116469077" visible="true" version="1" changeset="171411961" timestamp="2025-09-03T14:52:33Z" user="Falig44" uid="23098618" lat="47.3683711" lon="-1.7283970"/>
 <node id="13116469080" visible="true" version="1" changeset="171411961" timestamp="2025-09-03T14:52:33Z" user="Falig44" uid="23098618" lat="47.3682102" lon="-1.7289291"/>
 <node id="13116469089" visible="true" version="1" changeset="171411961" timestamp="2025-09-03T14:52:33Z" user="Falig44" uid="23098618" lat="47.3683350" lon="-1.7284046"/>
 <node id="13116469090" visible="true" version="1" changeset="171411961" timestamp="2025-09-03T14:52:33Z" user="Falig44" uid="23098618" lat="47.3681779" lon="-1.7290360"/>
 <node id="13116491480" visible="true" version="1" changeset="171412184" timestamp="2025-09-03T14:58:36Z" user="Falig44" uid="23098618" lat="47.3656610" lon="-1.7381292"/>
 <node id="13118765912" visible="true" version="1" changeset="171435089" timestamp="2025-09-04T06:08:55Z" user="MacDony" uid="3701940" lat="47.3679792" lon="-1.7737319"/>
 <node id="13118765913" visible="true" version="1" changeset="171435089" timestamp="2025-09-04T06:08:55Z" user="MacDony" uid="3701940" lat="47.3680000" lon="-1.7735844"/>
 <node id="13118765914" visible="true" version="1" changeset="171435089" timestamp="2025-09-04T06:08:55Z" user="MacDony" uid="3701940" lat="47.3681059" lon="-1.7735241">
  <tag k="direction" v="forward"/>
  <tag k="highway" v="stop"/>
 </node>
 <node id="13118765915" visible="true" version="1" changeset="171435089" timestamp="2025-09-04T06:08:55Z" user="MacDony" uid="3701940" lat="47.3679964" lon="-1.7736769"/>
 <node id="13118765916" visible="true" version="1" changeset="171435089" timestamp="2025-09-04T06:08:55Z" user="MacDony" uid="3701940" lat="47.3680002" lon="-1.7736285">
  <tag k="direction" v="backward"/>
  <tag k="highway" v="stop"/>
 </node>
 <node id="13118765917" visible="true" version="1" changeset="171435089" timestamp="2025-09-04T06:08:55Z" user="MacDony" uid="3701940" lat="47.3678216" lon="-1.7735840"/>
 <node id="13118765918" visible="true" version="1" changeset="171435089" timestamp="2025-09-04T06:08:55Z" user="MacDony" uid="3701940" lat="47.3675001" lon="-1.7734754"/>
 <node id="13118765919" visible="true" version="1" changeset="171435089" timestamp="2025-09-04T06:08:55Z" user="MacDony" uid="3701940" lat="47.3684898" lon="-1.7716556"/>
 <node id="13118765920" visible="true" version="1" changeset="171435089" timestamp="2025-09-04T06:08:55Z" user="MacDony" uid="3701940" lat="47.3704957" lon="-1.7667432"/>
 <node id="13118765921" visible="true" version="1" changeset="171435089" timestamp="2025-09-04T06:08:55Z" user="MacDony" uid="3701940" lat="47.3756253" lon="-1.7593157"/>
 <node id="13118765924" visible="true" version="1" changeset="171435089" timestamp="2025-09-04T06:08:55Z" user="MacDony" uid="3701940" lat="47.3758628" lon="-1.7590178"/>
 <node id="13167598443" visible="true" version="1" changeset="172393451" timestamp="2025-09-24T13:02:12Z" user="Falig44" uid="23098618" lat="47.3327695" lon="-1.7542215"/>
 <node id="13167651195" visible="true" version="1" changeset="172394903" timestamp="2025-09-24T13:33:25Z" user="Falig44" uid="23098618" lat="47.3331284" lon="-1.7336774"/>
 <node id="13167651196" visible="true" version="1" changeset="172394903" timestamp="2025-09-24T13:33:25Z" user="Falig44" uid="23098618" lat="47.3331041" lon="-1.7332373"/>
 <node id="13167729796" visible="true" version="1" changeset="172397100" timestamp="2025-09-24T14:24:32Z" user="Falig44" uid="23098618" lat="47.3310708" lon="-1.7632258"/>
 <node id="13183949098" visible="true" version="1" changeset="172660167" timestamp="2025-09-30T13:08:38Z" user="Falig44" uid="23098618" lat="47.3787593" lon="-1.6926843"/>
 <node id="13183966713" visible="true" version="1" changeset="172660167" timestamp="2025-09-30T13:08:38Z" user="Falig44" uid="23098618" lat="47.3793923" lon="-1.6863014"/>
 <node id="13184034773" visible="true" version="1" changeset="172661367" timestamp="2025-09-30T13:37:31Z" user="Falig44" uid="23098618" lat="47.3755484" lon="-1.6953555"/>
 <node id="13184063835" visible="true" version="1" changeset="172662268" timestamp="2025-09-30T13:58:21Z" user="Falig44" uid="23098618" lat="47.3841862" lon="-1.6591331"/>
 <node id="13234879259" visible="true" version="1" changeset="173324822" timestamp="2025-10-15T14:52:35Z" user="Falig44" uid="23098618" lat="47.3528364" lon="-1.7701239"/>
 <node id="13234879263" visible="true" version="1" changeset="173324822" timestamp="2025-10-15T14:52:35Z" user="Falig44" uid="23098618" lat="47.3547210" lon="-1.7596998"/>
 <node id="13234879264" visible="true" version="1" changeset="173324822" timestamp="2025-10-15T14:52:35Z" user="Falig44" uid="23098618" lat="47.3546691" lon="-1.7597978"/>
 <node id="13234879265" visible="true" version="1" changeset="173324822" timestamp="2025-10-15T14:52:35Z" user="Falig44" uid="23098618" lat="47.3547286" lon="-1.7619347"/>
 <node id="13234879266" visible="true" version="1" changeset="173324822" timestamp="2025-10-15T14:52:35Z" user="Falig44" uid="23098618" lat="47.3548476" lon="-1.7636983"/>
 <node id="13234879267" visible="true" version="1" changeset="173324822" timestamp="2025-10-15T14:52:35Z" user="Falig44" uid="23098618" lat="47.3548277" lon="-1.7639105"/>
 <node id="13234879268" visible="true" version="1" changeset="173324822" timestamp="2025-10-15T14:52:35Z" user="Falig44" uid="23098618" lat="47.3548823" lon="-1.7647081"/>
 <node id="13234879269" visible="true" version="1" changeset="173324822" timestamp="2025-10-15T14:52:35Z" user="Falig44" uid="23098618" lat="47.3546719" lon="-1.7603683"/>
 <node id="13234933713" visible="true" version="1" changeset="173325049" timestamp="2025-10-15T14:58:05Z" user="Falig44" uid="23098618" lat="47.3529612" lon="-1.7601381"/>
 <node id="13234933714" visible="true" version="1" changeset="173325049" timestamp="2025-10-15T14:58:05Z" user="Falig44" uid="23098618" lat="47.3528087" lon="-1.7619792"/>
 <node id="13234933717" visible="true" version="1" changeset="173325049" timestamp="2025-10-15T14:58:05Z" user="Falig44" uid="23098618" lat="47.3527270" lon="-1.7629649"/>
 <node id="13234933718" visible="true" version="1" changeset="173325049" timestamp="2025-10-15T14:58:05Z" user="Falig44" uid="23098618" lat="47.3523569" lon="-1.7670111"/>
 <node id="13234933719" visible="true" version="1" changeset="173325049" timestamp="2025-10-15T14:58:05Z" user="Falig44" uid="23098618" lat="47.3522427" lon="-1.7672050"/>
 <node id="13234933720" visible="true" version="1" changeset="173325049" timestamp="2025-10-15T14:58:05Z" user="Falig44" uid="23098618" lat="47.3543600" lon="-1.7615643"/>
 <node id="13234933721" visible="true" version="1" changeset="173325049" timestamp="2025-10-15T14:58:05Z" user="Falig44" uid="23098618" lat="47.3537254" lon="-1.7617309"/>
 <node id="13234933722" visible="true" version="1" changeset="173325049" timestamp="2025-10-15T14:58:05Z" user="Falig44" uid="23098618" lat="47.3547593" lon="-1.7630115"/>
 <node id="13234933723" visible="true" version="1" changeset="173325049" timestamp="2025-10-15T14:58:05Z" user="Falig44" uid="23098618" lat="47.3526933" lon="-1.7633711"/>
 <node id="13234933724" visible="true" version="1" changeset="173325049" timestamp="2025-10-15T14:58:05Z" user="Falig44" uid="23098618" lat="47.3548564" lon="-1.7648070"/>
 <node id="13234933725" visible="true" version="1" changeset="173325049" timestamp="2025-10-15T14:58:05Z" user="Falig44" uid="23098618" lat="47.3549170" lon="-1.7648404"/>
 <node id="13234933726" visible="true" version="1" changeset="173325049" timestamp="2025-10-15T14:58:05Z" user="Falig44" uid="23098618" lat="47.3548684" lon="-1.7675468"/>
 <node id="13234933727" visible="true" version="1" changeset="173325049" timestamp="2025-10-15T14:58:05Z" user="Falig44" uid="23098618" lat="47.3540626" lon="-1.7682883"/>
 <node id="13234933728" visible="true" version="1" changeset="173325049" timestamp="2025-10-15T14:58:05Z" user="Falig44" uid="23098618" lat="47.3532745" lon="-1.7692408"/>
 <node id="13234933730" visible="true" version="1" changeset="173325049" timestamp="2025-10-15T14:58:05Z" user="Falig44" uid="23098618" lat="47.3527470" lon="-1.7682001"/>
 <node id="13234948068" visible="true" version="1" changeset="173326290" timestamp="2025-10-15T15:27:10Z" user="Falig44" uid="23098618" lat="47.3587393" lon="-1.7671824"/>
 <node id="13234948069" visible="true" version="1" changeset="173326290" timestamp="2025-10-15T15:27:10Z" user="Falig44" uid="23098618" lat="47.3580574" lon="-1.7677304"/>
 <node id="13234948070" visible="true" version="1" changeset="173326290" timestamp="2025-10-15T15:27:10Z" user="Falig44" uid="23098618" lat="47.3570911" lon="-1.7685564"/>
 <node id="13234948071" visible="true" version="1" changeset="173326290" timestamp="2025-10-15T15:27:10Z" user="Falig44" uid="23098618" lat="47.3570046" lon="-1.7689790"/>
 <node id="13234948072" visible="true" version="1" changeset="173326290" timestamp="2025-10-15T15:27:10Z" user="Falig44" uid="23098618" lat="47.3571028" lon="-1.7699897"/>
 <node id="13234948073" visible="true" version="1" changeset="173326290" timestamp="2025-10-15T15:27:10Z" user="Falig44" uid="23098618" lat="47.3584605" lon="-1.7658888"/>
 <node id="13234948074" visible="true" version="1" changeset="173326290" timestamp="2025-10-15T15:27:10Z" user="Falig44" uid="23098618" lat="47.3538993" lon="-1.7771530"/>
 <node id="13234948075" visible="true" version="1" changeset="173326290" timestamp="2025-10-15T15:27:10Z" user="Falig44" uid="23098618" lat="47.3537530" lon="-1.7765304"/>
 <node id="13234948076" visible="true" version="1" changeset="173326290" timestamp="2025-10-15T15:27:10Z" user="Falig44" uid="23098618" lat="47.3530687" lon="-1.7768671"/>
 <node id="13234948077" visible="true" version="1" changeset="173326290" timestamp="2025-10-15T15:27:10Z" user="Falig44" uid="23098618" lat="47.3532107" lon="-1.7775087"/>
 <node id="13234948078" visible="true" version="1" changeset="173326290" timestamp="2025-10-15T15:27:10Z" user="Falig44" uid="23098618" lat="47.3541963" lon="-1.7783854"/>
 <node id="13234948079" visible="true" version="1" changeset="173326290" timestamp="2025-10-15T15:27:10Z" user="Falig44" uid="23098618" lat="47.3540414" lon="-1.7776358"/>
 <node id="13234948080" visible="true" version="1" changeset="173326290" timestamp="2025-10-15T15:27:10Z" user="Falig44" uid="23098618" lat="47.3537745" lon="-1.7777311"/>
 <node id="13234948081" visible="true" version="1" changeset="173326290" timestamp="2025-10-15T15:27:10Z" user="Falig44" uid="23098618" lat="47.3539424" lon="-1.7784871"/>
 <node id="13234948100" visible="true" version="1" changeset="173326290" timestamp="2025-10-15T15:27:10Z" user="Falig44" uid="23098618" lat="47.3522860" lon="-1.7767976"/>
 <node id="13234988522" visible="true" version="1" changeset="173325693" timestamp="2025-10-15T15:12:44Z" user="Falig44" uid="23098618" lat="47.3547863" lon="-1.7619927"/>
 <node id="13234988523" visible="true" version="1" changeset="173325693" timestamp="2025-10-15T15:12:44Z" user="Falig44" uid="23098618" lat="47.3585232" lon="-1.7650254"/>
 <node id="13234988524" visible="true" version="1" changeset="173325693" timestamp="2025-10-15T15:12:44Z" user="Falig44" uid="23098618" lat="47.3585758" lon="-1.7648895"/>
 <node id="13234988525" visible="true" version="1" changeset="173325693" timestamp="2025-10-15T15:12:44Z" user="Falig44" uid="23098618" lat="47.3584574" lon="-1.7643749"/>
 <node id="13234988526" visible="true" version="1" changeset="173325693" timestamp="2025-10-15T15:12:44Z" user="Falig44" uid="23098618" lat="47.3575497" lon="-1.7646662"/>
 <node id="13234988527" visible="true" version="1" changeset="173325693" timestamp="2025-10-15T15:12:44Z" user="Falig44" uid="23098618" lat="47.3572657" lon="-1.7634758"/>
 <node id="13234988528" visible="true" version="1" changeset="173325693" timestamp="2025-10-15T15:12:44Z" user="Falig44" uid="23098618" lat="47.3573392" lon="-1.7654915"/>
 <node id="13234988529" visible="true" version="1" changeset="173325693" timestamp="2025-10-15T15:12:44Z" user="Falig44" uid="23098618" lat="47.3565577" lon="-1.7661163"/>
 <node id="13234988530" visible="true" version="1" changeset="173325693" timestamp="2025-10-15T15:12:44Z" user="Falig44" uid="23098618" lat="47.3587788" lon="-1.7641255"/>
 <node id="13234988531" visible="true" version="1" changeset="173325693" timestamp="2025-10-15T15:12:44Z" user="Falig44" uid="23098618" lat="47.3584874" lon="-1.7631162"/>
 <node id="13234988532" visible="true" version="1" changeset="173325693" timestamp="2025-10-15T15:12:44Z" user="Falig44" uid="23098618" lat="47.3582221" lon="-1.7632430"/>
 <node id="13234988533" visible="true" version="1" changeset="173325693" timestamp="2025-10-15T15:12:44Z" user="Falig44" uid="23098618" lat="47.3580876" lon="-1.7627577"/>
 <node id="13234988534" visible="true" version="1" changeset="173325693" timestamp="2025-10-15T15:12:44Z" user="Falig44" uid="23098618" lat="47.3583903" lon="-1.7625922"/>
 <node id="13234988535" visible="true" version="1" changeset="173325693" timestamp="2025-10-15T15:12:44Z" user="Falig44" uid="23098618" lat="47.3582744" lon="-1.7621676"/>
 <node id="13234988536" visible="true" version="1" changeset="173325693" timestamp="2025-10-15T15:12:44Z" user="Falig44" uid="23098618" lat="47.3578448" lon="-1.7623913"/>
 <node id="13234988537" visible="true" version="1" changeset="173325693" timestamp="2025-10-15T15:12:44Z" user="Falig44" uid="23098618" lat="47.3576115" lon="-1.7633282"/>
 <node id="13234988538" visible="true" version="1" changeset="173325693" timestamp="2025-10-15T15:12:44Z" user="Falig44" uid="23098618" lat="47.3578419" lon="-1.7645724"/>
 <node id="13234988539" visible="true" version="1" changeset="173325693" timestamp="2025-10-15T15:12:44Z" user="Falig44" uid="23098618" lat="47.3577701" lon="-1.7641846"/>
 <node id="13234988540" visible="true" version="1" changeset="173325693" timestamp="2025-10-15T15:12:44Z" user="Falig44" uid="23098618" lat="47.3580217" lon="-1.7645147"/>
 <node id="13234988541" visible="true" version="1" changeset="173325693" timestamp="2025-10-15T15:12:44Z" user="Falig44" uid="23098618" lat="47.3580640" lon="-1.7640353"/>
 <node id="13234988542" visible="true" version="1" changeset="173325693" timestamp="2025-10-15T15:12:44Z" user="Falig44" uid="23098618" lat="47.3580060" lon="-1.7629297"/>
 <node id="13234988543" visible="true" version="1" changeset="173325693" timestamp="2025-10-15T15:12:44Z" user="Falig44" uid="23098618" lat="47.3583828" lon="-1.7633623"/>
 <node id="13234988544" visible="true" version="1" changeset="173325693" timestamp="2025-10-15T15:12:44Z" user="Falig44" uid="23098618" lat="47.3580316" lon="-1.7630480"/>
 <node id="13234988545" visible="true" version="1" changeset="173325693" timestamp="2025-10-15T15:12:44Z" user="Falig44" uid="23098618" lat="47.3582604" lon="-1.7631965"/>
 <node id="13234988546" visible="true" version="1" changeset="173325693" timestamp="2025-10-15T15:12:44Z" user="Falig44" uid="23098618" lat="47.3581759" lon="-1.7634662"/>
 <node id="13234988547" visible="true" version="1" changeset="173325693" timestamp="2025-10-15T15:12:44Z" user="Falig44" uid="23098618" lat="47.3583600" lon="-1.7634720"/>
 <node id="13234988548" visible="true" version="1" changeset="173325693" timestamp="2025-10-15T15:12:44Z" user="Falig44" uid="23098618" lat="47.3586296" lon="-1.7632181"/>
 <node id="13234988549" visible="true" version="1" changeset="173325693" timestamp="2025-10-15T15:12:44Z" user="Falig44" uid="23098618" lat="47.3586772" lon="-1.7630846"/>
 <node id="13234988550" visible="true" version="1" changeset="173325693" timestamp="2025-10-15T15:12:44Z" user="Falig44" uid="23098618" lat="47.3587470" lon="-1.7641501"/>
 <node id="13234988551" visible="true" version="1" changeset="173325693" timestamp="2025-10-15T15:12:44Z" user="Falig44" uid="23098618" lat="47.3591032" lon="-1.7637617"/>
 <node id="13234988552" visible="true" version="1" changeset="173325693" timestamp="2025-10-15T15:12:44Z" user="Falig44" uid="23098618" lat="47.3592276" lon="-1.7633149"/>
 <node id="13234988553" visible="true" version="1" changeset="173325693" timestamp="2025-10-15T15:12:44Z" user="Falig44" uid="23098618" lat="47.3589548" lon="-1.7627162"/>
 <node id="13234988554" visible="true" version="1" changeset="173325693" timestamp="2025-10-15T15:12:44Z" user="Falig44" uid="23098618" lat="47.3586449" lon="-1.7629617"/>
 <node id="13234988555" visible="true" version="1" changeset="173325693" timestamp="2025-10-15T15:12:44Z" user="Falig44" uid="23098618" lat="47.3588791" lon="-1.7627762"/>
 <node id="13234988556" visible="true" version="1" changeset="173325693" timestamp="2025-10-15T15:12:44Z" user="Falig44" uid="23098618" lat="47.3587940" lon="-1.7624386"/>
 <node id="13234988557" visible="true" version="1" changeset="173325693" timestamp="2025-10-15T15:12:44Z" user="Falig44" uid="23098618" lat="47.3583693" lon="-1.7626037"/>
 <node id="13234988558" visible="true" version="1" changeset="173325693" timestamp="2025-10-15T15:12:44Z" user="Falig44" uid="23098618" lat="47.3587462" lon="-1.7618894"/>
 <node id="13234988559" visible="true" version="1" changeset="173325693" timestamp="2025-10-15T15:12:44Z" user="Falig44" uid="23098618" lat="47.3583931" lon="-1.7625944"/>
 <node id="13234988560" visible="true" version="1" changeset="173325693" timestamp="2025-10-15T15:12:44Z" user="Falig44" uid="23098618" lat="47.3573068" lon="-1.7614835"/>
 <node id="13234988561" visible="true" version="1" changeset="173325693" timestamp="2025-10-15T15:12:44Z" user="Falig44" uid="23098618" lat="47.3576081" lon="-1.7616207"/>
 <node id="13234988562" visible="true" version="1" changeset="173325693" timestamp="2025-10-15T15:12:44Z" user="Falig44" uid="23098618" lat="47.3577489" lon="-1.7613297"/>
 <node id="13234988563" visible="true" version="1" changeset="173325693" timestamp="2025-10-15T15:12:44Z" user="Falig44" uid="23098618" lat="47.3577404" lon="-1.7608351"/>
 <node id="13234988564" visible="true" version="1" changeset="173325693" timestamp="2025-10-15T15:12:44Z" user="Falig44" uid="23098618" lat="47.3573434" lon="-1.7602033"/>
 <node id="13234988565" visible="true" version="1" changeset="173325693" timestamp="2025-10-15T15:12:44Z" user="Falig44" uid="23098618" lat="47.3567436" lon="-1.7609473"/>
 <node id="13234988566" visible="true" version="1" changeset="173325693" timestamp="2025-10-15T15:12:44Z" user="Falig44" uid="23098618" lat="47.3588987" lon="-1.7624936"/>
 <node id="13234988567" visible="true" version="1" changeset="173325693" timestamp="2025-10-15T15:12:44Z" user="Falig44" uid="23098618" lat="47.3593013" lon="-1.7623031"/>
 <node id="13234988568" visible="true" version="1" changeset="173325693" timestamp="2025-10-15T15:12:44Z" user="Falig44" uid="23098618" lat="47.3579499" lon="-1.7623366"/>
 <node id="13234988569" visible="true" version="1" changeset="173325693" timestamp="2025-10-15T15:12:44Z" user="Falig44" uid="23098618" lat="47.3605286" lon="-1.7576547"/>
 <node id="13234988570" visible="true" version="1" changeset="173325693" timestamp="2025-10-15T15:12:44Z" user="Falig44" uid="23098618" lat="47.3567450" lon="-1.7609866"/>
 <node id="13234988571" visible="true" version="1" changeset="173325693" timestamp="2025-10-15T15:12:44Z" user="Falig44" uid="23098618" lat="47.3577562" lon="-1.7609330"/>
 <node id="13234988572" visible="true" version="1" changeset="173325693" timestamp="2025-10-15T15:12:44Z" user="Falig44" uid="23098618" lat="47.3590514" lon="-1.7567259"/>
 <node id="13234988573" visible="true" version="1" changeset="173325693" timestamp="2025-10-15T15:12:44Z" user="Falig44" uid="23098618" lat="47.3584777" lon="-1.7569074"/>
 <node id="13234988575" visible="true" version="1" changeset="173325693" timestamp="2025-10-15T15:12:44Z" user="Falig44" uid="23098618" lat="47.3606962" lon="-1.7532952"/>
 <node id="13234988576" visible="true" version="1" changeset="173325693" timestamp="2025-10-15T15:12:44Z" user="Falig44" uid="23098618" lat="47.3591924" lon="-1.7545705"/>
 <node id="13234988577" visible="true" version="1" changeset="173325693" timestamp="2025-10-15T15:12:44Z" user="Falig44" uid="23098618" lat="47.3580146" lon="-1.7551296"/>
 <node id="13234988578" visible="true" version="1" changeset="173325693" timestamp="2025-10-15T15:12:44Z" user="Falig44" uid="23098618" lat="47.3616693" lon="-1.7533476"/>
 <node id="13234988579" visible="true" version="1" changeset="173325693" timestamp="2025-10-15T15:12:44Z" user="Falig44" uid="23098618" lat="47.3619491" lon="-1.7521675"/>
 <node id="13234988580" visible="true" version="1" changeset="173325693" timestamp="2025-10-15T15:12:44Z" user="Falig44" uid="23098618" lat="47.3612468" lon="-1.7529514"/>
 <node id="13234988581" visible="true" version="1" changeset="173325693" timestamp="2025-10-15T15:12:44Z" user="Falig44" uid="23098618" lat="47.3607158" lon="-1.7533678"/>
 <node id="13234988582" visible="true" version="1" changeset="173325693" timestamp="2025-10-15T15:12:44Z" user="Falig44" uid="23098618" lat="47.3619320" lon="-1.7519652"/>
 <node id="13234988583" visible="true" version="1" changeset="173325693" timestamp="2025-10-15T15:12:44Z" user="Falig44" uid="23098618" lat="47.3611897" lon="-1.7528334"/>
 <node id="13234988584" visible="true" version="1" changeset="173325693" timestamp="2025-10-15T15:12:44Z" user="Falig44" uid="23098618" lat="47.3598992" lon="-1.7494027"/>
 <node id="13234988585" visible="true" version="1" changeset="173325693" timestamp="2025-10-15T15:12:44Z" user="Falig44" uid="23098618" lat="47.3623773" lon="-1.7504563"/>
 <node id="13234988586" visible="true" version="1" changeset="173325693" timestamp="2025-10-15T15:12:44Z" user="Falig44" uid="23098618" lat="47.3626444" lon="-1.7496051"/>
 <node id="13234988587" visible="true" version="1" changeset="173325693" timestamp="2025-10-15T15:12:44Z" user="Falig44" uid="23098618" lat="47.3626903" lon="-1.7501483"/>
 <node id="13234988588" visible="true" version="1" changeset="173325693" timestamp="2025-10-15T15:12:44Z" user="Falig44" uid="23098618" lat="47.3627107" lon="-1.7501252"/>
 <node id="13234988589" visible="true" version="1" changeset="173325693" timestamp="2025-10-15T15:12:44Z" user="Falig44" uid="23098618" lat="47.3627107" lon="-1.7500487"/>
 <node id="13234988590" visible="true" version="1" changeset="173325693" timestamp="2025-10-15T15:12:44Z" user="Falig44" uid="23098618" lat="47.3626493" lon="-1.7500398"/>
 <node id="13234988591" visible="true" version="1" changeset="173325693" timestamp="2025-10-15T15:12:44Z" user="Falig44" uid="23098618" lat="47.3626300" lon="-1.7501287"/>
 <node id="13234988592" visible="true" version="1" changeset="173325693" timestamp="2025-10-15T15:12:44Z" user="Falig44" uid="23098618" lat="47.3616710" lon="-1.7487652"/>
 <node id="13234988593" visible="true" version="1" changeset="173325693" timestamp="2025-10-15T15:12:44Z" user="Falig44" uid="23098618" lat="47.3618044" lon="-1.7488096"/>
 <node id="13234988594" visible="true" version="1" changeset="173325693" timestamp="2025-10-15T15:12:44Z" user="Falig44" uid="23098618" lat="47.3618603" lon="-1.7486826"/>
 <node id="13234988595" visible="true" version="1" changeset="173325693" timestamp="2025-10-15T15:12:44Z" user="Falig44" uid="23098618" lat="47.3618646" lon="-1.7485110"/>
 <node id="13234988596" visible="true" version="1" changeset="173325693" timestamp="2025-10-15T15:12:44Z" user="Falig44" uid="23098618" lat="47.3618173" lon="-1.7483967"/>
 <node id="13234988597" visible="true" version="1" changeset="173325693" timestamp="2025-10-15T15:12:44Z" user="Falig44" uid="23098618" lat="47.3617484" lon="-1.7484285"/>
 <node id="13234988598" visible="true" version="1" changeset="173325693" timestamp="2025-10-15T15:12:44Z" user="Falig44" uid="23098618" lat="47.3616839" lon="-1.7484666"/>
 <node id="13234988599" visible="true" version="1" changeset="173325693" timestamp="2025-10-15T15:12:44Z" user="Falig44" uid="23098618" lat="47.3616323" lon="-1.7485746"/>
 <node id="13234988600" visible="true" version="1" changeset="173325693" timestamp="2025-10-15T15:12:44Z" user="Falig44" uid="23098618" lat="47.3570100" lon="-1.7518666"/>
 <node id="13234988601" visible="true" version="1" changeset="173325693" timestamp="2025-10-15T15:12:44Z" user="Falig44" uid="23098618" lat="47.3557231" lon="-1.7538705"/>
 <node id="13234988602" visible="true" version="1" changeset="173325693" timestamp="2025-10-15T15:12:44Z" user="Falig44" uid="23098618" lat="47.3564590" lon="-1.7506738"/>
 <node id="13234988603" visible="true" version="1" changeset="173325693" timestamp="2025-10-15T15:12:44Z" user="Falig44" uid="23098618" lat="47.3548360" lon="-1.7509636"/>
 <node id="13234988604" visible="true" version="1" changeset="173325693" timestamp="2025-10-15T15:12:44Z" user="Falig44" uid="23098618" lat="47.3592488" lon="-1.7490297"/>
 <node id="13234988610" visible="true" version="1" changeset="173325693" timestamp="2025-10-15T15:12:44Z" user="Falig44" uid="23098618" lat="47.3629711" lon="-1.7482548"/>
 <node id="13234988611" visible="true" version="1" changeset="173325693" timestamp="2025-10-15T15:12:44Z" user="Falig44" uid="23098618" lat="47.3620483" lon="-1.7475177"/>
 <node id="13235018201" visible="true" version="1" changeset="173326290" timestamp="2025-10-15T15:27:10Z" user="Falig44" uid="23098618" lat="47.3529256" lon="-1.7764604"/>
 <node id="13235018202" visible="true" version="1" changeset="173326290" timestamp="2025-10-15T15:27:10Z" user="Falig44" uid="23098618" lat="47.3530170" lon="-1.7767976"/>
 <node id="13235018203" visible="true" version="1" changeset="173326290" timestamp="2025-10-15T15:27:10Z" user="Falig44" uid="23098618" lat="47.3539478" lon="-1.7762918"/>
 <node id="13235018204" visible="true" version="1" changeset="173326290" timestamp="2025-10-15T15:27:10Z" user="Falig44" uid="23098618" lat="47.3545303" lon="-1.7783992"/>
 <node id="13235018205" visible="true" version="1" changeset="173326290" timestamp="2025-10-15T15:27:10Z" user="Falig44" uid="23098618" lat="47.3541191" lon="-1.7785846"/>
 <node id="13235018206" visible="true" version="1" changeset="173326290" timestamp="2025-10-15T15:27:10Z" user="Falig44" uid="23098618" lat="47.3545760" lon="-1.7800092"/>
 <node id="13235018207" visible="true" version="1" changeset="173326290" timestamp="2025-10-15T15:27:10Z" user="Falig44" uid="23098618" lat="47.3535709" lon="-1.7805065"/>
 <node id="13235018208" visible="true" version="1" changeset="173326290" timestamp="2025-10-15T15:27:10Z" user="Falig44" uid="23098618" lat="47.3531769" lon="-1.7793854"/>
 <node id="13235018209" visible="true" version="1" changeset="173326290" timestamp="2025-10-15T15:27:10Z" user="Falig44" uid="23098618" lat="47.3525087" lon="-1.7796130"/>
 <node id="13235018210" visible="true" version="1" changeset="173326290" timestamp="2025-10-15T15:27:10Z" user="Falig44" uid="23098618" lat="47.3526743" lon="-1.7779693"/>
 <node id="13235018214" visible="true" version="1" changeset="173326290" timestamp="2025-10-15T15:27:10Z" user="Falig44" uid="23098618" lat="47.3564005" lon="-1.7778828"/>
 <node id="13235018215" visible="true" version="1" changeset="173326290" timestamp="2025-10-15T15:27:10Z" user="Falig44" uid="23098618" lat="47.3562821" lon="-1.7774361"/>
 <node id="13235018216" visible="true" version="1" changeset="173326290" timestamp="2025-10-15T15:27:10Z" user="Falig44" uid="23098618" lat="47.3561111" lon="-1.7754942"/>
 <node id="13235018217" visible="true" version="1" changeset="173326290" timestamp="2025-10-15T15:27:10Z" user="Falig44" uid="23098618" lat="47.3540452" lon="-1.7766441"/>
 <node id="13235018218" visible="true" version="1" changeset="173326290" timestamp="2025-10-15T15:27:10Z" user="Falig44" uid="23098618" lat="47.3550784" lon="-1.7781546"/>
 <node id="13235018219" visible="true" version="1" changeset="173326290" timestamp="2025-10-15T15:27:10Z" user="Falig44" uid="23098618" lat="47.3551310" lon="-1.7783100"/>
 <node id="13235018220" visible="true" version="1" changeset="173326290" timestamp="2025-10-15T15:27:10Z" user="Falig44" uid="23098618" lat="47.3526533" lon="-1.7753657"/>
 <node id="13235018224" visible="true" version="1" changeset="173326290" timestamp="2025-10-15T15:27:10Z" user="Falig44" uid="23098618" lat="47.3525337" lon="-1.7793650"/>
 <node id="13235018299" visible="true" version="1" changeset="173326290" timestamp="2025-10-15T15:27:10Z" user="Falig44" uid="23098618" lat="47.3523396" lon="-1.7767694"/>
 <node id="13235018313" visible="true" version="1" changeset="173326290" timestamp="2025-10-15T15:27:10Z" user="Falig44" uid="23098618" lat="47.3536379" lon="-1.7725185"/>
 <node id="13235018314" visible="true" version="1" changeset="173326290" timestamp="2025-10-15T15:27:10Z" user="Falig44" uid="23098618" lat="47.3526870" lon="-1.7703308"/>
 <node id="13235018315" visible="true" version="1" changeset="173326290" timestamp="2025-10-15T15:27:10Z" user="Falig44" uid="23098618" lat="47.3537994" lon="-1.7716157"/>
 <node id="13235018316" visible="true" version="1" changeset="173326290" timestamp="2025-10-15T15:27:10Z" user="Falig44" uid="23098618" lat="47.3530393" lon="-1.7699005"/>
 <node id="13235018317" visible="true" version="1" changeset="173326290" timestamp="2025-10-15T15:27:10Z" user="Falig44" uid="23098618" lat="47.3586854" lon="-1.7767242"/>
 <node id="13235018318" visible="true" version="1" changeset="173326290" timestamp="2025-10-15T15:27:10Z" user="Falig44" uid="23098618" lat="47.3582961" lon="-1.7739941"/>
 <node id="13235018319" visible="true" version="1" changeset="173326290" timestamp="2025-10-15T15:27:10Z" user="Falig44" uid="23098618" lat="47.3578764" lon="-1.7740063"/>
 <node id="13235018320" visible="true" version="1" changeset="173326290" timestamp="2025-10-15T15:27:10Z" user="Falig44" uid="23098618" lat="47.3561899" lon="-1.7746211"/>
 <node id="13235018321" visible="true" version="1" changeset="173326290" timestamp="2025-10-15T15:27:10Z" user="Falig44" uid="23098618" lat="47.3563718" lon="-1.7771250"/>
 <node id="13235018322" visible="true" version="1" changeset="173326290" timestamp="2025-10-15T15:27:10Z" user="Falig44" uid="23098618" lat="47.3565439" lon="-1.7776648"/>
 <node id="13235018323" visible="true" version="1" changeset="173326290" timestamp="2025-10-15T15:27:10Z" user="Falig44" uid="23098618" lat="47.3583846" lon="-1.7769333"/>
 <node id="13235018324" visible="true" version="1" changeset="173326290" timestamp="2025-10-15T15:27:10Z" user="Falig44" uid="23098618" lat="47.3584779" lon="-1.7768684"/>
 <node id="13235018325" visible="true" version="1" changeset="173326290" timestamp="2025-10-15T15:27:10Z" user="Falig44" uid="23098618" lat="47.3587092" lon="-1.7785951"/>
 <node id="13235018326" visible="true" version="1" changeset="173326290" timestamp="2025-10-15T15:27:10Z" user="Falig44" uid="23098618" lat="47.3568854" lon="-1.7791251"/>
 <node id="13235018327" visible="true" version="1" changeset="173326290" timestamp="2025-10-15T15:27:10Z" user="Falig44" uid="23098618" lat="47.3575590" lon="-1.7809442"/>
 <node id="13235018328" visible="true" version="1" changeset="173326290" timestamp="2025-10-15T15:27:10Z" user="Falig44" uid="23098618" lat="47.3572978" lon="-1.7792091"/>
 <node id="13235018329" visible="true" version="1" changeset="173326290" timestamp="2025-10-15T15:27:10Z" user="Falig44" uid="23098618" lat="47.3567600" lon="-1.7793565"/>
 <node id="13235018330" visible="true" version="1" changeset="173326290" timestamp="2025-10-15T15:27:10Z" user="Falig44" uid="23098618" lat="47.3550084" lon="-1.7813751"/>
 <node id="13235018331" visible="true" version="1" changeset="173326290" timestamp="2025-10-15T15:27:10Z" user="Falig44" uid="23098618" lat="47.3560148" lon="-1.7811597"/>
 <node id="13235018332" visible="true" version="1" changeset="173326290" timestamp="2025-10-15T15:27:10Z" user="Falig44" uid="23098618" lat="47.3565833" lon="-1.7809215"/>
 <node id="13235018333" visible="true" version="1" changeset="173326290" timestamp="2025-10-15T15:27:10Z" user="Falig44" uid="23098618" lat="47.3570136" lon="-1.7811030"/>
 <node id="13235018348" visible="true" version="1" changeset="173326290" timestamp="2025-10-15T15:27:10Z" user="Falig44" uid="23098618" lat="47.3559932" lon="-1.7811643"/>
 <node id="13235018350" visible="true" version="1" changeset="173326290" timestamp="2025-10-15T15:27:10Z" user="Falig44" uid="23098618" lat="47.3561193" lon="-1.7816404"/>
 <node id="13235018356" visible="true" version="1" changeset="173326290" timestamp="2025-10-15T15:27:10Z" user="Falig44" uid="23098618" lat="47.3536216" lon="-1.7804814"/>
 <node id="13236009465" visible="true" version="1" changeset="173348894" timestamp="2025-10-16T06:26:06Z" user="Falig44" uid="23098618" lat="47.3616554" lon="-1.7775651"/>
 <node id="13236009466" visible="true" version="1" changeset="173348894" timestamp="2025-10-16T06:26:06Z" user="Falig44" uid="23098618" lat="47.3614681" lon="-1.7766034"/>
 <node id="13236009467" visible="true" version="1" changeset="173348894" timestamp="2025-10-16T06:26:06Z" user="Falig44" uid="23098618" lat="47.3595709" lon="-1.7771804"/>
 <node id="13236009468" visible="true" version="1" changeset="173348894" timestamp="2025-10-16T06:26:06Z" user="Falig44" uid="23098618" lat="47.3595547" lon="-1.7768679"/>
 <node id="13236009469" visible="true" version="1" changeset="173348894" timestamp="2025-10-16T06:26:06Z" user="Falig44" uid="23098618" lat="47.3606783" lon="-1.7765073"/>
 <node id="13236009470" visible="true" version="1" changeset="173348894" timestamp="2025-10-16T06:26:06Z" user="Falig44" uid="23098618" lat="47.3606783" lon="-1.7760865"/>
 <node id="13236009471" visible="true" version="1" changeset="173348894" timestamp="2025-10-16T06:26:06Z" user="Falig44" uid="23098618" lat="47.3615333" lon="-1.7759663"/>
 <node id="13236009472" visible="true" version="1" changeset="173348894" timestamp="2025-10-16T06:26:06Z" user="Falig44" uid="23098618" lat="47.3612564" lon="-1.7751730"/>
 <node id="13236009473" visible="true" version="1" changeset="173348894" timestamp="2025-10-16T06:26:06Z" user="Falig44" uid="23098618" lat="47.3605318" lon="-1.7759663"/>
 <node id="13236009474" visible="true" version="1" changeset="173348894" timestamp="2025-10-16T06:26:06Z" user="Falig44" uid="23098618" lat="47.3593674" lon="-1.7763870"/>
 <node id="13236009475" visible="true" version="1" changeset="173348894" timestamp="2025-10-16T06:26:06Z" user="Falig44" uid="23098618" lat="47.3595791" lon="-1.7781541"/>
 <node id="13236009476" visible="true" version="1" changeset="173348894" timestamp="2025-10-16T06:26:06Z" user="Falig44" uid="23098618" lat="47.3614245" lon="-1.7759816"/>
 <node id="13236009477" visible="true" version="1" changeset="173348894" timestamp="2025-10-16T06:26:06Z" user="Falig44" uid="23098618" lat="47.3653851" lon="-1.7789359"/>
 <node id="13236009478" visible="true" version="1" changeset="173348894" timestamp="2025-10-16T06:26:06Z" user="Falig44" uid="23098618" lat="47.3645440" lon="-1.7781846"/>
 <node id="13236009479" visible="true" version="1" changeset="173348894" timestamp="2025-10-16T06:26:06Z" user="Falig44" uid="23098618" lat="47.3646005" lon="-1.7788420"/>
 <node id="13236009480" visible="true" version="1" changeset="173348894" timestamp="2025-10-16T06:26:06Z" user="Falig44" uid="23098618" lat="47.3671746" lon="-1.7681693"/>
 <node id="13236009481" visible="true" version="1" changeset="173348894" timestamp="2025-10-16T06:26:06Z" user="Falig44" uid="23098618" lat="47.3677643" lon="-1.7673636"/>
 <node id="13236009482" visible="true" version="1" changeset="173348894" timestamp="2025-10-16T06:26:06Z" user="Falig44" uid="23098618" lat="47.3688192" lon="-1.7684268"/>
 <node id="13236009483" visible="true" version="1" changeset="173348894" timestamp="2025-10-16T06:26:06Z" user="Falig44" uid="23098618" lat="47.3681443" lon="-1.7688900"/>
 <node id="13236009484" visible="true" version="1" changeset="173348894" timestamp="2025-10-16T06:26:06Z" user="Falig44" uid="23098618" lat="47.3710710" lon="-1.7707819"/>
 <node id="13236009485" visible="true" version="1" changeset="173348894" timestamp="2025-10-16T06:26:06Z" user="Falig44" uid="23098618" lat="47.3714386" lon="-1.7693505"/>
 <node id="13236009486" visible="true" version="1" changeset="173348894" timestamp="2025-10-16T06:26:06Z" user="Falig44" uid="23098618" lat="47.3701069" lon="-1.7689651"/>
 <node id="13236009487" visible="true" version="1" changeset="173348894" timestamp="2025-10-16T06:26:06Z" user="Falig44" uid="23098618" lat="47.3700963" lon="-1.7692483"/>
 <node id="13236009488" visible="true" version="1" changeset="173348894" timestamp="2025-10-16T06:26:06Z" user="Falig44" uid="23098618" lat="47.3705810" lon="-1.7693898"/>
 <node id="13236009489" visible="true" version="1" changeset="173348894" timestamp="2025-10-16T06:26:06Z" user="Falig44" uid="23098618" lat="47.3705810" lon="-1.7697201"/>
 <node id="13236009490" visible="true" version="1" changeset="173348894" timestamp="2025-10-16T06:26:06Z" user="Falig44" uid="23098618" lat="47.3701762" lon="-1.7696572"/>
 <node id="13236009491" visible="true" version="1" changeset="173348894" timestamp="2025-10-16T06:26:06Z" user="Falig44" uid="23098618" lat="47.3701389" lon="-1.7699718"/>
 <node id="13236009492" visible="true" version="1" changeset="173348894" timestamp="2025-10-16T06:26:06Z" user="Falig44" uid="23098618" lat="47.3703573" lon="-1.7705538"/>
 <node id="13236009496" visible="true" version="1" changeset="173348894" timestamp="2025-10-16T06:26:06Z" user="Falig44" uid="23098618" lat="47.3732869" lon="-1.7730155"/>
 <node id="13236009499" visible="true" version="1" changeset="173348894" timestamp="2025-10-16T06:26:06Z" user="Falig44" uid="23098618" lat="47.3727170" lon="-1.7735175"/>
 <node id="13236009500" visible="true" version="1" changeset="173348894" timestamp="2025-10-16T06:26:06Z" user="Falig44" uid="23098618" lat="47.3731631" lon="-1.7729926"/>
 <node id="13236011019" visible="true" version="1" changeset="173348894" timestamp="2025-10-16T06:26:06Z" user="Falig44" uid="23098618" lat="47.3641118" lon="-1.7589114"/>
 <node id="13236011020" visible="true" version="1" changeset="173348894" timestamp="2025-10-16T06:26:06Z" user="Falig44" uid="23098618" lat="47.3649831" lon="-1.7591071"/>
 <node id="13236011021" visible="true" version="1" changeset="173348894" timestamp="2025-10-16T06:26:06Z" user="Falig44" uid="23098618" lat="47.3649028" lon="-1.7604704"/>
 <node id="13236011022" visible="true" version="1" changeset="173348894" timestamp="2025-10-16T06:26:06Z" user="Falig44" uid="23098618" lat="47.3639593" lon="-1.7601977"/>
 <node id="13236011023" visible="true" version="1" changeset="173348894" timestamp="2025-10-16T06:26:06Z" user="Falig44" uid="23098618" lat="47.3648182" lon="-1.7604837"/>
 <node id="13236011024" visible="true" version="1" changeset="173348894" timestamp="2025-10-16T06:26:06Z" user="Falig44" uid="23098618" lat="47.3639813" lon="-1.7602447"/>
 <node id="13236011025" visible="true" version="1" changeset="173348894" timestamp="2025-10-16T06:26:06Z" user="Falig44" uid="23098618" lat="47.3639493" lon="-1.7601302"/>
 <node id="13236011026" visible="true" version="1" changeset="173348894" timestamp="2025-10-16T06:26:06Z" user="Falig44" uid="23098618" lat="47.3658849" lon="-1.7564842"/>
 <node id="13236011027" visible="true" version="1" changeset="173348894" timestamp="2025-10-16T06:26:06Z" user="Falig44" uid="23098618" lat="47.3578093" lon="-1.7737863"/>
 <node id="13236011028" visible="true" version="1" changeset="173348894" timestamp="2025-10-16T06:26:06Z" user="Falig44" uid="23098618" lat="47.3583757" lon="-1.7739831"/>
 <node id="13236011029" visible="true" version="1" changeset="173348894" timestamp="2025-10-16T06:26:06Z" user="Falig44" uid="23098618" lat="47.3594754" lon="-1.7736217"/>
 <node id="13236011030" visible="true" version="1" changeset="173348894" timestamp="2025-10-16T06:26:06Z" user="Falig44" uid="23098618" lat="47.3612199" lon="-1.7725140"/>
 <node id="13236011031" visible="true" version="1" changeset="173348894" timestamp="2025-10-16T06:26:06Z" user="Falig44" uid="23098618" lat="47.3617545" lon="-1.7743140"/>
 <node id="13236011032" visible="true" version="1" changeset="173348894" timestamp="2025-10-16T06:26:06Z" user="Falig44" uid="23098618" lat="47.3593808" lon="-1.7764994"/>
 <node id="13236011033" visible="true" version="1" changeset="173348894" timestamp="2025-10-16T06:26:06Z" user="Falig44" uid="23098618" lat="47.3588282" lon="-1.7767371"/>
 <node id="13236011034" visible="true" version="1" changeset="173348894" timestamp="2025-10-16T06:26:06Z" user="Falig44" uid="23098618" lat="47.3585378" lon="-1.7805427"/>
 <node id="13236011035" visible="true" version="1" changeset="173348894" timestamp="2025-10-16T06:26:06Z" user="Falig44" uid="23098618" lat="47.3583033" lon="-1.7788833"/>
 <node id="13236011036" visible="true" version="1" changeset="173348894" timestamp="2025-10-16T06:26:06Z" user="Falig44" uid="23098618" lat="47.3574509" lon="-1.7791507"/>
 <node id="13236011038" visible="true" version="1" changeset="173348894" timestamp="2025-10-16T06:26:06Z" user="Falig44" uid="23098618" lat="47.3588361" lon="-1.7786866"/>
 <node id="13236011039" visible="true" version="1" changeset="173348894" timestamp="2025-10-16T06:26:06Z" user="Falig44" uid="23098618" lat="47.3586123" lon="-1.7769485"/>
 <node id="13236011040" visible="true" version="1" changeset="173348894" timestamp="2025-10-16T06:26:06Z" user="Falig44" uid="23098618" lat="47.3596478" lon="-1.7781346"/>
 <node id="13236011041" visible="true" version="1" changeset="173348894" timestamp="2025-10-16T06:26:06Z" user="Falig44" uid="23098618" lat="47.3599123" lon="-1.7802753"/>
 <node id="13236011042" visible="true" version="1" changeset="173348894" timestamp="2025-10-16T06:26:06Z" user="Falig44" uid="23098618" lat="47.3629227" lon="-1.7752399"/>
 <node id="13236011043" visible="true" version="1" changeset="173348894" timestamp="2025-10-16T06:26:06Z" user="Falig44" uid="23098618" lat="47.3635333" lon="-1.7750956"/>
 <node id="13236011044" visible="true" version="1" changeset="173348894" timestamp="2025-10-16T06:26:06Z" user="Falig44" uid="23098618" lat="47.3650152" lon="-1.7751437"/>
 <node id="13236011045" visible="true" version="1" changeset="173348894" timestamp="2025-10-16T06:26:06Z" user="Falig44" uid="23098618" lat="47.3654060" lon="-1.7767665"/>
 <node id="13236011046" visible="true" version="1" changeset="173348894" timestamp="2025-10-16T06:26:06Z" user="Falig44" uid="23098618" lat="47.3653734" lon="-1.7772353"/>
 <node id="13236011047" visible="true" version="1" changeset="173348894" timestamp="2025-10-16T06:26:06Z" user="Falig44" uid="23098618" lat="47.3651204" lon="-1.7776656"/>
 <node id="13236011048" visible="true" version="1" changeset="173348894" timestamp="2025-10-16T06:26:06Z" user="Falig44" uid="23098618" lat="47.3644208" lon="-1.7780527"/>
 <node id="13236011049" visible="true" version="1" changeset="173348894" timestamp="2025-10-16T06:26:06Z" user="Falig44" uid="23098618" lat="47.3631995" lon="-1.7781729"/>
 <node id="13236011050" visible="true" version="1" changeset="173348894" timestamp="2025-10-16T06:26:06Z" user="Falig44" uid="23098618" lat="47.3625074" lon="-1.7786537"/>
 <node id="13236011051" visible="true" version="1" changeset="173348894" timestamp="2025-10-16T06:26:06Z" user="Falig44" uid="23098618" lat="47.3625481" lon="-1.7789783"/>
 <node id="13236011052" visible="true" version="1" changeset="173348894" timestamp="2025-10-16T06:26:06Z" user="Falig44" uid="23098618" lat="47.3618316" lon="-1.7793028"/>
 <node id="13236011053" visible="true" version="1" changeset="173348894" timestamp="2025-10-16T06:26:06Z" user="Falig44" uid="23098618" lat="47.3608953" lon="-1.7800481"/>
 <node id="13236011054" visible="true" version="1" changeset="173348894" timestamp="2025-10-16T06:26:06Z" user="Falig44" uid="23098618" lat="47.3628098" lon="-1.7790429"/>
 <node id="13236011055" visible="true" version="1" changeset="173348894" timestamp="2025-10-16T06:26:06Z" user="Falig44" uid="23098618" lat="47.3627657" lon="-1.7801394"/>
 <node id="13236011062" visible="true" version="1" changeset="173348894" timestamp="2025-10-16T06:26:06Z" user="Falig44" uid="23098618" lat="47.3603466" lon="-1.7689640"/>
 <node id="13236011063" visible="true" version="1" changeset="173348894" timestamp="2025-10-16T06:26:06Z" user="Falig44" uid="23098618" lat="47.3612361" lon="-1.7721406"/>
 <node id="13236011064" visible="true" version="1" changeset="173348894" timestamp="2025-10-16T06:26:06Z" user="Falig44" uid="23098618" lat="47.3630245" lon="-1.7709718"/>
 <node id="13236011065" visible="true" version="1" changeset="173348894" timestamp="2025-10-16T06:26:06Z" user="Falig44" uid="23098618" lat="47.3618935" lon="-1.7712223">
  <tag k="natural" v="tree"/>
 </node>
 <node id="13236011066" visible="true" version="1" changeset="173348894" timestamp="2025-10-16T06:26:06Z" user="Falig44" uid="23098618" lat="47.3617522" lon="-1.7708049">
  <tag k="natural" v="tree"/>
 </node>
 <node id="13236011067" visible="true" version="1" changeset="173348894" timestamp="2025-10-16T06:26:06Z" user="Falig44" uid="23098618" lat="47.3616391" lon="-1.7704083">
  <tag k="natural" v="tree"/>
 </node>
 <node id="13236011068" visible="true" version="1" changeset="173348894" timestamp="2025-10-16T06:26:06Z" user="Falig44" uid="23098618" lat="47.3615260" lon="-1.7700222">
  <tag k="natural" v="tree"/>
 </node>
 <node id="13236011069" visible="true" version="1" changeset="173348894" timestamp="2025-10-16T06:26:06Z" user="Falig44" uid="23098618" lat="47.3613139" lon="-1.7693335">
  <tag k="natural" v="tree"/>
 </node>
 <node id="13236011070" visible="true" version="1" changeset="173348894" timestamp="2025-10-16T06:26:06Z" user="Falig44" uid="23098618" lat="47.3608827" lon="-1.7646792"/>
 <node id="13236011071" visible="true" version="1" changeset="173348894" timestamp="2025-10-16T06:26:06Z" user="Falig44" uid="23098618" lat="47.3607505" lon="-1.7669920"/>
 <node id="13236011072" visible="true" version="1" changeset="173348894" timestamp="2025-10-16T06:26:06Z" user="Falig44" uid="23098618" lat="47.3600910" lon="-1.7650445"/>
 <node id="13236011073" visible="true" version="1" changeset="173348894" timestamp="2025-10-16T06:26:06Z" user="Falig44" uid="23098618" lat="47.3599072" lon="-1.7605155"/>
 <node id="13236011074" visible="true" version="1" changeset="173348894" timestamp="2025-10-16T06:26:06Z" user="Falig44" uid="23098618" lat="47.3600132" lon="-1.7604216"/>
 <node id="13236011075" visible="true" version="1" changeset="173348894" timestamp="2025-10-16T06:26:06Z" user="Falig44" uid="23098618" lat="47.3610099" lon="-1.7606094"/>
 <node id="13236011076" visible="true" version="1" changeset="173348894" timestamp="2025-10-16T06:26:06Z" user="Falig44" uid="23098618" lat="47.3609958" lon="-1.7616321"/>
 <node id="13236011077" visible="true" version="1" changeset="173348894" timestamp="2025-10-16T06:26:06Z" user="Falig44" uid="23098618" lat="47.3608474" lon="-1.7633331"/>
 <node id="13236011078" visible="true" version="1" changeset="173348894" timestamp="2025-10-16T06:26:06Z" user="Falig44" uid="23098618" lat="47.3610524" lon="-1.7644705"/>
 <node id="13236011079" visible="true" version="1" changeset="173348894" timestamp="2025-10-16T06:26:06Z" user="Falig44" uid="23098618" lat="47.3609675" lon="-1.7645540"/>
 <node id="13236011080" visible="true" version="1" changeset="173348894" timestamp="2025-10-16T06:26:06Z" user="Falig44" uid="23098618" lat="47.3608120" lon="-1.7645018"/>
 <node id="13236011081" visible="true" version="1" changeset="173348894" timestamp="2025-10-16T06:26:06Z" user="Falig44" uid="23098618" lat="47.3607413" lon="-1.7643453"/>
 <node id="13236011082" visible="true" version="1" changeset="173348894" timestamp="2025-10-16T06:26:06Z" user="Falig44" uid="23098618" lat="47.3600557" lon="-1.7643766"/>
 <node id="13236011083" visible="true" version="1" changeset="173348894" timestamp="2025-10-16T06:26:06Z" user="Falig44" uid="23098618" lat="47.3593276" lon="-1.7647627"/>
 <node id="13236011084" visible="true" version="1" changeset="173348894" timestamp="2025-10-16T06:26:06Z" user="Falig44" uid="23098618" lat="47.3587832" lon="-1.7649297"/>
 <node id="13236011085" visible="true" version="1" changeset="173348894" timestamp="2025-10-16T06:26:06Z" user="Falig44" uid="23098618" lat="47.3598860" lon="-1.7642201"/>
 <node id="13236011086" visible="true" version="1" changeset="173348894" timestamp="2025-10-16T06:26:06Z" user="Falig44" uid="23098618" lat="47.3595608" lon="-1.7629052"/>
 <node id="13236025377" visible="true" version="1" changeset="173349576" timestamp="2025-10-16T06:44:46Z" user="Falig44" uid="23098618" lat="47.3570233" lon="-1.7854021"/>
 <node id="13249842834" visible="true" version="1" changeset="173626046" timestamp="2025-10-22T12:42:34Z" user="Falig44" uid="23098618" lat="47.3678453" lon="-1.7877030"/>
 <node id="13249866793" visible="true" version="1" changeset="173626874" timestamp="2025-10-22T13:01:19Z" user="Falig44" uid="23098618" lat="47.3682100" lon="-1.7893088"/>
 <node id="13249881816" visible="true" version="1" changeset="173626874" timestamp="2025-10-22T13:01:19Z" user="Falig44" uid="23098618" lat="47.3662805" lon="-1.7790078"/>
 <node id="13249881817" visible="true" version="1" changeset="173626874" timestamp="2025-10-22T13:01:19Z" user="Falig44" uid="23098618" lat="47.3662805" lon="-1.7803501"/>
 <node id="13249881818" visible="true" version="1" changeset="173626874" timestamp="2025-10-22T13:01:19Z" user="Falig44" uid="23098618" lat="47.3652121" lon="-1.7777146"/>
 <node id="13249881819" visible="true" version="1" changeset="173626874" timestamp="2025-10-22T13:01:19Z" user="Falig44" uid="23098618" lat="47.3656329" lon="-1.7771261"/>
 <node id="13249881820" visible="true" version="1" changeset="173626874" timestamp="2025-10-22T13:01:19Z" user="Falig44" uid="23098618" lat="47.3660089" lon="-1.7764570"/>
 <node id="13249881821" visible="true" version="1" changeset="173626874" timestamp="2025-10-22T13:01:19Z" user="Falig44" uid="23098618" lat="47.3675805" lon="-1.7746064"/>
 <node id="13249881822" visible="true" version="1" changeset="173626874" timestamp="2025-10-22T13:01:19Z" user="Falig44" uid="23098618" lat="47.3676901" lon="-1.7780229"/>
 <node id="13249881823" visible="true" version="1" changeset="173626874" timestamp="2025-10-22T13:01:19Z" user="Falig44" uid="23098618" lat="47.3662692" lon="-1.7779090"/>
 <node id="13249881824" visible="true" version="1" changeset="173626874" timestamp="2025-10-22T13:01:19Z" user="Falig44" uid="23098618" lat="47.3662743" lon="-1.7790054"/>
 <node id="13249881825" visible="true" version="1" changeset="173626874" timestamp="2025-10-22T13:01:19Z" user="Falig44" uid="23098618" lat="47.3634937" lon="-1.7714926"/>
 <node id="13249881826" visible="true" version="1" changeset="173626874" timestamp="2025-10-22T13:01:19Z" user="Falig44" uid="23098618" lat="47.3631884" lon="-1.7727372"/>
 <node id="13249881827" visible="true" version="1" changeset="173626874" timestamp="2025-10-22T13:01:19Z" user="Falig44" uid="23098618" lat="47.3633846" lon="-1.7730054"/>
 <node id="13249881828" visible="true" version="1" changeset="173626874" timestamp="2025-10-22T13:01:19Z" user="Falig44" uid="23098618" lat="47.3624617" lon="-1.7744216"/>
 <node id="13249881829" visible="true" version="1" changeset="173626874" timestamp="2025-10-22T13:01:19Z" user="Falig44" uid="23098618" lat="47.3632102" lon="-1.7712351"/>
 <node id="13249881830" visible="true" version="1" changeset="173626874" timestamp="2025-10-22T13:01:19Z" user="Falig44" uid="23098618" lat="47.3622381" lon="-1.7755978"/>
 <node id="13249881831" visible="true" version="1" changeset="173626874" timestamp="2025-10-22T13:01:19Z" user="Falig44" uid="23098618" lat="47.3618295" lon="-1.7741105"/>
 <node id="13249881832" visible="true" version="1" changeset="173626874" timestamp="2025-10-22T13:01:19Z" user="Falig44" uid="23098618" lat="47.3628977" lon="-1.7721042"/>
 <node id="13249881833" visible="true" version="1" changeset="173626874" timestamp="2025-10-22T13:01:19Z" user="Falig44" uid="23098618" lat="47.3632345" lon="-1.7725493"/>
 <node id="13249881834" visible="true" version="1" changeset="173626874" timestamp="2025-10-22T13:01:19Z" user="Falig44" uid="23098618" lat="47.3620636" lon="-1.7736708"/>
 <node id="13249881835" visible="true" version="1" changeset="173626874" timestamp="2025-10-22T13:01:19Z" user="Falig44" uid="23098618" lat="47.3622817" lon="-1.7732610"/>
 <node id="13249881836" visible="true" version="1" changeset="173626874" timestamp="2025-10-22T13:01:19Z" user="Falig44" uid="23098618" lat="47.3620983" lon="-1.7725119"/>
 <node id="13249881837" visible="true" version="1" changeset="173626874" timestamp="2025-10-22T13:01:19Z" user="Falig44" uid="23098618" lat="47.3637132" lon="-1.7713403"/>
 <node id="13249881838" visible="true" version="1" changeset="173626874" timestamp="2025-10-22T13:01:19Z" user="Falig44" uid="23098618" lat="47.3637559" lon="-1.7716384"/>
 <node id="13249881839" visible="true" version="1" changeset="173626874" timestamp="2025-10-22T13:01:19Z" user="Falig44" uid="23098618" lat="47.3635290" lon="-1.7727789"/>
 <node id="13249881840" visible="true" version="1" changeset="173626874" timestamp="2025-10-22T13:01:19Z" user="Falig44" uid="23098618" lat="47.3633475" lon="-1.7709960"/>
 <node id="13249881841" visible="true" version="1" changeset="173626874" timestamp="2025-10-22T13:01:19Z" user="Falig44" uid="23098618" lat="47.3649219" lon="-1.7721421"/>
 <node id="13249881842" visible="true" version="1" changeset="173626874" timestamp="2025-10-22T13:01:19Z" user="Falig44" uid="23098618" lat="47.3646380" lon="-1.7733250"/>
 <node id="13249881843" visible="true" version="1" changeset="173626874" timestamp="2025-10-22T13:01:19Z" user="Falig44" uid="23098618" lat="47.3646380" lon="-1.7743961"/>
 <node id="13249881844" visible="true" version="1" changeset="173626874" timestamp="2025-10-22T13:01:19Z" user="Falig44" uid="23098618" lat="47.3647385" lon="-1.7751347"/>
 <node id="13249881845" visible="true" version="1" changeset="173626874" timestamp="2025-10-22T13:01:19Z" user="Falig44" uid="23098618" lat="47.3639503" lon="-1.7716364"/>
 <node id="13249881846" visible="true" version="1" changeset="173626874" timestamp="2025-10-22T13:01:19Z" user="Falig44" uid="23098618" lat="47.3670288" lon="-1.7733358"/>
 <node id="13249881847" visible="true" version="1" changeset="173626874" timestamp="2025-10-22T13:01:19Z" user="Falig44" uid="23098618" lat="47.3678659" lon="-1.7737436"/>
 <node id="13249881848" visible="true" version="1" changeset="173626874" timestamp="2025-10-22T13:01:19Z" user="Falig44" uid="23098618" lat="47.3675394" lon="-1.7743368"/>
 <node id="13249881849" visible="true" version="1" changeset="173626874" timestamp="2025-10-22T13:01:19Z" user="Falig44" uid="23098618" lat="47.3658988" lon="-1.7762400"/>
 <node id="13249881850" visible="true" version="1" changeset="173626874" timestamp="2025-10-22T13:01:19Z" user="Falig44" uid="23098618" lat="47.3673529" lon="-1.7703710"/>
 <node id="13249881851" visible="true" version="1" changeset="173626874" timestamp="2025-10-22T13:01:19Z" user="Falig44" uid="23098618" lat="47.3678074" lon="-1.7710988"/>
 <node id="13249881852" visible="true" version="1" changeset="173626874" timestamp="2025-10-22T13:01:19Z" user="Falig44" uid="23098618" lat="47.3684208" lon="-1.7716567"/>
 <node id="13249881853" visible="true" version="1" changeset="173626874" timestamp="2025-10-22T13:01:19Z" user="Falig44" uid="23098618" lat="47.3682456" lon="-1.7728939"/>
 <node id="13249881854" visible="true" version="1" changeset="173626874" timestamp="2025-10-22T13:01:19Z" user="Falig44" uid="23098618" lat="47.3679882" lon="-1.7734841"/>
 <node id="13249881855" visible="true" version="1" changeset="173626874" timestamp="2025-10-22T13:01:19Z" user="Falig44" uid="23098618" lat="47.3674679" lon="-1.7733709"/>
 <node id="13249881856" visible="true" version="1" changeset="173626874" timestamp="2025-10-22T13:01:19Z" user="Falig44" uid="23098618" lat="47.3687220" lon="-1.7710503"/>
 <node id="13249881857" visible="true" version="1" changeset="173626874" timestamp="2025-10-22T13:01:19Z" user="Falig44" uid="23098618" lat="47.3682645" lon="-1.7736300"/>
 <node id="13249881858" visible="true" version="1" changeset="173626874" timestamp="2025-10-22T13:01:19Z" user="Falig44" uid="23098618" lat="47.3695609" lon="-1.7736060"/>
 <node id="13249881859" visible="true" version="1" changeset="173626874" timestamp="2025-10-22T13:01:19Z" user="Falig44" uid="23098618" lat="47.3695589" lon="-1.7740177"/>
 <node id="13249881860" visible="true" version="1" changeset="173626874" timestamp="2025-10-22T13:01:19Z" user="Falig44" uid="23098618" lat="47.3693147" lon="-1.7740177"/>
 <node id="13249881861" visible="true" version="1" changeset="173626874" timestamp="2025-10-22T13:01:19Z" user="Falig44" uid="23098618" lat="47.3682706" lon="-1.7737141"/>
 <node id="13249881862" visible="true" version="1" changeset="173626874" timestamp="2025-10-22T13:01:19Z" user="Falig44" uid="23098618" lat="47.3695540" lon="-1.7722399"/>
 <node id="13249881863" visible="true" version="1" changeset="173626874" timestamp="2025-10-22T13:01:19Z" user="Falig44" uid="23098618" lat="47.3691558" lon="-1.7727451"/>
 <node id="13249881864" visible="true" version="1" changeset="173626874" timestamp="2025-10-22T13:01:19Z" user="Falig44" uid="23098618" lat="47.3683471" lon="-1.7721773"/>
 <node id="13249881865" visible="true" version="1" changeset="173626874" timestamp="2025-10-22T13:01:19Z" user="Falig44" uid="23098618" lat="47.3685445" lon="-1.7708446"/>
 <node id="13249881866" visible="true" version="1" changeset="173626874" timestamp="2025-10-22T13:01:19Z" user="Falig44" uid="23098618" lat="47.3688541" lon="-1.7703063"/>
 <node id="13249881867" visible="true" version="1" changeset="173626874" timestamp="2025-10-22T13:01:19Z" user="Falig44" uid="23098618" lat="47.3691403" lon="-1.7704257"/>
 <node id="13249881868" visible="true" version="1" changeset="173626874" timestamp="2025-10-22T13:01:19Z" user="Falig44" uid="23098618" lat="47.3692927" lon="-1.7699939"/>
 <node id="13249881869" visible="true" version="1" changeset="173626874" timestamp="2025-10-22T13:01:19Z" user="Falig44" uid="23098618" lat="47.3693611" lon="-1.7696173"/>
 <node id="13249881870" visible="true" version="1" changeset="173626874" timestamp="2025-10-22T13:01:19Z" user="Falig44" uid="23098618" lat="47.3682125" lon="-1.7688432"/>
 <node id="13249881871" visible="true" version="1" changeset="173626874" timestamp="2025-10-22T13:01:19Z" user="Falig44" uid="23098618" lat="47.3681791" lon="-1.7678169"/>
 <node id="13249881872" visible="true" version="1" changeset="173626874" timestamp="2025-10-22T13:01:19Z" user="Falig44" uid="23098618" lat="47.3683377" lon="-1.7676148"/>
 <node id="13249881873" visible="true" version="1" changeset="173626874" timestamp="2025-10-22T13:01:19Z" user="Falig44" uid="23098618" lat="47.3695602" lon="-1.7684048"/>
 <node id="13249881874" visible="true" version="1" changeset="173626874" timestamp="2025-10-22T13:01:19Z" user="Falig44" uid="23098618" lat="47.3695820" lon="-1.7681430"/>
 <node id="13249881875" visible="true" version="1" changeset="173626874" timestamp="2025-10-22T13:01:19Z" user="Falig44" uid="23098618" lat="47.3697437" lon="-1.7677985"/>
 <node id="13249881876" visible="true" version="1" changeset="173626874" timestamp="2025-10-22T13:01:19Z" user="Falig44" uid="23098618" lat="47.3702414" lon="-1.7681889"/>
 <node id="13249881877" visible="true" version="1" changeset="173626874" timestamp="2025-10-22T13:01:19Z" user="Falig44" uid="23098618" lat="47.3699833" lon="-1.7697918"/>
 <node id="13249881878" visible="true" version="1" changeset="173626874" timestamp="2025-10-22T13:01:19Z" user="Falig44" uid="23098618" lat="47.3698028" lon="-1.7697275"/>
 <node id="13249881879" visible="true" version="1" changeset="173626874" timestamp="2025-10-22T13:01:19Z" user="Falig44" uid="23098618" lat="47.3697313" lon="-1.7703384"/>
 <node id="13249881880" visible="true" version="1" changeset="173626874" timestamp="2025-10-22T13:01:19Z" user="Falig44" uid="23098618" lat="47.3694856" lon="-1.7702603"/>
 <node id="13249881881" visible="true" version="1" changeset="173626874" timestamp="2025-10-22T13:01:19Z" user="Falig44" uid="23098618" lat="47.3693051" lon="-1.7711514"/>
 <node id="13249881882" visible="true" version="1" changeset="173626874" timestamp="2025-10-22T13:01:19Z" user="Falig44" uid="23098618" lat="47.3697344" lon="-1.7713718"/>
 <node id="13249881883" visible="true" version="1" changeset="173626874" timestamp="2025-10-22T13:01:19Z" user="Falig44" uid="23098618" lat="47.3696940" lon="-1.7716244"/>
 <node id="13249881884" visible="true" version="1" changeset="173626874" timestamp="2025-10-22T13:01:19Z" user="Falig44" uid="23098618" lat="47.3688230" lon="-1.7711881"/>
 <node id="13249881885" visible="true" version="1" changeset="173626874" timestamp="2025-10-22T13:01:19Z" user="Falig44" uid="23098618" lat="47.3686519" lon="-1.7716428"/>
 <node id="13249881886" visible="true" version="1" changeset="173626874" timestamp="2025-10-22T13:01:19Z" user="Falig44" uid="23098618" lat="47.3696535" lon="-1.7722077"/>
 <node id="13249881887" visible="true" version="1" changeset="173626874" timestamp="2025-10-22T13:01:19Z" user="Falig44" uid="23098618" lat="47.3703130" lon="-1.7724603"/>
 <node id="13249881888" visible="true" version="1" changeset="173626874" timestamp="2025-10-22T13:01:19Z" user="Falig44" uid="23098618" lat="47.3697095" lon="-1.7733652"/>
 <node id="13249881889" visible="true" version="1" changeset="173626874" timestamp="2025-10-22T13:01:19Z" user="Falig44" uid="23098618" lat="47.3686395" lon="-1.7734065"/>
 <node id="13249881890" visible="true" version="1" changeset="173626874" timestamp="2025-10-22T13:01:19Z" user="Falig44" uid="23098618" lat="47.3685726" lon="-1.7723356"/>
 <node id="13249881891" visible="true" version="1" changeset="173626874" timestamp="2025-10-22T13:01:19Z" user="Falig44" uid="23098618" lat="47.3687851" lon="-1.7717309"/>
 <node id="13249881892" visible="true" version="1" changeset="173626874" timestamp="2025-10-22T13:01:19Z" user="Falig44" uid="23098618" lat="47.3684888" lon="-1.7715198"/>
 <node id="13249881893" visible="true" version="1" changeset="173626874" timestamp="2025-10-22T13:01:19Z" user="Falig44" uid="23098618" lat="47.3686954" lon="-1.7736220"/>
 <node id="13249881894" visible="true" version="1" changeset="173626874" timestamp="2025-10-22T13:01:19Z" user="Falig44" uid="23098618" lat="47.3707360" lon="-1.7735810"/>
 <node id="13249881895" visible="true" version="1" changeset="173626874" timestamp="2025-10-22T13:01:19Z" user="Falig44" uid="23098618" lat="47.3707889" lon="-1.7735994"/>
 <node id="13249881896" visible="true" version="1" changeset="173626874" timestamp="2025-10-22T13:01:19Z" user="Falig44" uid="23098618" lat="47.3707982" lon="-1.7737372"/>
 <node id="13249881897" visible="true" version="1" changeset="173626874" timestamp="2025-10-22T13:01:19Z" user="Falig44" uid="23098618" lat="47.3702539" lon="-1.7739577"/>
 <node id="13249881898" visible="true" version="1" changeset="173626874" timestamp="2025-10-22T13:01:19Z" user="Falig44" uid="23098618" lat="47.3688665" lon="-1.7736188"/>
 <node id="13249881899" visible="true" version="1" changeset="173626874" timestamp="2025-10-22T13:01:19Z" user="Falig44" uid="23098618" lat="47.3704841" lon="-1.7733376"/>
 <node id="13249881900" visible="true" version="1" changeset="173626874" timestamp="2025-10-22T13:01:19Z" user="Falig44" uid="23098618" lat="47.3704934" lon="-1.7724787"/>
 <node id="13249881901" visible="true" version="1" changeset="173626874" timestamp="2025-10-22T13:01:19Z" user="Falig44" uid="23098618" lat="47.3705183" lon="-1.7722583"/>
 <node id="13249881902" visible="true" version="1" changeset="173626874" timestamp="2025-10-22T13:01:19Z" user="Falig44" uid="23098618" lat="47.3715603" lon="-1.7728186"/>
 <node id="13249881903" visible="true" version="1" changeset="173626874" timestamp="2025-10-22T13:01:19Z" user="Falig44" uid="23098618" lat="47.3709880" lon="-1.7733652"/>
 <node id="13249906301" visible="true" version="1" changeset="173627556" timestamp="2025-10-22T13:17:23Z" user="Falig44" uid="23098618" lat="47.3709450" lon="-1.7713691"/>
 <node id="13249906302" visible="true" version="1" changeset="173627556" timestamp="2025-10-22T13:17:23Z" user="Falig44" uid="23098618" lat="47.3721935" lon="-1.7721696"/>
 <node id="13249906303" visible="true" version="1" changeset="173627556" timestamp="2025-10-22T13:17:23Z" user="Falig44" uid="23098618" lat="47.3699474" lon="-1.7673968"/>
 <node id="13249906304" visible="true" version="1" changeset="173627556" timestamp="2025-10-22T13:17:23Z" user="Falig44" uid="23098618" lat="47.3691172" lon="-1.7667755"/>
 <node id="13249906305" visible="true" version="1" changeset="173627556" timestamp="2025-10-22T13:17:23Z" user="Falig44" uid="23098618" lat="47.3675703" lon="-1.7667369"/>
 <node id="13249906306" visible="true" version="1" changeset="173627556" timestamp="2025-10-22T13:17:23Z" user="Falig44" uid="23098618" lat="47.3682067" lon="-1.7677817"/>
 <node id="13249906307" visible="true" version="1" changeset="173627556" timestamp="2025-10-22T13:17:23Z" user="Falig44" uid="23098618" lat="47.3672755" lon="-1.7662525"/>
 <node id="13249906308" visible="true" version="1" changeset="173627556" timestamp="2025-10-22T13:17:23Z" user="Falig44" uid="23098618" lat="47.3676416" lon="-1.7657471"/>
 <node id="13249906309" visible="true" version="1" changeset="173627556" timestamp="2025-10-22T13:17:23Z" user="Falig44" uid="23098618" lat="47.3681693" lon="-1.7651013"/>
 <node id="13249906310" visible="true" version="1" changeset="173627556" timestamp="2025-10-22T13:17:23Z" user="Falig44" uid="23098618" lat="47.3687304" lon="-1.7634587"/>
 <node id="13249906311" visible="true" version="1" changeset="173627556" timestamp="2025-10-22T13:17:23Z" user="Falig44" uid="23098618" lat="47.3688492" lon="-1.7626163"/>
 <node id="13249906312" visible="true" version="1" changeset="173627556" timestamp="2025-10-22T13:17:23Z" user="Falig44" uid="23098618" lat="47.3675538" lon="-1.7625206"/>
 <node id="13249906313" visible="true" version="1" changeset="173627556" timestamp="2025-10-22T13:17:23Z" user="Falig44" uid="23098618" lat="47.3663930" lon="-1.7669727"/>
 <node id="13249906315" visible="true" version="1" changeset="173627556" timestamp="2025-10-22T13:17:23Z" user="Falig44" uid="23098618" lat="47.3678641" lon="-1.7804660"/>
 <node id="13249906316" visible="true" version="1" changeset="173627556" timestamp="2025-10-22T13:17:23Z" user="Falig44" uid="23098618" lat="47.3679356" lon="-1.7804476"/>
 <node id="13249906317" visible="true" version="1" changeset="173627556" timestamp="2025-10-22T13:17:23Z" user="Falig44" uid="23098618" lat="47.3679450" lon="-1.7803833"/>
 <node id="13249906318" visible="true" version="1" changeset="173627556" timestamp="2025-10-22T13:17:23Z" user="Falig44" uid="23098618" lat="47.3676526" lon="-1.7787941"/>
 <node id="13249906319" visible="true" version="1" changeset="173627556" timestamp="2025-10-22T13:17:23Z" user="Falig44" uid="23098618" lat="47.3676618" lon="-1.7780206"/>
 <node id="13249906320" visible="true" version="1" changeset="173627556" timestamp="2025-10-22T13:17:23Z" user="Falig44" uid="23098618" lat="47.3677428" lon="-1.7780815"/>
 <node id="13249906321" visible="true" version="1" changeset="173627556" timestamp="2025-10-22T13:17:23Z" user="Falig44" uid="23098618" lat="47.3686508" lon="-1.7783191"/>
 <node id="13249906322" visible="true" version="1" changeset="173627556" timestamp="2025-10-22T13:17:23Z" user="Falig44" uid="23098618" lat="47.3690016" lon="-1.7798975"/>
 <node id="13249906323" visible="true" version="1" changeset="173627556" timestamp="2025-10-22T13:17:23Z" user="Falig44" uid="23098618" lat="47.3680564" lon="-1.7804094"/>
 <node id="13249906324" visible="true" version="1" changeset="173627556" timestamp="2025-10-22T13:17:23Z" user="Falig44" uid="23098618" lat="47.3680069" lon="-1.7803119"/>
 <node id="13249906325" visible="true" version="1" changeset="173627556" timestamp="2025-10-22T13:17:23Z" user="Falig44" uid="23098618" lat="47.3677469" lon="-1.7787640"/>
 <node id="13249906326" visible="true" version="1" changeset="173627556" timestamp="2025-10-22T13:17:23Z" user="Falig44" uid="23098618" lat="47.3694350" lon="-1.7777463"/>
 <node id="13249906327" visible="true" version="1" changeset="173627556" timestamp="2025-10-22T13:17:23Z" user="Falig44" uid="23098618" lat="47.3698230" lon="-1.7794953"/>
 <node id="13249906328" visible="true" version="1" changeset="173627556" timestamp="2025-10-22T13:17:23Z" user="Falig44" uid="23098618" lat="47.3677144" lon="-1.7744068"/>
 <node id="13249906329" visible="true" version="1" changeset="173627556" timestamp="2025-10-22T13:17:23Z" user="Falig44" uid="23098618" lat="47.3677691" lon="-1.7742613"/>
 <node id="13249906330" visible="true" version="1" changeset="173627556" timestamp="2025-10-22T13:17:23Z" user="Falig44" uid="23098618" lat="47.3681087" lon="-1.7736872"/>
 <node id="13249906331" visible="true" version="1" changeset="173627556" timestamp="2025-10-22T13:17:23Z" user="Falig44" uid="23098618" lat="47.3696327" lon="-1.7786377"/>
 <node id="13249906332" visible="true" version="1" changeset="173627556" timestamp="2025-10-22T13:17:23Z" user="Falig44" uid="23098618" lat="47.3698557" lon="-1.7757006"/>
 <node id="13249906333" visible="true" version="1" changeset="173627556" timestamp="2025-10-22T13:17:23Z" user="Falig44" uid="23098618" lat="47.3701733" lon="-1.7774067"/>
 <node id="13249906334" visible="true" version="1" changeset="173627556" timestamp="2025-10-22T13:17:23Z" user="Falig44" uid="23098618" lat="47.3706415" lon="-1.7778043"/>
 <node id="13249906335" visible="true" version="1" changeset="173627556" timestamp="2025-10-22T13:17:23Z" user="Falig44" uid="23098618" lat="47.3705899" lon="-1.7779982"/>
 <node id="13249906336" visible="true" version="1" changeset="173627556" timestamp="2025-10-22T13:17:23Z" user="Falig44" uid="23098618" lat="47.3704146" lon="-1.7782525"/>
 <node id="13249906337" visible="true" version="1" changeset="173627556" timestamp="2025-10-22T13:17:23Z" user="Falig44" uid="23098618" lat="47.3712246" lon="-1.7745384"/>
 <node id="13249906338" visible="true" version="1" changeset="173627556" timestamp="2025-10-22T13:17:23Z" user="Falig44" uid="23098618" lat="47.3715301" lon="-1.7739717"/>
 <node id="13249906339" visible="true" version="1" changeset="173627556" timestamp="2025-10-22T13:17:23Z" user="Falig44" uid="23098618" lat="47.3710307" lon="-1.7736852"/>
 <node id="13249906340" visible="true" version="1" changeset="173627556" timestamp="2025-10-22T13:17:23Z" user="Falig44" uid="23098618" lat="47.3712536" lon="-1.7744847"/>
 <node id="13249906341" visible="true" version="1" changeset="173627556" timestamp="2025-10-22T13:17:23Z" user="Falig44" uid="23098618" lat="47.3613546" lon="-1.7609660"/>
 <node id="13249906342" visible="true" version="1" changeset="173627556" timestamp="2025-10-22T13:17:23Z" user="Falig44" uid="23098618" lat="47.3642906" lon="-1.7617278"/>
 <node id="13249906343" visible="true" version="1" changeset="173627556" timestamp="2025-10-22T13:17:23Z" user="Falig44" uid="23098618" lat="47.3641743" lon="-1.7642169"/>
 <node id="13249906344" visible="true" version="1" changeset="173627556" timestamp="2025-10-22T13:17:23Z" user="Falig44" uid="23098618" lat="47.3612529" lon="-1.7644851"/>
 <node id="13249906345" visible="true" version="1" changeset="173627556" timestamp="2025-10-22T13:17:23Z" user="Falig44" uid="23098618" lat="47.3610058" lon="-1.7632620"/>
 <node id="13249906346" visible="true" version="1" changeset="173627556" timestamp="2025-10-22T13:17:23Z" user="Falig44" uid="23098618" lat="47.3612165" lon="-1.7609446"/>
 <node id="13249906347" visible="true" version="1" changeset="173627556" timestamp="2025-10-22T13:17:23Z" user="Falig44" uid="23098618" lat="47.3640653" lon="-1.7676072"/>
 <node id="13249906348" visible="true" version="1" changeset="173627556" timestamp="2025-10-22T13:17:23Z" user="Falig44" uid="23098618" lat="47.3637673" lon="-1.7677896"/>
 <node id="13249906349" visible="true" version="1" changeset="173627556" timestamp="2025-10-22T13:17:23Z" user="Falig44" uid="23098618" lat="47.3639050" lon="-1.7685541"/>
 <node id="13249906350" visible="true" version="1" changeset="173627556" timestamp="2025-10-22T13:17:23Z" user="Falig44" uid="23098618" lat="47.3642483" lon="-1.7626312"/>
 <node id="13249906351" visible="true" version="1" changeset="173627556" timestamp="2025-10-22T13:17:23Z" user="Falig44" uid="23098618" lat="47.3651908" lon="-1.7632835"/>
 <node id="13249906352" visible="true" version="1" changeset="173627556" timestamp="2025-10-22T13:17:23Z" user="Falig44" uid="23098618" lat="47.3654621" lon="-1.7659846"/>
 <node id="13249906353" visible="true" version="1" changeset="173627556" timestamp="2025-10-22T13:17:23Z" user="Falig44" uid="23098618" lat="47.3662460" lon="-1.7673646"/>
 <node id="13249906354" visible="true" version="1" changeset="173627556" timestamp="2025-10-22T13:17:23Z" user="Falig44" uid="23098618" lat="47.3661581" lon="-1.7672099"/>
 <node id="13249906355" visible="true" version="1" changeset="173627556" timestamp="2025-10-22T13:17:23Z" user="Falig44" uid="23098618" lat="47.3664967" lon="-1.7639541"/>
 <node id="13249906356" visible="true" version="1" changeset="173627556" timestamp="2025-10-22T13:17:23Z" user="Falig44" uid="23098618" lat="47.3670455" lon="-1.7637212"/>
 <node id="13249906357" visible="true" version="1" changeset="173627556" timestamp="2025-10-22T13:17:23Z" user="Falig44" uid="23098618" lat="47.3642758" lon="-1.7620440"/>
 <node id="13249906358" visible="true" version="1" changeset="173627556" timestamp="2025-10-22T13:17:23Z" user="Falig44" uid="23098618" lat="47.3650205" lon="-1.7622775"/>
 <node id="13249906359" visible="true" version="1" changeset="173627556" timestamp="2025-10-22T13:17:23Z" user="Falig44" uid="23098618" lat="47.3652224" lon="-1.7619702"/>
 <node id="13249906360" visible="true" version="1" changeset="173627556" timestamp="2025-10-22T13:17:23Z" user="Falig44" uid="23098618" lat="47.3671780" lon="-1.7625197"/>
 <node id="13249906361" visible="true" version="1" changeset="173627556" timestamp="2025-10-22T13:17:23Z" user="Falig44" uid="23098618" lat="47.3672159" lon="-1.7622030"/>
 <node id="13249906362" visible="true" version="1" changeset="173627556" timestamp="2025-10-22T13:17:23Z" user="Falig44" uid="23098618" lat="47.3642697" lon="-1.7614113"/>
 <node id="13249906363" visible="true" version="1" changeset="173627556" timestamp="2025-10-22T13:17:23Z" user="Falig44" uid="23098618" lat="47.3610056" lon="-1.7609180"/>
 <node id="13249906364" visible="true" version="1" changeset="173627556" timestamp="2025-10-22T13:17:23Z" user="Falig44" uid="23098618" lat="47.3662389" lon="-1.7619405"/>
 <node id="13249906365" visible="true" version="1" changeset="173627556" timestamp="2025-10-22T13:17:23Z" user="Falig44" uid="23098618" lat="47.3663279" lon="-1.7612092"/>
 <node id="13249906366" visible="true" version="1" changeset="173627556" timestamp="2025-10-22T13:17:23Z" user="Falig44" uid="23098618" lat="47.3667821" lon="-1.7612464"/>
 <node id="13249906367" visible="true" version="1" changeset="173627556" timestamp="2025-10-22T13:17:23Z" user="Falig44" uid="23098618" lat="47.3668199" lon="-1.7606969"/>
 <node id="13249906368" visible="true" version="1" changeset="173627556" timestamp="2025-10-22T13:17:23Z" user="Falig44" uid="23098618" lat="47.3672762" lon="-1.7602273"/>
 <node id="13249906369" visible="true" version="1" changeset="173627556" timestamp="2025-10-22T13:17:23Z" user="Falig44" uid="23098618" lat="47.3693989" lon="-1.7574390"/>
 <node id="13249906370" visible="true" version="1" changeset="173627556" timestamp="2025-10-22T13:17:23Z" user="Falig44" uid="23098618" lat="47.3673498" lon="-1.7587596"/>
 <node id="13249906371" visible="true" version="1" changeset="173627556" timestamp="2025-10-22T13:17:23Z" user="Falig44" uid="23098618" lat="47.3669213" lon="-1.7591327"/>
 <node id="13249906372" visible="true" version="1" changeset="173627556" timestamp="2025-10-22T13:17:23Z" user="Falig44" uid="23098618" lat="47.3673305" lon="-1.7581178"/>
 <node id="13249906373" visible="true" version="1" changeset="173627556" timestamp="2025-10-22T13:17:23Z" user="Falig44" uid="23098618" lat="47.3684875" lon="-1.7580264"/>
 <node id="13249906374" visible="true" version="1" changeset="173627556" timestamp="2025-10-22T13:17:23Z" user="Falig44" uid="23098618" lat="47.3663695" lon="-1.7606651"/>
 <node id="13249906375" visible="true" version="1" changeset="173627556" timestamp="2025-10-22T13:17:23Z" user="Falig44" uid="23098618" lat="47.3665645" lon="-1.7602229"/>
 <node id="13249906376" visible="true" version="1" changeset="173627556" timestamp="2025-10-22T13:17:23Z" user="Falig44" uid="23098618" lat="47.3668022" lon="-1.7591840"/>
 <node id="13249906377" visible="true" version="1" changeset="173627556" timestamp="2025-10-22T13:17:23Z" user="Falig44" uid="23098618" lat="47.3652707" lon="-1.7616803"/>
 <node id="13249906378" visible="true" version="1" changeset="173627556" timestamp="2025-10-22T13:17:23Z" user="Falig44" uid="23098618" lat="47.3654519" lon="-1.7614233"/>
 <node id="13249906379" visible="true" version="1" changeset="173627556" timestamp="2025-10-22T13:17:23Z" user="Falig44" uid="23098618" lat="47.3660177" lon="-1.7610372"/>
 <node id="13249906380" visible="true" version="1" changeset="173627556" timestamp="2025-10-22T13:17:23Z" user="Falig44" uid="23098618" lat="47.3661080" lon="-1.7605739"/>
 <node id="13249906381" visible="true" version="1" changeset="173627556" timestamp="2025-10-22T13:17:23Z" user="Falig44" uid="23098618" lat="47.3612321" lon="-1.7606641"/>
 <node id="13249906382" visible="true" version="1" changeset="173627556" timestamp="2025-10-22T13:17:23Z" user="Falig44" uid="23098618" lat="47.3612284" lon="-1.7604774"/>
 <node id="13249906383" visible="true" version="1" changeset="173627556" timestamp="2025-10-22T13:17:23Z" user="Falig44" uid="23098618" lat="47.3614991" lon="-1.7600026"/>
 <node id="13249906384" visible="true" version="1" changeset="173627556" timestamp="2025-10-22T13:17:23Z" user="Falig44" uid="23098618" lat="47.3624029" lon="-1.7592454"/>
 <node id="13249906385" visible="true" version="1" changeset="173627556" timestamp="2025-10-22T13:17:23Z" user="Falig44" uid="23098618" lat="47.3629871" lon="-1.7588667"/>
 <node id="13249906386" visible="true" version="1" changeset="173627556" timestamp="2025-10-22T13:17:23Z" user="Falig44" uid="23098618" lat="47.3632273" lon="-1.7588246"/>
 <node id="13249906387" visible="true" version="1" changeset="173627556" timestamp="2025-10-22T13:17:23Z" user="Falig44" uid="23098618" lat="47.3640110" lon="-1.7590350"/>
 <node id="13249906388" visible="true" version="1" changeset="173627556" timestamp="2025-10-22T13:17:23Z" user="Falig44" uid="23098618" lat="47.3639214" lon="-1.7601709"/>
 <node id="13249906389" visible="true" version="1" changeset="173627556" timestamp="2025-10-22T13:17:23Z" user="Falig44" uid="23098618" lat="47.3639601" lon="-1.7602851"/>
 <node id="13249906390" visible="true" version="1" changeset="173627556" timestamp="2025-10-22T13:17:23Z" user="Falig44" uid="23098618" lat="47.3648068" lon="-1.7605135"/>
 <node id="13249906391" visible="true" version="1" changeset="173627556" timestamp="2025-10-22T13:17:23Z" user="Falig44" uid="23098618" lat="47.3647437" lon="-1.7615387"/>
 <node id="13249906392" visible="true" version="1" changeset="173627556" timestamp="2025-10-22T13:17:23Z" user="Falig44" uid="23098618" lat="47.3635318" lon="-1.7612298"/>
 <node id="13249906393" visible="true" version="1" changeset="173627556" timestamp="2025-10-22T13:17:23Z" user="Falig44" uid="23098618" lat="47.3660885" lon="-1.7606738"/>
 <node id="13249906394" visible="true" version="1" changeset="173627556" timestamp="2025-10-22T13:17:23Z" user="Falig44" uid="23098618" lat="47.3606515" lon="-1.7576731"/>
 <node id="13249906395" visible="true" version="1" changeset="173627556" timestamp="2025-10-22T13:17:23Z" user="Falig44" uid="23098618" lat="47.3613505" lon="-1.7574835"/>
 <node id="13249906396" visible="true" version="1" changeset="173627556" timestamp="2025-10-22T13:17:23Z" user="Falig44" uid="23098618" lat="47.3614456" lon="-1.7586699"/>
 <node id="13249906397" visible="true" version="1" changeset="173627556" timestamp="2025-10-22T13:17:23Z" user="Falig44" uid="23098618" lat="47.3616501" lon="-1.7585997"/>
 <node id="13249906398" visible="true" version="1" changeset="173627556" timestamp="2025-10-22T13:17:23Z" user="Falig44" uid="23098618" lat="47.3615454" lon="-1.7597298"/>
 <node id="13249906399" visible="true" version="1" changeset="173627556" timestamp="2025-10-22T13:17:23Z" user="Falig44" uid="23098618" lat="47.3609480" lon="-1.7604602"/>
 <node id="13249906400" visible="true" version="1" changeset="173627556" timestamp="2025-10-22T13:17:23Z" user="Falig44" uid="23098618" lat="47.3600429" lon="-1.7602493"/>
 <node id="13249906401" visible="true" version="1" changeset="173627556" timestamp="2025-10-22T13:17:23Z" user="Falig44" uid="23098618" lat="47.3600048" lon="-1.7601440"/>
 <node id="13249906402" visible="true" version="1" changeset="173627556" timestamp="2025-10-22T13:17:23Z" user="Falig44" uid="23098618" lat="47.3625535" lon="-1.7578696"/>
 <node id="13249906403" visible="true" version="1" changeset="173627556" timestamp="2025-10-22T13:17:23Z" user="Falig44" uid="23098618" lat="47.3627722" lon="-1.7581153"/>
 <node id="13249906404" visible="true" version="1" changeset="173627556" timestamp="2025-10-22T13:17:23Z" user="Falig44" uid="23098618" lat="47.3625443" lon="-1.7590257"/>
 <node id="13249906405" visible="true" version="1" changeset="173627556" timestamp="2025-10-22T13:17:23Z" user="Falig44" uid="23098618" lat="47.3625915" lon="-1.7585926"/>
 <node id="13249906406" visible="true" version="1" changeset="173627556" timestamp="2025-10-22T13:17:23Z" user="Falig44" uid="23098618" lat="47.3631621" lon="-1.7573221"/>
 <node id="13249906407" visible="true" version="1" changeset="173627556" timestamp="2025-10-22T13:17:23Z" user="Falig44" uid="23098618" lat="47.3624156" lon="-1.7571044"/>
 <node id="13249906408" visible="true" version="1" changeset="173627556" timestamp="2025-10-22T13:17:23Z" user="Falig44" uid="23098618" lat="47.3631718" lon="-1.7568399"/>
 <node id="13249906409" visible="true" version="1" changeset="173627556" timestamp="2025-10-22T13:17:23Z" user="Falig44" uid="23098618" lat="47.3632678" lon="-1.7568221"/>
 <node id="13249906410" visible="true" version="1" changeset="173627556" timestamp="2025-10-22T13:17:23Z" user="Falig44" uid="23098618" lat="47.3614137" lon="-1.7547152"/>
 <node id="13249906411" visible="true" version="1" changeset="173627556" timestamp="2025-10-22T13:17:23Z" user="Falig44" uid="23098618" lat="47.3628487" lon="-1.7541492"/>
 <node id="13249906412" visible="true" version="1" changeset="173627556" timestamp="2025-10-22T13:17:23Z" user="Falig44" uid="23098618" lat="47.3627008" lon="-1.7557179"/>
 <node id="13249906413" visible="true" version="1" changeset="173627556" timestamp="2025-10-22T13:17:23Z" user="Falig44" uid="23098618" lat="47.3611398" lon="-1.7563243"/>
 <node id="13249906414" visible="true" version="1" changeset="173627556" timestamp="2025-10-22T13:17:23Z" user="Falig44" uid="23098618" lat="47.3627117" lon="-1.7556022"/>
 <node id="13249906415" visible="true" version="1" changeset="173627556" timestamp="2025-10-22T13:17:23Z" user="Falig44" uid="23098618" lat="47.3636034" lon="-1.7552342"/>
 <node id="13249906416" visible="true" version="1" changeset="173627556" timestamp="2025-10-22T13:17:23Z" user="Falig44" uid="23098618" lat="47.3638254" lon="-1.7536918"/>
 <node id="13249906417" visible="true" version="1" changeset="173627556" timestamp="2025-10-22T13:17:23Z" user="Falig44" uid="23098618" lat="47.3637305" lon="-1.7535104"/>
 <node id="13249906418" visible="true" version="1" changeset="173627556" timestamp="2025-10-22T13:17:23Z" user="Falig44" uid="23098618" lat="47.3614575" lon="-1.7545697"/>
 <node id="13249906419" visible="true" version="1" changeset="173627556" timestamp="2025-10-22T13:17:23Z" user="Falig44" uid="23098618" lat="47.3640646" lon="-1.7525967"/>
 <node id="13249906420" visible="true" version="1" changeset="173627556" timestamp="2025-10-22T13:17:23Z" user="Falig44" uid="23098618" lat="47.3637906" lon="-1.7527410"/>
 <node id="13249906421" visible="true" version="1" changeset="173627556" timestamp="2025-10-22T13:17:23Z" user="Falig44" uid="23098618" lat="47.3640043" lon="-1.7522328"/>
 <node id="13249906422" visible="true" version="1" changeset="173627556" timestamp="2025-10-22T13:17:23Z" user="Falig44" uid="23098618" lat="47.3641960" lon="-1.7511574"/>
 <node id="13249906423" visible="true" version="1" changeset="173627556" timestamp="2025-10-22T13:17:23Z" user="Falig44" uid="23098618" lat="47.3642291" lon="-1.7512365"/>
 <node id="13249906424" visible="true" version="1" changeset="173627556" timestamp="2025-10-22T13:17:23Z" user="Falig44" uid="23098618" lat="47.3642684" lon="-1.7511817"/>
 <node id="13249906425" visible="true" version="1" changeset="173627556" timestamp="2025-10-22T13:17:23Z" user="Falig44" uid="23098618" lat="47.3643040" lon="-1.7511560"/>
 <node id="13249906426" visible="true" version="1" changeset="173627556" timestamp="2025-10-22T13:17:23Z" user="Falig44" uid="23098618" lat="47.3643259" lon="-1.7511627"/>
 <node id="13249906427" visible="true" version="1" changeset="173627556" timestamp="2025-10-22T13:17:23Z" user="Falig44" uid="23098618" lat="47.3643274" lon="-1.7512275"/>
 <node id="13249906428" visible="true" version="1" changeset="173627556" timestamp="2025-10-22T13:17:23Z" user="Falig44" uid="23098618" lat="47.3643002" lon="-1.7512834"/>
 <node id="13249906429" visible="true" version="1" changeset="173627556" timestamp="2025-10-22T13:17:23Z" user="Falig44" uid="23098618" lat="47.3642616" lon="-1.7513001"/>
 <node id="13249906430" visible="true" version="1" changeset="173627556" timestamp="2025-10-22T13:17:23Z" user="Falig44" uid="23098618" lat="47.3642450" lon="-1.7512923"/>
 <node id="13249906431" visible="true" version="1" changeset="173627556" timestamp="2025-10-22T13:17:23Z" user="Falig44" uid="23098618" lat="47.3648347" lon="-1.7483865"/>
 <node id="13249906432" visible="true" version="1" changeset="173627556" timestamp="2025-10-22T13:17:23Z" user="Falig44" uid="23098618" lat="47.3628015" lon="-1.7501302"/>
 <node id="13249906433" visible="true" version="1" changeset="173627556" timestamp="2025-10-22T13:17:23Z" user="Falig44" uid="23098618" lat="47.3627195" lon="-1.7498415"/>
 <node id="13249906434" visible="true" version="1" changeset="173627556" timestamp="2025-10-22T13:17:23Z" user="Falig44" uid="23098618" lat="47.3642778" lon="-1.7479694"/>
 <node id="13249906435" visible="true" version="1" changeset="173627556" timestamp="2025-10-22T13:17:23Z" user="Falig44" uid="23098618" lat="47.3648015" lon="-1.7482953"/>
 <node id="13249906436" visible="true" version="1" changeset="173627556" timestamp="2025-10-22T13:17:23Z" user="Falig44" uid="23098618" lat="47.3629908" lon="-1.7493665"/>
 <node id="13249906437" visible="true" version="1" changeset="173627556" timestamp="2025-10-22T13:17:23Z" user="Falig44" uid="23098618" lat="47.3642147" lon="-1.7482488"/>
 <node id="13249906438" visible="true" version="1" changeset="173627556" timestamp="2025-10-22T13:17:23Z" user="Falig44" uid="23098618" lat="47.3651922" lon="-1.7483231"/>
 <node id="13249906439" visible="true" version="1" changeset="173627556" timestamp="2025-10-22T13:17:23Z" user="Falig44" uid="23098618" lat="47.3663151" lon="-1.7492359"/>
 <node id="13249906440" visible="true" version="1" changeset="173627556" timestamp="2025-10-22T13:17:23Z" user="Falig44" uid="23098618" lat="47.3654382" lon="-1.7513129"/>
 <node id="13249906441" visible="true" version="1" changeset="173627556" timestamp="2025-10-22T13:17:23Z" user="Falig44" uid="23098618" lat="47.3633852" lon="-1.7565520"/>
 <node id="13249906442" visible="true" version="1" changeset="173627556" timestamp="2025-10-22T13:17:23Z" user="Falig44" uid="23098618" lat="47.3648750" lon="-1.7565842"/>
 <node id="13249906443" visible="true" version="1" changeset="173627556" timestamp="2025-10-22T13:17:23Z" user="Falig44" uid="23098618" lat="47.3658342" lon="-1.7564662"/>
 <node id="13249906444" visible="true" version="1" changeset="173627556" timestamp="2025-10-22T13:17:23Z" user="Falig44" uid="23098618" lat="47.3631672" lon="-1.7586442"/>
 <node id="13249906445" visible="true" version="1" changeset="173627556" timestamp="2025-10-22T13:17:23Z" user="Falig44" uid="23098618" lat="47.3663283" lon="-1.7542453"/>
 <node id="13249906446" visible="true" version="1" changeset="173627556" timestamp="2025-10-22T13:17:23Z" user="Falig44" uid="23098618" lat="47.3672504" lon="-1.7540244"/>
 <node id="13249906447" visible="true" version="1" changeset="173627556" timestamp="2025-10-22T13:17:23Z" user="Falig44" uid="23098618" lat="47.3674072" lon="-1.7539269"/>
 <node id="13249932268" visible="true" version="1" changeset="173628783" timestamp="2025-10-22T13:44:18Z" user="Falig44" uid="23098618" lat="47.3658371" lon="-1.7591432"/>
 <node id="13249932269" visible="true" version="1" changeset="173628783" timestamp="2025-10-22T13:44:18Z" user="Falig44" uid="23098618" lat="47.3659321" lon="-1.7565316"/>
 <node id="13249932270" visible="true" version="1" changeset="173628783" timestamp="2025-10-22T13:44:18Z" user="Falig44" uid="23098618" lat="47.3667879" lon="-1.7564543"/>
 <node id="13249932271" visible="true" version="1" changeset="173628783" timestamp="2025-10-22T13:44:18Z" user="Falig44" uid="23098618" lat="47.3670779" lon="-1.7565175"/>
 <node id="13249932272" visible="true" version="1" changeset="173628783" timestamp="2025-10-22T13:44:18Z" user="Falig44" uid="23098618" lat="47.3678966" lon="-1.7567940"/>
 <node id="13249932273" visible="true" version="1" changeset="173628783" timestamp="2025-10-22T13:44:18Z" user="Falig44" uid="23098618" lat="47.3673822" lon="-1.7577390"/>
 <node id="13249932274" visible="true" version="1" changeset="173628783" timestamp="2025-10-22T13:44:18Z" user="Falig44" uid="23098618" lat="47.3661270" lon="-1.7577670"/>
 <node id="13249932275" visible="true" version="1" changeset="173628783" timestamp="2025-10-22T13:44:18Z" user="Falig44" uid="23098618" lat="47.3687411" lon="-1.7544958"/>
 <node id="13249932276" visible="true" version="1" changeset="173628783" timestamp="2025-10-22T13:44:18Z" user="Falig44" uid="23098618" lat="47.3680588" lon="-1.7541901"/>
 <node id="13249932277" visible="true" version="1" changeset="173628783" timestamp="2025-10-22T13:44:18Z" user="Falig44" uid="23098618" lat="47.3674071" lon="-1.7541173"/>
 <node id="13249932278" visible="true" version="1" changeset="173628783" timestamp="2025-10-22T13:44:18Z" user="Falig44" uid="23098618" lat="47.3664432" lon="-1.7543599"/>
 <node id="13249932279" visible="true" version="1" changeset="173628783" timestamp="2025-10-22T13:44:18Z" user="Falig44" uid="23098618" lat="47.3663775" lon="-1.7544974"/>
 <node id="13249932280" visible="true" version="1" changeset="173628783" timestamp="2025-10-22T13:44:18Z" user="Falig44" uid="23098618" lat="47.3669347" lon="-1.7527361"/>
 <node id="13249932281" visible="true" version="1" changeset="173628783" timestamp="2025-10-22T13:44:18Z" user="Falig44" uid="23098618" lat="47.3675742" lon="-1.7534013"/>
 <node id="13249932282" visible="true" version="1" changeset="173628783" timestamp="2025-10-22T13:44:18Z" user="Falig44" uid="23098618" lat="47.3683517" lon="-1.7526288"/>
 <node id="13249932283" visible="true" version="1" changeset="173628783" timestamp="2025-10-22T13:44:18Z" user="Falig44" uid="23098618" lat="47.3677704" lon="-1.7530151"/>
 <node id="13249932284" visible="true" version="1" changeset="173628783" timestamp="2025-10-22T13:44:18Z" user="Falig44" uid="23098618" lat="47.3687877" lon="-1.7484553"/>
 <node id="13249932285" visible="true" version="1" changeset="173628783" timestamp="2025-10-22T13:44:18Z" user="Falig44" uid="23098618" lat="47.3693617" lon="-1.7479833"/>
 <node id="13249932286" visible="true" version="1" changeset="173628783" timestamp="2025-10-22T13:44:18Z" user="Falig44" uid="23098618" lat="47.3696887" lon="-1.7479725"/>
 <node id="13249932287" visible="true" version="1" changeset="173628783" timestamp="2025-10-22T13:44:18Z" user="Falig44" uid="23098618" lat="47.3695592" lon="-1.7510881"/>
 <node id="13249932288" visible="true" version="1" changeset="173628783" timestamp="2025-10-22T13:44:18Z" user="Falig44" uid="23098618" lat="47.3701027" lon="-1.7520979"/>
 <node id="13249932289" visible="true" version="1" changeset="173628783" timestamp="2025-10-22T13:44:18Z" user="Falig44" uid="23098618" lat="47.3701144" lon="-1.7518791"/>
 <node id="13249932290" visible="true" version="1" changeset="173628783" timestamp="2025-10-22T13:44:18Z" user="Falig44" uid="23098618" lat="47.3700235" lon="-1.7518684"/>
 <node id="13249932291" visible="true" version="1" changeset="173628783" timestamp="2025-10-22T13:44:18Z" user="Falig44" uid="23098618" lat="47.3700196" lon="-1.7519406"/>
 <node id="13249932292" visible="true" version="1" changeset="173628783" timestamp="2025-10-22T13:44:18Z" user="Falig44" uid="23098618" lat="47.3699521" lon="-1.7519327"/>
 <node id="13249932293" visible="true" version="1" changeset="173628783" timestamp="2025-10-22T13:44:18Z" user="Falig44" uid="23098618" lat="47.3699628" lon="-1.7517349"/>
 <node id="13249932294" visible="true" version="1" changeset="173628783" timestamp="2025-10-22T13:44:18Z" user="Falig44" uid="23098618" lat="47.3699255" lon="-1.7517165"/>
 <node id="13249932295" visible="true" version="1" changeset="173628783" timestamp="2025-10-22T13:44:18Z" user="Falig44" uid="23098618" lat="47.3699371" lon="-1.7514777"/>
 <node id="13249932296" visible="true" version="1" changeset="173628783" timestamp="2025-10-22T13:44:18Z" user="Falig44" uid="23098618" lat="47.3700297" lon="-1.7514875"/>
 <node id="13249932297" visible="true" version="1" changeset="173628783" timestamp="2025-10-22T13:44:18Z" user="Falig44" uid="23098618" lat="47.3700213" lon="-1.7516595"/>
 <node id="13249932298" visible="true" version="1" changeset="173628783" timestamp="2025-10-22T13:44:18Z" user="Falig44" uid="23098618" lat="47.3701417" lon="-1.7516724"/>
 <node id="13249932299" visible="true" version="1" changeset="173628783" timestamp="2025-10-22T13:44:18Z" user="Falig44" uid="23098618" lat="47.3701470" lon="-1.7515647"/>
 <node id="13249932300" visible="true" version="1" changeset="173628783" timestamp="2025-10-22T13:44:18Z" user="Falig44" uid="23098618" lat="47.3701705" lon="-1.7515672"/>
 <node id="13249939335" visible="true" version="1" changeset="173630098" timestamp="2025-10-22T14:13:10Z" user="Falig44" uid="23098618" lat="47.3726332" lon="-1.7512618"/>
 <node id="13249939336" visible="true" version="1" changeset="173630098" timestamp="2025-10-22T14:13:10Z" user="Falig44" uid="23098618" lat="47.3723539" lon="-1.7511486"/>
 <node id="13249939337" visible="true" version="1" changeset="173630098" timestamp="2025-10-22T14:13:10Z" user="Falig44" uid="23098618" lat="47.3719377" lon="-1.7515044"/>
 <node id="13249939338" visible="true" version="1" changeset="173630098" timestamp="2025-10-22T14:13:10Z" user="Falig44" uid="23098618" lat="47.3716968" lon="-1.7519502"/>
 <node id="13249939339" visible="true" version="1" changeset="173630098" timestamp="2025-10-22T14:13:10Z" user="Falig44" uid="23098618" lat="47.3717154" lon="-1.7524095"/>
 <node id="13249939340" visible="true" version="1" changeset="173630098" timestamp="2025-10-22T14:13:10Z" user="Falig44" uid="23098618" lat="47.3714423" lon="-1.7523185"/>
 <node id="13249939346" visible="true" version="1" changeset="173630098" timestamp="2025-10-22T14:13:10Z" user="Falig44" uid="23098618" lat="47.3700575" lon="-1.7481353"/>
 <node id="13249939349" visible="true" version="1" changeset="173630098" timestamp="2025-10-22T14:13:10Z" user="Falig44" uid="23098618" lat="47.3668177" lon="-1.7442377"/>
 <node id="13249939352" visible="true" version="1" changeset="173630098" timestamp="2025-10-22T14:13:10Z" user="Falig44" uid="23098618" lat="47.3653118" lon="-1.7481619"/>
 <node id="13249939397" visible="true" version="1" changeset="173630098" timestamp="2025-10-22T14:13:10Z" user="Falig44" uid="23098618" lat="47.3663498" lon="-1.7463815"/>
 <node id="13249939398" visible="true" version="1" changeset="173630098" timestamp="2025-10-22T14:13:10Z" user="Falig44" uid="23098618" lat="47.3668475" lon="-1.7454651"/>
 <node id="13249942001" visible="true" version="1" changeset="173628783" timestamp="2025-10-22T13:44:18Z" user="Falig44" uid="23098618" lat="47.3702112" lon="-1.7507711"/>
 <node id="13249942002" visible="true" version="1" changeset="173628783" timestamp="2025-10-22T13:44:18Z" user="Falig44" uid="23098618" lat="47.3703773" lon="-1.7507897"/>
 <node id="13249942003" visible="true" version="1" changeset="173628783" timestamp="2025-10-22T13:44:18Z" user="Falig44" uid="23098618" lat="47.3703676" lon="-1.7509777"/>
 <node id="13249942004" visible="true" version="1" changeset="173628783" timestamp="2025-10-22T13:44:18Z" user="Falig44" uid="23098618" lat="47.3704199" lon="-1.7509837"/>
 <node id="13249942005" visible="true" version="1" changeset="173628783" timestamp="2025-10-22T13:44:18Z" user="Falig44" uid="23098618" lat="47.3704126" lon="-1.7511236"/>
 <node id="13249942006" visible="true" version="1" changeset="173628783" timestamp="2025-10-22T13:44:18Z" user="Falig44" uid="23098618" lat="47.3705348" lon="-1.7511377"/>
 <node id="13249942007" visible="true" version="1" changeset="173628783" timestamp="2025-10-22T13:44:18Z" user="Falig44" uid="23098618" lat="47.3704969" lon="-1.7518501"/>
 <node id="13249942008" visible="true" version="1" changeset="173628783" timestamp="2025-10-22T13:44:18Z" user="Falig44" uid="23098618" lat="47.3703760" lon="-1.7518360"/>
 <node id="13249942009" visible="true" version="1" changeset="173628783" timestamp="2025-10-22T13:44:18Z" user="Falig44" uid="23098618" lat="47.3703603" lon="-1.7521280"/>
 <node id="13249942010" visible="true" version="1" changeset="173628783" timestamp="2025-10-22T13:44:18Z" user="Falig44" uid="23098618" lat="47.3700351" lon="-1.7523475"/>
 <node id="13249942011" visible="true" version="1" changeset="173628783" timestamp="2025-10-22T13:44:18Z" user="Falig44" uid="23098618" lat="47.3698653" lon="-1.7520322"/>
 <node id="13249942012" visible="true" version="1" changeset="173628783" timestamp="2025-10-22T13:44:18Z" user="Falig44" uid="23098618" lat="47.3698160" lon="-1.7514823"/>
 <node id="13249942013" visible="true" version="1" changeset="173628783" timestamp="2025-10-22T13:44:18Z" user="Falig44" uid="23098618" lat="47.3699201" lon="-1.7509810"/>
 <node id="13249942014" visible="true" version="1" changeset="173628783" timestamp="2025-10-22T13:44:18Z" user="Falig44" uid="23098618" lat="47.3699339" lon="-1.7507281"/>
 <node id="13249942015" visible="true" version="1" changeset="173628783" timestamp="2025-10-22T13:44:18Z" user="Falig44" uid="23098618" lat="47.3674985" lon="-1.7541275"/>
 <node id="13249942016" visible="true" version="1" changeset="173628783" timestamp="2025-10-22T13:44:18Z" user="Falig44" uid="23098618" lat="47.3678132" lon="-1.7532372"/>
 <node id="13249942017" visible="true" version="1" changeset="173628783" timestamp="2025-10-22T13:44:18Z" user="Falig44" uid="23098618" lat="47.3682043" lon="-1.7528833"/>
 <node id="13249942018" visible="true" version="1" changeset="173628783" timestamp="2025-10-22T13:44:18Z" user="Falig44" uid="23098618" lat="47.3691253" lon="-1.7526877"/>
 <node id="13249942019" visible="true" version="1" changeset="173628783" timestamp="2025-10-22T13:44:18Z" user="Falig44" uid="23098618" lat="47.3692295" lon="-1.7532662"/>
 <node id="13249942020" visible="true" version="1" changeset="173628783" timestamp="2025-10-22T13:44:18Z" user="Falig44" uid="23098618" lat="47.3701410" lon="-1.7525479"/>
 <node id="13249942021" visible="true" version="1" changeset="173628783" timestamp="2025-10-22T13:44:18Z" user="Falig44" uid="23098618" lat="47.3708039" lon="-1.7528795"/>
 <node id="13249942034" visible="true" version="1" changeset="173628783" timestamp="2025-10-22T13:44:18Z" user="Falig44" uid="23098618" lat="47.3729370" lon="-1.7529803"/>
 <node id="13249942045" visible="true" version="1" changeset="173628783" timestamp="2025-10-22T13:44:18Z" user="Falig44" uid="23098618" lat="47.3723086" lon="-1.7579322"/>
 <node id="13249942046" visible="true" version="1" changeset="173628783" timestamp="2025-10-22T13:44:18Z" user="Falig44" uid="23098618" lat="47.3719475" lon="-1.7577972"/>
 <node id="13249942047" visible="true" version="1" changeset="173628783" timestamp="2025-10-22T13:44:18Z" user="Falig44" uid="23098618" lat="47.3719991" lon="-1.7571568"/>
 <node id="13249942054" visible="true" version="1" changeset="173628783" timestamp="2025-10-22T13:44:18Z" user="Falig44" uid="23098618" lat="47.3723321" lon="-1.7583287"/>
 <node id="13249942055" visible="true" version="1" changeset="173628783" timestamp="2025-10-22T13:44:18Z" user="Falig44" uid="23098618" lat="47.3729146" lon="-1.7539311"/>
 <node id="13249942056" visible="true" version="1" changeset="173628783" timestamp="2025-10-22T13:44:18Z" user="Falig44" uid="23098618" lat="47.3722269" lon="-1.7571760"/>
 <node id="13249942070" visible="true" version="1" changeset="173628783" timestamp="2025-10-22T13:44:18Z" user="Falig44" uid="23098618" lat="47.3755914" lon="-1.7591988"/>
 <node id="13249942071" visible="true" version="1" changeset="173628783" timestamp="2025-10-22T13:44:18Z" user="Falig44" uid="23098618" lat="47.3755198" lon="-1.7589775"/>
 <node id="13249950185" visible="true" version="1" changeset="173629445" timestamp="2025-10-22T13:58:15Z" user="Falig44" uid="23098618" lat="47.3705178" lon="-1.7482315"/>
 <node id="13249950186" visible="true" version="1" changeset="173629445" timestamp="2025-10-22T13:58:15Z" user="Falig44" uid="23098618" lat="47.3710773" lon="-1.7480705"/>
 <node id="13249950187" visible="true" version="1" changeset="173629445" timestamp="2025-10-22T13:58:15Z" user="Falig44" uid="23098618" lat="47.3715206" lon="-1.7485533"/>
 <node id="13249950188" visible="true" version="1" changeset="173629445" timestamp="2025-10-22T13:58:15Z" user="Falig44" uid="23098618" lat="47.3719949" lon="-1.7480923"/>
 <node id="13249950189" visible="true" version="1" changeset="173629445" timestamp="2025-10-22T13:58:15Z" user="Falig44" uid="23098618" lat="47.3722222" lon="-1.7481937"/>
 <node id="13249950190" visible="true" version="1" changeset="173629445" timestamp="2025-10-22T13:58:15Z" user="Falig44" uid="23098618" lat="47.3713197" lon="-1.7520334"/>
 <node id="13249950191" visible="true" version="1" changeset="173629445" timestamp="2025-10-22T13:58:15Z" user="Falig44" uid="23098618" lat="47.3712146" lon="-1.7491586"/>
 <node id="13249950195" visible="true" version="1" changeset="173629445" timestamp="2025-10-22T13:58:15Z" user="Falig44" uid="23098618" lat="47.3726232" lon="-1.7628525"/>
 <node id="13249950198" visible="true" version="1" changeset="173629445" timestamp="2025-10-22T13:58:15Z" user="Falig44" uid="23098618" lat="47.3733548" lon="-1.7659326"/>
 <node id="13249950199" visible="true" version="1" changeset="173629445" timestamp="2025-10-22T13:58:15Z" user="Falig44" uid="23098618" lat="47.3719874" lon="-1.7639571"/>
 <node id="13249950200" visible="true" version="1" changeset="173629445" timestamp="2025-10-22T13:58:15Z" user="Falig44" uid="23098618" lat="47.3713470" lon="-1.7629227"/>
 <node id="13249965405" visible="true" version="1" changeset="173629445" timestamp="2025-10-22T13:58:15Z" user="Falig44" uid="23098618" lat="47.3716717" lon="-1.7639638"/>
 <node id="13249965406" visible="true" version="1" changeset="173629445" timestamp="2025-10-22T13:58:15Z" user="Falig44" uid="23098618" lat="47.3716717" lon="-1.7642153"/>
 <node id="13249965407" visible="true" version="1" changeset="173629445" timestamp="2025-10-22T13:58:15Z" user="Falig44" uid="23098618" lat="47.3709150" lon="-1.7650046"/>
 <node id="13249965408" visible="true" version="1" changeset="173629445" timestamp="2025-10-22T13:58:15Z" user="Falig44" uid="23098618" lat="47.3746324" lon="-1.7683409"/>
 <node id="13249965409" visible="true" version="1" changeset="173629445" timestamp="2025-10-22T13:58:15Z" user="Falig44" uid="23098618" lat="47.3740857" lon="-1.7691973"/>
 <node id="13249965410" visible="true" version="1" changeset="173629445" timestamp="2025-10-22T13:58:15Z" user="Falig44" uid="23098618" lat="47.3729685" lon="-1.7675547"/>
 <node id="13249965411" visible="true" version="1" changeset="173629445" timestamp="2025-10-22T13:58:15Z" user="Falig44" uid="23098618" lat="47.3715375" lon="-1.7671195"/>
 <node id="13249965412" visible="true" version="1" changeset="173629445" timestamp="2025-10-22T13:58:15Z" user="Falig44" uid="23098618" lat="47.3716707" lon="-1.7662701"/>
 <node id="13249965413" visible="true" version="1" changeset="173629445" timestamp="2025-10-22T13:58:15Z" user="Falig44" uid="23098618" lat="47.3707103" lon="-1.7659612"/>
 <node id="13249965414" visible="true" version="1" changeset="173629445" timestamp="2025-10-22T13:58:15Z" user="Falig44" uid="23098618" lat="47.3738432" lon="-1.7696676"/>
 <node id="13249965415" visible="true" version="1" changeset="173629445" timestamp="2025-10-22T13:58:15Z" user="Falig44" uid="23098618" lat="47.3733536" lon="-1.7690007"/>
 <node id="13249965416" visible="true" version="1" changeset="173629445" timestamp="2025-10-22T13:58:15Z" user="Falig44" uid="23098618" lat="47.3727308" lon="-1.7688884"/>
 <node id="13249965417" visible="true" version="1" changeset="173629445" timestamp="2025-10-22T13:58:15Z" user="Falig44" uid="23098618" lat="47.3702300" lon="-1.7682549"/>
 <node id="13249965418" visible="true" version="1" changeset="173629445" timestamp="2025-10-22T13:58:15Z" user="Falig44" uid="23098618" lat="47.3706485" lon="-1.7664526"/>
 <node id="13249965419" visible="true" version="1" changeset="173629445" timestamp="2025-10-22T13:58:15Z" user="Falig44" uid="23098618" lat="47.3709100" lon="-1.7665719"/>
 <node id="13249965420" visible="true" version="1" changeset="173629445" timestamp="2025-10-22T13:58:15Z" user="Falig44" uid="23098618" lat="47.3708054" lon="-1.7669510"/>
 <node id="13249965421" visible="true" version="1" changeset="173629445" timestamp="2025-10-22T13:58:15Z" user="Falig44" uid="23098618" lat="47.3704292" lon="-1.7676480"/>
 <node id="13249965422" visible="true" version="1" changeset="173629445" timestamp="2025-10-22T13:58:15Z" user="Falig44" uid="23098618" lat="47.3701565" lon="-1.7673769"/>
 <node id="13249965423" visible="true" version="1" changeset="173629445" timestamp="2025-10-22T13:58:15Z" user="Falig44" uid="23098618" lat="47.3705345" lon="-1.7667429"/>
 <node id="13249965424" visible="true" version="1" changeset="173629445" timestamp="2025-10-22T13:58:15Z" user="Falig44" uid="23098618" lat="47.3698416" lon="-1.7678753"/>
 <node id="13249965425" visible="true" version="1" changeset="173629445" timestamp="2025-10-22T13:58:15Z" user="Falig44" uid="23098618" lat="47.3706599" lon="-1.7658843"/>
 <node id="13249965426" visible="true" version="1" changeset="173629445" timestamp="2025-10-22T13:58:15Z" user="Falig44" uid="23098618" lat="47.3705129" lon="-1.7666034"/>
 <node id="13249965427" visible="true" version="1" changeset="173629445" timestamp="2025-10-22T13:58:15Z" user="Falig44" uid="23098618" lat="47.3702429" lon="-1.7670818"/>
 <node id="13249965428" visible="true" version="1" changeset="173629445" timestamp="2025-10-22T13:58:15Z" user="Falig44" uid="23098618" lat="47.3700188" lon="-1.7674487"/>
 <node id="13249965429" visible="true" version="1" changeset="173629445" timestamp="2025-10-22T13:58:15Z" user="Falig44" uid="23098618" lat="47.3702761" lon="-1.7670230"/>
 <node id="13249965430" visible="true" version="1" changeset="173629445" timestamp="2025-10-22T13:58:15Z" user="Falig44" uid="23098618" lat="47.3698216" lon="-1.7665675"/>
 <node id="13249965431" visible="true" version="1" changeset="173629445" timestamp="2025-10-22T13:58:15Z" user="Falig44" uid="23098618" lat="47.3703914" lon="-1.7668187"/>
 <node id="13249965432" visible="true" version="1" changeset="173629445" timestamp="2025-10-22T13:58:15Z" user="Falig44" uid="23098618" lat="47.3748533" lon="-1.7683514"/>
 <node id="13249965433" visible="true" version="1" changeset="173629445" timestamp="2025-10-22T13:58:15Z" user="Falig44" uid="23098618" lat="47.3747397" lon="-1.7685069"/>
 <node id="13249965434" visible="true" version="1" changeset="173629445" timestamp="2025-10-22T13:58:15Z" user="Falig44" uid="23098618" lat="47.3768846" lon="-1.7662820"/>
 <node id="13249965436" visible="true" version="1" changeset="173629445" timestamp="2025-10-22T13:58:15Z" user="Falig44" uid="23098618" lat="47.3747471" lon="-1.7681800"/>
 <node id="13249965442" visible="true" version="1" changeset="173629445" timestamp="2025-10-22T13:58:15Z" user="Falig44" uid="23098618" lat="47.3681355" lon="-1.7735397">
  <tag k="man_made" v="cross"/>
  <tag k="material" v="stone"/>
 </node>
 <node id="13249965443" visible="true" version="1" changeset="173629445" timestamp="2025-10-22T13:58:15Z" user="Falig44" uid="23098618" lat="47.3693811" lon="-1.7699406">
  <tag k="colour" v="#ff0000"/>
  <tag k="emergency" v="fire_hydrant"/>
 </node>
 <node id="13249965444" visible="true" version="1" changeset="173629445" timestamp="2025-10-22T13:58:15Z" user="Falig44" uid="23098618" lat="47.3725689" lon="-1.7719609"/>
 <node id="13249987407" visible="true" version="1" changeset="173630098" timestamp="2025-10-22T14:13:10Z" user="Falig44" uid="23098618" lat="47.3669093" lon="-1.7493856"/>
 <node id="13249987408" visible="true" version="1" changeset="173630098" timestamp="2025-10-22T14:13:10Z" user="Falig44" uid="23098618" lat="47.3672290" lon="-1.7496216"/>
 <node id="13249987409" visible="true" version="1" changeset="173630098" timestamp="2025-10-22T14:13:10Z" user="Falig44" uid="23098618" lat="47.3676796" lon="-1.7492461"/>
 <node id="13249987477" visible="true" version="1" changeset="173630098" timestamp="2025-10-22T14:13:10Z" user="Falig44" uid="23098618" lat="47.3742993" lon="-1.7449335"/>
 <node id="13250003190" visible="true" version="1" changeset="173630724" timestamp="2025-10-22T14:27:25Z" user="Falig44" uid="23098618" lat="47.3672205" lon="-1.7404660"/>
 <node id="13250020029" visible="true" version="1" changeset="173631758" timestamp="2025-10-22T14:49:38Z" user="Falig44" uid="23098618" lat="47.3704253" lon="-1.7348800"/>
 <node id="13250020031" visible="true" version="1" changeset="173631758" timestamp="2025-10-22T14:49:38Z" user="Falig44" uid="23098618" lat="47.3708802" lon="-1.7341019"/>
 <node id="13250080095" visible="true" version="1" changeset="173632890" timestamp="2025-10-22T15:09:04Z" user="Falig44" uid="23098618" lat="47.3708121" lon="-1.7795671"/>
 <node id="13250080096" visible="true" version="1" changeset="173632890" timestamp="2025-10-22T15:09:04Z" user="Falig44" uid="23098618" lat="47.3707646" lon="-1.7791951"/>
 <node id="13250080097" visible="true" version="1" changeset="173632890" timestamp="2025-10-22T15:09:04Z" user="Falig44" uid="23098618" lat="47.3704936" lon="-1.7783036"/>
 <node id="13250080098" visible="true" version="1" changeset="173632890" timestamp="2025-10-22T15:09:04Z" user="Falig44" uid="23098618" lat="47.3707218" lon="-1.7779456"/>
 <node id="13250080099" visible="true" version="1" changeset="173632890" timestamp="2025-10-22T15:09:04Z" user="Falig44" uid="23098618" lat="47.3707979" lon="-1.7777771"/>
 <node id="13250080100" visible="true" version="1" changeset="173632890" timestamp="2025-10-22T15:09:04Z" user="Falig44" uid="23098618" lat="47.3711877" lon="-1.7774682"/>
 <node id="13250080101" visible="true" version="1" changeset="173632890" timestamp="2025-10-22T15:09:04Z" user="Falig44" uid="23098618" lat="47.3714444" lon="-1.7773770"/>
 <node id="13250080102" visible="true" version="1" changeset="173632890" timestamp="2025-10-22T15:09:04Z" user="Falig44" uid="23098618" lat="47.3724428" lon="-1.7768224"/>
 <node id="13250080103" visible="true" version="1" changeset="173632890" timestamp="2025-10-22T15:09:04Z" user="Falig44" uid="23098618" lat="47.3727423" lon="-1.7777420"/>
 <node id="13250080104" visible="true" version="1" changeset="173632890" timestamp="2025-10-22T15:09:04Z" user="Falig44" uid="23098618" lat="47.3727138" lon="-1.7786967"/>
 <node id="13250080105" visible="true" version="1" changeset="173632890" timestamp="2025-10-22T15:09:04Z" user="Falig44" uid="23098618" lat="47.3723667" lon="-1.7788301"/>
 <node id="13250080106" visible="true" version="1" changeset="173632890" timestamp="2025-10-22T15:09:04Z" user="Falig44" uid="23098618" lat="47.3721813" lon="-1.7790336"/>
 <node id="13250080107" visible="true" version="1" changeset="173632890" timestamp="2025-10-22T15:09:04Z" user="Falig44" uid="23098618" lat="47.3717535" lon="-1.7793285"/>
 <node id="13250080108" visible="true" version="1" changeset="173632890" timestamp="2025-10-22T15:09:04Z" user="Falig44" uid="23098618" lat="47.3713684" lon="-1.7795110"/>
 <node id="13250080110" visible="true" version="1" changeset="173632890" timestamp="2025-10-22T15:09:04Z" user="Falig44" uid="23098618" lat="47.3730228" lon="-1.7773349"/>
 <node id="13250080111" visible="true" version="1" changeset="173632890" timestamp="2025-10-22T15:09:04Z" user="Falig44" uid="23098618" lat="47.3728421" lon="-1.7770330"/>
 <node id="13250080112" visible="true" version="1" changeset="173632890" timestamp="2025-10-22T15:09:04Z" user="Falig44" uid="23098618" lat="47.3725236" lon="-1.7767382"/>
 <node id="13250080116" visible="true" version="1" changeset="173632890" timestamp="2025-10-22T15:09:04Z" user="Falig44" uid="23098618" lat="47.3743729" lon="-1.7776016"/>
 <node id="13250080117" visible="true" version="1" changeset="173632890" timestamp="2025-10-22T15:09:04Z" user="Falig44" uid="23098618" lat="47.3734110" lon="-1.7781882"/>
 <node id="13250080118" visible="true" version="1" changeset="173632890" timestamp="2025-10-22T15:09:04Z" user="Falig44" uid="23098618" lat="47.3737359" lon="-1.7759941"/>
 <node id="13250080119" visible="true" version="1" changeset="173632890" timestamp="2025-10-22T15:09:04Z" user="Falig44" uid="23098618" lat="47.3734982" lon="-1.7757273"/>
 <node id="13250080120" visible="true" version="1" changeset="173632890" timestamp="2025-10-22T15:09:04Z" user="Falig44" uid="23098618" lat="47.3720007" lon="-1.7745971"/>
 <node id="13250080121" visible="true" version="1" changeset="173632890" timestamp="2025-10-22T15:09:04Z" user="Falig44" uid="23098618" lat="47.3724761" lon="-1.7766188"/>
 <node id="13250080122" visible="true" version="1" changeset="173632890" timestamp="2025-10-22T15:09:04Z" user="Falig44" uid="23098618" lat="47.3716203" lon="-1.7771243"/>
 <node id="13250080123" visible="true" version="1" changeset="173632890" timestamp="2025-10-22T15:09:04Z" user="Falig44" uid="23098618" lat="47.3710736" lon="-1.7773770"/>
 <node id="13250080124" visible="true" version="1" changeset="173632890" timestamp="2025-10-22T15:09:04Z" user="Falig44" uid="23098618" lat="47.3706315" lon="-1.7777280"/>
 <node id="13250080125" visible="true" version="1" changeset="173632890" timestamp="2025-10-22T15:09:04Z" user="Falig44" uid="23098618" lat="47.3711687" lon="-1.7734529"/>
 <node id="13250080126" visible="true" version="1" changeset="173632890" timestamp="2025-10-22T15:09:04Z" user="Falig44" uid="23098618" lat="47.3717677" lon="-1.7728703"/>
 <node id="13250080127" visible="true" version="1" changeset="173632890" timestamp="2025-10-22T15:09:04Z" user="Falig44" uid="23098618" lat="47.3726805" lon="-1.7721051"/>
 <node id="13250080128" visible="true" version="1" changeset="173632890" timestamp="2025-10-22T15:09:04Z" user="Falig44" uid="23098618" lat="47.3729070" lon="-1.7720500"/>
 <node id="13250080129" visible="true" version="1" changeset="173632890" timestamp="2025-10-22T15:09:04Z" user="Falig44" uid="23098618" lat="47.3722376" lon="-1.7745522"/>
 <node id="13250080130" visible="true" version="1" changeset="173632890" timestamp="2025-10-22T15:09:04Z" user="Falig44" uid="23098618" lat="47.3729384" lon="-1.7741051"/>
 <node id="13250080134" visible="true" version="1" changeset="173632890" timestamp="2025-10-22T15:09:04Z" user="Falig44" uid="23098618" lat="47.3728956" lon="-1.7739915"/>
 <node id="13251468098" visible="true" version="1" changeset="173663321" timestamp="2025-10-23T09:15:31Z" user="Falig44" uid="23098618" lat="47.3714156" lon="-1.7240707"/>
 <node id="13251784772" visible="true" version="1" changeset="173667138" timestamp="2025-10-23T10:42:39Z" user="Falig44" uid="23098618" lat="47.3741781" lon="-1.7056406"/>
 <node id="13342112955" visible="true" version="1" changeset="175304735" timestamp="2025-11-30T09:30:26Z" user="MacDony" uid="3701940" lat="47.3684358" lon="-1.7901845"/>
 <node id="13342112960" visible="true" version="1" changeset="175304735" timestamp="2025-11-30T09:30:26Z" user="MacDony" uid="3701940" lat="47.3683361" lon="-1.7897977"/>
 <way id="30071086" visible="true" version="11" changeset="171435089" timestamp="2025-09-04T06:08:55Z" user="MacDony" uid="3701940">
  <nd ref="332305985"/>
  <nd ref="6477877254"/>
  <nd ref="332305984"/>
  <nd ref="332306129"/>
  <nd ref="332305983"/>
  <nd ref="332305982"/>
  <nd ref="332305981"/>
  <nd ref="332305980"/>
  <nd ref="332305979"/>
  <nd ref="332305978"/>
  <nd ref="332305977"/>
  <nd ref="332305976"/>
  <nd ref="13118765924"/>
  <nd ref="332305938"/>
  <nd ref="13118765921"/>
  <nd ref="332306221"/>
  <nd ref="332306220"/>
  <nd ref="332306219"/>
  <nd ref="332306218"/>
  <nd ref="332306217"/>
  <nd ref="332306216"/>
  <nd ref="332306215"/>
  <nd ref="332306214"/>
  <nd ref="331221208"/>
  <nd ref="2009005720"/>
  <nd ref="331221206"/>
  <nd ref="2009005694"/>
  <nd ref="13118765920"/>
  <nd ref="331221205"/>
  <nd ref="331221204"/>
  <nd ref="331221203"/>
  <nd ref="2671189248"/>
  <nd ref="331221200"/>
  <nd ref="331221199"/>
  <nd ref="2009005637"/>
  <nd ref="13118765919"/>
  <nd ref="331221198"/>
  <nd ref="331221197"/>
  <nd ref="331221195"/>
  <nd ref="13118765914"/>
  <nd ref="331221979"/>
  <tag k="highway" v="unclassified"/>
 </way>
 <way id="30071223" visible="true" version="21" changeset="171412184" timestamp="2025-09-03T14:58:36Z" user="Falig44" uid="23098618">
  <nd ref="331214268"/>
  <nd ref="12203640740"/>
  <nd ref="12203640741"/>
  <nd ref="331222254"/>
  <nd ref="332306222"/>
  <nd ref="4535743454"/>
  <nd ref="332306375"/>
  <nd ref="331222255"/>
  <nd ref="4535743654"/>
  <nd ref="331234507"/>
  <nd ref="331222256"/>
  <nd ref="331234488"/>
  <nd ref="2005450806"/>
  <nd ref="13116491480"/>
  <nd ref="2005450862"/>
  <nd ref="2005450692"/>
  <nd ref="2006217005"/>
  <nd ref="331222257"/>
  <nd ref="6477867081"/>
  <nd ref="6477867082"/>
  <nd ref="331025004"/>
  <nd ref="1168659194"/>
  <nd ref="2141703608"/>
  <nd ref="13116469089"/>
  <nd ref="331222258"/>
  <nd ref="6477867083"/>
  <nd ref="6509149868"/>
  <nd ref="331222259"/>
  <nd ref="6509149866"/>
  <nd ref="6509149867"/>
  <nd ref="331222260"/>
  <nd ref="331233751"/>
  <nd ref="6509149864"/>
  <nd ref="331222261"/>
  <nd ref="6509149865"/>
  <nd ref="2006337329"/>
  <nd ref="331222262"/>
  <nd ref="2049662981"/>
  <nd ref="8643845443"/>
  <nd ref="332303001"/>
  <tag k="highway" v="unclassified"/>
 </way>
 <way id="30072590" visible="true" version="11" changeset="173630098" timestamp="2025-10-22T14:13:10Z" user="Falig44" uid="23098618">
  <nd ref="331234196"/>
  <nd ref="11975423133"/>
  <nd ref="11975423134"/>
  <nd ref="331234238"/>
  <nd ref="331234239"/>
  <nd ref="332303965"/>
  <nd ref="331234240"/>
  <nd ref="331234241"/>
  <nd ref="11975423135"/>
  <nd ref="4535743932"/>
  <nd ref="13249987477"/>
  <nd ref="331234242"/>
  <nd ref="331234243"/>
  <nd ref="331234244"/>
  <nd ref="4535743933"/>
  <nd ref="331234245"/>
  <nd ref="332303874"/>
  <nd ref="5297439508"/>
  <nd ref="331234246"/>
  <nd ref="331234247"/>
  <nd ref="331234248"/>
  <nd ref="4535743682"/>
  <nd ref="331234249"/>
  <nd ref="331234250"/>
  <nd ref="4535743681"/>
  <nd ref="5297439509"/>
  <nd ref="331234251"/>
  <nd ref="331234252"/>
  <nd ref="331234253"/>
  <nd ref="331234254"/>
  <nd ref="331234255"/>
  <nd ref="331234256"/>
  <nd ref="331234257"/>
  <nd ref="332306380"/>
  <nd ref="332306381"/>
  <nd ref="332306382"/>
  <nd ref="332306383"/>
  <nd ref="332306384"/>
  <nd ref="332306385"/>
  <nd ref="332306386"/>
  <nd ref="332306387"/>
  <nd ref="332306388"/>
  <nd ref="332306375"/>
  <tag k="highway" v="unclassified"/>
  <tag k="maxspeed" v="50"/>
 </way>
 <way id="30072670" visible="true" version="13" changeset="157157068" timestamp="2024-09-27T07:10:42Z" user="MacDony" uid="3701940">
  <nd ref="331234507"/>
  <nd ref="12203640751"/>
  <nd ref="331234627"/>
  <nd ref="331234628"/>
  <nd ref="331234629"/>
  <nd ref="331234630"/>
  <nd ref="331234632"/>
  <nd ref="331234633"/>
  <nd ref="331234634"/>
  <nd ref="2006050926"/>
  <nd ref="2006050879"/>
  <nd ref="331234635"/>
  <nd ref="2006050945"/>
  <nd ref="331234636"/>
  <nd ref="4447102901"/>
  <nd ref="331234637"/>
  <nd ref="2300801416"/>
  <nd ref="331234638"/>
  <nd ref="2005496457"/>
  <nd ref="331234639"/>
  <nd ref="2005496624"/>
  <nd ref="331234641"/>
  <nd ref="331234642"/>
  <nd ref="2005496576"/>
  <nd ref="2005496659"/>
  <nd ref="331234644"/>
  <nd ref="2006050950"/>
  <nd ref="2005496603"/>
  <nd ref="331234645"/>
  <nd ref="11238406240"/>
  <nd ref="2005496468"/>
  <nd ref="331234646"/>
  <nd ref="2005496570"/>
  <nd ref="331234676"/>
  <nd ref="331234647"/>
  <nd ref="2005496518"/>
  <nd ref="2059528491"/>
  <tag k="highway" v="unclassified"/>
  <tag k="surface" v="paved"/>
 </way>
 <way id="30072674" visible="true" version="5" changeset="142148116" timestamp="2023-10-04T14:28:25Z" user="Frêne" uid="16004379">
  <nd ref="331234676"/>
  <nd ref="2005496499"/>
  <nd ref="331234682"/>
  <tag k="highway" v="track"/>
  <tag k="surface" v="unpaved"/>
  <tag k="tracktype" v="grade4"/>
 </way>
 <way id="30155754" visible="true" version="5" changeset="173629445" timestamp="2025-10-22T13:58:15Z" user="Falig44" uid="23098618">
  <nd ref="332303874"/>
  <nd ref="13249950189"/>
  <nd ref="13249942034"/>
  <nd ref="332303886"/>
  <nd ref="2009005906"/>
  <nd ref="2009005901"/>
  <nd ref="2009005886"/>
  <nd ref="2009005874"/>
  <nd ref="2009005737"/>
  <nd ref="2009005724"/>
  <nd ref="2009005717"/>
  <tag k="highway" v="unclassified"/>
 </way>
 <way id="30155896" visible="true" version="8" changeset="124550267" timestamp="2022-08-06T08:01:59Z" user="Lamorlaye A Bicyclette VélOOise" uid="8922059">
  <nd ref="332305291"/>
  <nd ref="332305292"/>
  <nd ref="332305671"/>
  <nd ref="332305293"/>
  <nd ref="332305294"/>
  <nd ref="2671189253"/>
  <nd ref="332305295"/>
  <nd ref="332305617"/>
  <nd ref="332305689"/>
  <nd ref="2671189250"/>
  <nd ref="332305298"/>
  <nd ref="332305299"/>
  <nd ref="332305300"/>
  <nd ref="332305301"/>
  <nd ref="332305302"/>
  <nd ref="332305303"/>
  <nd ref="332305304"/>
  <nd ref="332305305"/>
  <nd ref="332305306"/>
  <nd ref="2671189249"/>
  <nd ref="332305308"/>
  <nd ref="332305309"/>
  <nd ref="332305310"/>
  <nd ref="332305311"/>
  <nd ref="332305312"/>
  <nd ref="332305313"/>
  <nd ref="332305314"/>
  <nd ref="332305315"/>
  <nd ref="332305316"/>
  <tag k="highway" v="unclassified"/>
  <tag k="maxspeed" v="80"/>
 </way>
 <way id="30155926" visible="true" version="6" changeset="13836418" timestamp="2012-11-11T17:55:42Z" user="Pierre-Alain Dorange" uid="28269">
  <nd ref="332306203"/>
  <nd ref="332306204"/>
  <nd ref="332306205"/>
  <nd ref="332306206"/>
  <nd ref="332306207"/>
  <nd ref="332306208"/>
  <nd ref="332306209"/>
  <nd ref="332306210"/>
  <nd ref="332306211"/>
  <nd ref="332306212"/>
  <nd ref="332306213"/>
  <nd ref="331221208"/>
  <tag k="highway" v="track"/>
 </way>
 <way id="30155939" visible="true" version="4" changeset="157157068" timestamp="2024-09-27T07:10:42Z" user="MacDony" uid="3701940">
  <nd ref="332306222"/>
  <nd ref="12203640743"/>
  <nd ref="12203640742"/>
  <nd ref="332306284"/>
  <nd ref="12203640744"/>
  <nd ref="332306203"/>
  <nd ref="12203640745"/>
  <nd ref="332306286"/>
  <nd ref="332306287"/>
  <nd ref="12203640746"/>
  <nd ref="332306289"/>
  <nd ref="332306290"/>
  <nd ref="12203640750"/>
  <nd ref="332306291"/>
  <nd ref="12203640747"/>
  <nd ref="12203640749"/>
  <nd ref="12203640748"/>
  <nd ref="332306292"/>
  <nd ref="332306293"/>
  <nd ref="332306294"/>
  <tag k="highway" v="unclassified"/>
  <tag k="name" v="Les tertreaux"/>
 </way>
 <way id="30155960" visible="true" version="3" changeset="121156728" timestamp="2022-05-18T16:56:12Z" user="Frêne" uid="16004379">
  <nd ref="332306981"/>
  <nd ref="332307089"/>
  <nd ref="332307090"/>
  <nd ref="332307091"/>
  <nd ref="332307092"/>
  <nd ref="332307095"/>
  <tag k="highway" v="track"/>
 </way>
 <way id="30155994" visible="true" version="3" changeset="44138363" timestamp="2016-12-03T14:43:34Z" user="FRichard44" uid="2516858">
  <nd ref="332307596"/>
  <nd ref="332307597"/>
  <nd ref="332307598"/>
  <nd ref="332307599"/>
  <nd ref="332307600"/>
  <nd ref="332307601"/>
  <nd ref="332307602"/>
  <nd ref="332307603"/>
  <nd ref="332307604"/>
  <nd ref="4535743729"/>
  <nd ref="332307605"/>
  <nd ref="332307607"/>
  <nd ref="332307596"/>
  <tag k="natural" v="water"/>
 </way>
 <way id="30156006" visible="true" version="5" changeset="173627556" timestamp="2025-10-22T13:17:23Z" user="Falig44" uid="23098618">
  <nd ref="332307820"/>
  <nd ref="332307822"/>
  <nd ref="4535743789"/>
  <nd ref="332307823"/>
  <nd ref="332307824"/>
  <nd ref="332307825"/>
  <nd ref="332307826"/>
  <nd ref="2093642210"/>
  <nd ref="2093642208"/>
  <nd ref="2093642207"/>
  <nd ref="332307827"/>
  <nd ref="2093642206"/>
  <nd ref="332307828"/>
  <nd ref="332307829"/>
  <nd ref="2093642205"/>
  <nd ref="332307830"/>
  <nd ref="332307831"/>
  <nd ref="2093642209"/>
  <nd ref="332307832"/>
  <nd ref="2093642211"/>
  <nd ref="332307833"/>
  <nd ref="332307835"/>
  <nd ref="332307836"/>
  <nd ref="2093642219"/>
  <nd ref="2093642221"/>
  <nd ref="2093642222"/>
  <nd ref="2093642217"/>
  <nd ref="332307837"/>
  <nd ref="2093642220"/>
  <nd ref="332307838"/>
  <nd ref="332307839"/>
  <nd ref="2093642224"/>
  <nd ref="332307840"/>
  <nd ref="332307841"/>
  <nd ref="332307842"/>
  <nd ref="332307843"/>
  <nd ref="2093642228"/>
  <nd ref="332307845"/>
  <nd ref="2093642227"/>
  <nd ref="332307846"/>
  <nd ref="2093642226"/>
  <nd ref="2093642225"/>
  <nd ref="2093642223"/>
  <nd ref="2093642218"/>
  <nd ref="332307847"/>
  <nd ref="332307848"/>
  <nd ref="332307849"/>
  <nd ref="2093642215"/>
  <nd ref="332307850"/>
  <nd ref="2093642216"/>
  <nd ref="332307851"/>
  <nd ref="2093642214"/>
  <nd ref="332307852"/>
  <nd ref="2093642213"/>
  <nd ref="2093642212"/>
  <nd ref="332307854"/>
  <nd ref="332307855"/>
  <nd ref="332307856"/>
  <nd ref="332307857"/>
  <nd ref="332307858"/>
  <nd ref="332307859"/>
  <nd ref="4535743879"/>
  <nd ref="332307860"/>
  <nd ref="332307820"/>
  <tag k="natural" v="water"/>
  <tag k="water" v="pond"/>
 </way>
 <way id="33477809" visible="true" version="8" changeset="173629445" timestamp="2025-10-22T13:58:15Z" user="Falig44" uid="23098618">
  <nd ref="331214268"/>
  <nd ref="12203640737"/>
  <nd ref="2177958680"/>
  <nd ref="331221988"/>
  <nd ref="331221989"/>
  <nd ref="331221990"/>
  <nd ref="331221991"/>
  <nd ref="331221992"/>
  <nd ref="331221993"/>
  <nd ref="331221994"/>
  <nd ref="331221995"/>
  <nd ref="331221996"/>
  <nd ref="331221997"/>
  <nd ref="331221998"/>
  <nd ref="331221999"/>
  <nd ref="332306981"/>
  <nd ref="331222000"/>
  <nd ref="331222001"/>
  <nd ref="4535743744"/>
  <nd ref="331222002"/>
  <nd ref="331222003"/>
  <nd ref="331222004"/>
  <nd ref="13118765918"/>
  <nd ref="331222005"/>
  <nd ref="13118765917"/>
  <nd ref="13118765913"/>
  <nd ref="331221979"/>
  <nd ref="331222006"/>
  <nd ref="331222007"/>
  <nd ref="332305316"/>
  <nd ref="331222008"/>
  <nd ref="331222009"/>
  <nd ref="332305317"/>
  <nd ref="331222010"/>
  <nd ref="331222011"/>
  <nd ref="331222012"/>
  <nd ref="331222013"/>
  <nd ref="331222014"/>
  <nd ref="331222016"/>
  <nd ref="13249965434"/>
  <nd ref="331222017"/>
  <nd ref="331222018"/>
  <nd ref="331222019"/>
  <nd ref="331222020"/>
  <nd ref="331222021"/>
  <tag k="highway" v="unclassified"/>
 </way>
 <way id="35061698" visible="true" version="7" changeset="54812892" timestamp="2017-12-21T12:04:53Z" user="vinc44" uid="1060302">
  <nd ref="411204549"/>
  <nd ref="411209254"/>
  <nd ref="411209258"/>
  <nd ref="411209259"/>
  <nd ref="411209256"/>
  <nd ref="411209257"/>
  <nd ref="411209262"/>
  <nd ref="411209263"/>
  <nd ref="411209260"/>
  <nd ref="411209261"/>
  <nd ref="411209168"/>
  <nd ref="411209170"/>
  <nd ref="411209264"/>
  <nd ref="411209265"/>
  <nd ref="411209286"/>
  <nd ref="411209289"/>
  <nd ref="411209288"/>
  <nd ref="411209291"/>
  <nd ref="411209290"/>
  <nd ref="411209293"/>
  <nd ref="411209292"/>
  <nd ref="411209295"/>
  <nd ref="411209294"/>
  <nd ref="4535644096"/>
  <nd ref="411209297"/>
  <nd ref="411209296"/>
  <nd ref="411209226"/>
  <nd ref="411209224"/>
  <nd ref="411209229"/>
  <nd ref="411209227"/>
  <nd ref="411209233"/>
  <nd ref="411209237"/>
  <nd ref="411209231"/>
  <nd ref="411209243"/>
  <nd ref="411209235"/>
  <nd ref="411209245"/>
  <nd ref="411209242"/>
  <nd ref="411209247"/>
  <nd ref="411209244"/>
  <nd ref="411209249"/>
  <nd ref="411209246"/>
  <nd ref="411209251"/>
  <nd ref="411209248"/>
  <nd ref="411209253"/>
  <nd ref="411209250"/>
  <nd ref="411209255"/>
  <nd ref="411209252"/>
  <nd ref="411209127"/>
  <nd ref="411209129"/>
  <nd ref="411209116"/>
  <nd ref="411209118"/>
  <nd ref="411209119"/>
  <nd ref="411209121"/>
  <nd ref="411209108"/>
  <nd ref="411209110"/>
  <nd ref="411209142"/>
  <nd ref="411209144"/>
  <nd ref="411209131"/>
  <nd ref="411209133"/>
  <nd ref="411209135"/>
  <nd ref="411209136"/>
  <nd ref="411209123"/>
  <nd ref="411209125"/>
  <nd ref="411209159"/>
  <nd ref="411209157"/>
  <nd ref="411209148"/>
  <nd ref="411209146"/>
  <nd ref="411209151"/>
  <nd ref="411209150"/>
  <nd ref="411209140"/>
  <nd ref="411209138"/>
  <nd ref="411209059"/>
  <nd ref="411209057"/>
  <nd ref="411209163"/>
  <nd ref="411209161"/>
  <nd ref="411209167"/>
  <nd ref="411209165"/>
  <nd ref="411209155"/>
  <nd ref="411209153"/>
  <nd ref="411209179"/>
  <nd ref="411209178"/>
  <nd ref="411209181"/>
  <nd ref="411209180"/>
  <nd ref="411209174"/>
  <nd ref="411209172"/>
  <nd ref="411209177"/>
  <nd ref="411209176"/>
  <nd ref="411209192"/>
  <nd ref="411209190"/>
  <nd ref="411209196"/>
  <nd ref="411209194"/>
  <nd ref="411209185"/>
  <nd ref="411209183"/>
  <nd ref="411209188"/>
  <nd ref="411209186"/>
  <nd ref="411209205"/>
  <nd ref="4535744410"/>
  <nd ref="411209207"/>
  <nd ref="411209209"/>
  <nd ref="411209211"/>
  <nd ref="411209198"/>
  <nd ref="411209199"/>
  <nd ref="411209201"/>
  <nd ref="411209203"/>
  <nd ref="411209220"/>
  <nd ref="411209222"/>
  <nd ref="411209114"/>
  <nd ref="411209112"/>
  <nd ref="411209212"/>
  <nd ref="411209214"/>
  <nd ref="411209216"/>
  <nd ref="411209218"/>
  <nd ref="411209021"/>
  <nd ref="411209019"/>
  <nd ref="411209002"/>
  <nd ref="411209001"/>
  <nd ref="411209028"/>
  <nd ref="411209027"/>
  <nd ref="411209017"/>
  <nd ref="411209015"/>
  <nd ref="411209000"/>
  <nd ref="411208999"/>
  <nd ref="411208992"/>
  <nd ref="411208990"/>
  <nd ref="411209006"/>
  <nd ref="411209004"/>
  <nd ref="411208998"/>
  <nd ref="411208997"/>
  <nd ref="411209049"/>
  <nd ref="4535744378"/>
  <nd ref="411209051"/>
  <nd ref="411209038"/>
  <nd ref="411209040"/>
  <nd ref="411208935"/>
  <nd ref="411208937"/>
  <nd ref="411209045"/>
  <nd ref="411209047"/>
  <nd ref="411209034"/>
  <nd ref="411209036"/>
  <nd ref="411209023"/>
  <nd ref="411209025"/>
  <nd ref="411209042"/>
  <nd ref="411209043"/>
  <nd ref="411209030"/>
  <nd ref="411209032"/>
  <nd ref="411209070"/>
  <nd ref="411209068"/>
  <nd ref="411209081"/>
  <nd ref="411209079"/>
  <nd ref="411209078"/>
  <nd ref="411209076"/>
  <nd ref="411209086"/>
  <nd ref="411209085"/>
  <nd ref="411209055"/>
  <nd ref="411209053"/>
  <nd ref="411209066"/>
  <nd ref="411209064"/>
  <nd ref="411209063"/>
  <nd ref="411209061"/>
  <nd ref="411209075"/>
  <nd ref="411209072"/>
  <nd ref="411209093"/>
  <nd ref="411209095"/>
  <nd ref="4535744349"/>
  <nd ref="411209105"/>
  <nd ref="411209106"/>
  <nd ref="411209101"/>
  <nd ref="411209103"/>
  <nd ref="411208993"/>
  <nd ref="411208995"/>
  <nd ref="411209083"/>
  <nd ref="411209084"/>
  <nd ref="4535744362"/>
  <nd ref="411209090"/>
  <nd ref="411209092"/>
  <nd ref="411209087"/>
  <nd ref="411209088"/>
  <nd ref="411209097"/>
  <nd ref="4535744345"/>
  <nd ref="411209099"/>
  <nd ref="411208908"/>
  <nd ref="411208906"/>
  <nd ref="411208900"/>
  <nd ref="411208899"/>
  <nd ref="411208902"/>
  <nd ref="411208901"/>
  <nd ref="411208894"/>
  <nd ref="411208892"/>
  <nd ref="411208898"/>
  <nd ref="411208896"/>
  <nd ref="411208889"/>
  <nd ref="411208888"/>
  <nd ref="411208891"/>
  <nd ref="411208890"/>
  <nd ref="411208885"/>
  <nd ref="411208884"/>
  <nd ref="411208854"/>
  <nd ref="411208855"/>
  <nd ref="411208924"/>
  <nd ref="411208925"/>
  <nd ref="411208927"/>
  <nd ref="411208929"/>
  <nd ref="411208917"/>
  <nd ref="411208918"/>
  <nd ref="411208920"/>
  <nd ref="411208922"/>
  <nd ref="411208909"/>
  <nd ref="411208911"/>
  <nd ref="4535744199"/>
  <nd ref="411208913"/>
  <nd ref="411208915"/>
  <nd ref="411208903"/>
  <nd ref="411208904"/>
  <nd ref="411208955"/>
  <nd ref="411208953"/>
  <nd ref="411208966"/>
  <nd ref="411208964"/>
  <nd ref="411208948"/>
  <nd ref="411208946"/>
  <nd ref="411208959"/>
  <nd ref="411208957"/>
  <nd ref="411208940"/>
  <nd ref="411208938"/>
  <nd ref="411208951"/>
  <nd ref="411208950"/>
  <nd ref="411208933"/>
  <nd ref="411208931"/>
  <nd ref="411208944"/>
  <nd ref="411208942"/>
  <nd ref="411208982"/>
  <nd ref="411208984"/>
  <nd ref="411208886"/>
  <nd ref="411208887"/>
  <nd ref="411208975"/>
  <nd ref="411208977"/>
  <nd ref="411208986"/>
  <nd ref="411208988"/>
  <nd ref="411208967"/>
  <nd ref="411208969"/>
  <nd ref="411208978"/>
  <nd ref="411208980"/>
  <nd ref="411208961"/>
  <nd ref="411208963"/>
  <nd ref="411208971"/>
  <nd ref="411208973"/>
  <nd ref="411208836"/>
  <nd ref="411208837"/>
  <nd ref="411208842"/>
  <nd ref="411208843"/>
  <nd ref="411208840"/>
  <nd ref="411208841"/>
  <nd ref="411208846"/>
  <nd ref="411208847"/>
  <nd ref="411208844"/>
  <nd ref="411208845"/>
  <nd ref="411208850"/>
  <nd ref="411208851"/>
  <nd ref="411208848"/>
  <nd ref="411208849"/>
  <nd ref="411208790"/>
  <nd ref="411208791"/>
  <nd ref="411208821"/>
  <nd ref="411208820"/>
  <nd ref="411208827"/>
  <nd ref="411208826"/>
  <nd ref="411208825"/>
  <nd ref="411208824"/>
  <nd ref="411208831"/>
  <nd ref="411208830"/>
  <nd ref="411208829"/>
  <nd ref="411208828"/>
  <nd ref="411208835"/>
  <nd ref="411208834"/>
  <nd ref="411208833"/>
  <nd ref="411208832"/>
  <nd ref="411208839"/>
  <nd ref="411208838"/>
  <nd ref="411208874"/>
  <nd ref="411208875"/>
  <nd ref="411208868"/>
  <nd ref="411208869"/>
  <nd ref="411208878"/>
  <nd ref="411208879"/>
  <nd ref="411208872"/>
  <nd ref="411208873"/>
  <nd ref="411208882"/>
  <nd ref="411208883"/>
  <nd ref="411208876"/>
  <nd ref="411208877"/>
  <nd ref="411208822"/>
  <nd ref="411208823"/>
  <nd ref="411208880"/>
  <nd ref="411208881"/>
  <nd ref="411208859"/>
  <nd ref="411208858"/>
  <nd ref="411208853"/>
  <nd ref="411208852"/>
  <nd ref="411208863"/>
  <nd ref="411208862"/>
  <nd ref="411208857"/>
  <nd ref="411208856"/>
  <nd ref="411208867"/>
  <nd ref="411208866"/>
  <nd ref="411208861"/>
  <nd ref="411208860"/>
  <nd ref="411208871"/>
  <nd ref="411208870"/>
  <nd ref="411208865"/>
  <nd ref="411208864"/>
  <nd ref="411208777"/>
  <nd ref="411208776"/>
  <nd ref="411208783"/>
  <nd ref="411208782"/>
  <nd ref="411208773"/>
  <nd ref="411208772"/>
  <nd ref="411208779"/>
  <nd ref="411208778"/>
  <nd ref="411208785"/>
  <nd ref="411208784"/>
  <nd ref="411208727"/>
  <nd ref="411208726"/>
  <nd ref="411208781"/>
  <nd ref="411208780"/>
  <nd ref="411208787"/>
  <nd ref="411208786"/>
  <nd ref="411208760"/>
  <nd ref="411208761"/>
  <nd ref="411208766"/>
  <nd ref="411208767"/>
  <nd ref="411208756"/>
  <nd ref="411208757"/>
  <nd ref="411208762"/>
  <nd ref="411208763"/>
  <nd ref="411208768"/>
  <nd ref="411208769"/>
  <nd ref="411208774"/>
  <nd ref="411208775"/>
  <nd ref="411208764"/>
  <nd ref="411208765"/>
  <nd ref="411208770"/>
  <nd ref="411208771"/>
  <nd ref="411208814"/>
  <nd ref="411208815"/>
  <nd ref="411208808"/>
  <nd ref="411208809"/>
  <nd ref="411208810"/>
  <nd ref="411208811"/>
  <nd ref="411208804"/>
  <nd ref="411208805"/>
  <nd ref="411208759"/>
  <nd ref="411208758"/>
  <nd ref="411208816"/>
  <nd ref="411208817"/>
  <nd ref="411208818"/>
  <nd ref="411208819"/>
  <nd ref="411208812"/>
  <nd ref="411208813"/>
  <nd ref="411208799"/>
  <nd ref="411208798"/>
  <nd ref="411208793"/>
  <nd ref="411208792"/>
  <nd ref="411208795"/>
  <nd ref="411208794"/>
  <nd ref="411208789"/>
  <nd ref="411208788"/>
  <nd ref="411208807"/>
  <nd ref="411208806"/>
  <nd ref="411208801"/>
  <nd ref="411208800"/>
  <nd ref="411208803"/>
  <nd ref="411208802"/>
  <nd ref="411208797"/>
  <nd ref="411208796"/>
  <nd ref="411208716"/>
  <nd ref="411208717"/>
  <nd ref="411208722"/>
  <nd ref="411208723"/>
  <nd ref="411208720"/>
  <nd ref="411208721"/>
  <nd ref="411208662"/>
  <nd ref="411208663"/>
  <nd ref="411208708"/>
  <nd ref="411208709"/>
  <nd ref="411208714"/>
  <nd ref="411208715"/>
  <nd ref="411208712"/>
  <nd ref="411208713"/>
  <nd ref="411208718"/>
  <nd ref="411208719"/>
  <nd ref="411208701"/>
  <nd ref="411208700"/>
  <nd ref="411208707"/>
  <nd ref="411208706"/>
  <nd ref="411208705"/>
  <nd ref="411208704"/>
  <nd ref="411208711"/>
  <nd ref="411208710"/>
  <nd ref="411208693"/>
  <nd ref="411208692"/>
  <nd ref="411208699"/>
  <nd ref="411208698"/>
  <nd ref="411208697"/>
  <nd ref="411208696"/>
  <nd ref="411208703"/>
  <nd ref="411208702"/>
  <nd ref="411208754"/>
  <nd ref="411208755"/>
  <nd ref="411208748"/>
  <nd ref="411208749"/>
  <nd ref="411208694"/>
  <nd ref="411208695"/>
  <nd ref="411208752"/>
  <nd ref="411208753"/>
  <nd ref="411208746"/>
  <nd ref="411208747"/>
  <nd ref="411208740"/>
  <nd ref="411208741"/>
  <nd ref="411208750"/>
  <nd ref="411208751"/>
  <nd ref="411208744"/>
  <nd ref="4535743963"/>
  <nd ref="411208745"/>
  <nd ref="411208739"/>
  <nd ref="411208738"/>
  <nd ref="411208733"/>
  <nd ref="411208732"/>
  <nd ref="411208743"/>
  <nd ref="411208742"/>
  <nd ref="411208737"/>
  <nd ref="411208736"/>
  <nd ref="411208731"/>
  <nd ref="411208730"/>
  <nd ref="411208725"/>
  <nd ref="411208724"/>
  <nd ref="411208735"/>
  <nd ref="411208734"/>
  <nd ref="411208729"/>
  <nd ref="411208728"/>
  <nd ref="411208656"/>
  <nd ref="411208657"/>
  <nd ref="411208598"/>
  <nd ref="411208599"/>
  <nd ref="411208652"/>
  <nd ref="411208653"/>
  <nd ref="411208658"/>
  <nd ref="411208659"/>
  <nd ref="411208648"/>
  <nd ref="411208649"/>
  <nd ref="411208654"/>
  <nd ref="411208655"/>
  <nd ref="411208644"/>
  <nd ref="411208645"/>
  <nd ref="411208650"/>
  <nd ref="411208651"/>
  <nd ref="411208641"/>
  <nd ref="411208640"/>
  <nd ref="411208647"/>
  <nd ref="411208646"/>
  <nd ref="411208637"/>
  <nd ref="411208636"/>
  <nd ref="411208643"/>
  <nd ref="411208642"/>
  <nd ref="411208633"/>
  <nd ref="411208632"/>
  <nd ref="411208639"/>
  <nd ref="411208638"/>
  <nd ref="411208629"/>
  <nd ref="411208628"/>
  <nd ref="411208635"/>
  <nd ref="411208634"/>
  <nd ref="411208630"/>
  <nd ref="411208631"/>
  <nd ref="411208688"/>
  <nd ref="411208689"/>
  <nd ref="411208690"/>
  <nd ref="411208691"/>
  <nd ref="411208684"/>
  <nd ref="411208685"/>
  <nd ref="411208686"/>
  <nd ref="411208687"/>
  <nd ref="411208680"/>
  <nd ref="411208681"/>
  <nd ref="411208682"/>
  <nd ref="411208683"/>
  <nd ref="411208676"/>
  <nd ref="411208677"/>
  <nd ref="411208679"/>
  <nd ref="411208678"/>
  <nd ref="411208673"/>
  <nd ref="411208672"/>
  <nd ref="411208675"/>
  <nd ref="411208674"/>
  <nd ref="411208669"/>
  <nd ref="411208668"/>
  <nd ref="411208671"/>
  <nd ref="411208670"/>
  <nd ref="411208665"/>
  <nd ref="411208664"/>
  <nd ref="411208667"/>
  <nd ref="411208666"/>
  <nd ref="411208661"/>
  <nd ref="411208660"/>
  <nd ref="411209887"/>
  <nd ref="411209888"/>
  <nd ref="411209885"/>
  <nd ref="411209886"/>
  <nd ref="411209891"/>
  <nd ref="411209892"/>
  <nd ref="411209889"/>
  <nd ref="411209890"/>
  <nd ref="411209895"/>
  <nd ref="411209896"/>
  <nd ref="411209893"/>
  <nd ref="411209894"/>
  <nd ref="411209899"/>
  <nd ref="411209900"/>
  <nd ref="411209897"/>
  <nd ref="411209898"/>
  <nd ref="411209904"/>
  <nd ref="411209903"/>
  <nd ref="411209902"/>
  <nd ref="411209901"/>
  <nd ref="411209844"/>
  <nd ref="411209843"/>
  <nd ref="411209842"/>
  <nd ref="411209905"/>
  <nd ref="411209848"/>
  <nd ref="411209847"/>
  <nd ref="411209846"/>
  <nd ref="5297439510"/>
  <nd ref="411209845"/>
  <nd ref="411209852"/>
  <nd ref="411209851"/>
  <nd ref="411209850"/>
  <nd ref="411209849"/>
  <nd ref="411209853"/>
  <nd ref="411209854"/>
  <nd ref="411209855"/>
  <nd ref="411209856"/>
  <nd ref="411209857"/>
  <nd ref="411209858"/>
  <nd ref="411209859"/>
  <nd ref="411209860"/>
  <nd ref="411209861"/>
  <nd ref="2611882324"/>
  <nd ref="411209862"/>
  <nd ref="411209863"/>
  <tag k="admin_level" v="8"/>
  <tag k="boundary" v="administrative"/>
  <tag k="source" v="cadastre-dgi-fr source : Direction Générale des Impôts - Cadastre. Mise à jour : 2009"/>
 </way>
 <way id="94347887" visible="true" version="4" changeset="171557722" timestamp="2025-09-06T19:53:09Z" user="Dren ar Frankig" uid="11707888">
  <nd ref="331220819"/>
  <nd ref="13034468067"/>
  <nd ref="13034468066"/>
  <nd ref="1096194115"/>
  <nd ref="13034468065"/>
  <nd ref="13034468064"/>
  <nd ref="13034468063"/>
  <nd ref="1096194048"/>
  <nd ref="13034468062"/>
  <nd ref="1096194694"/>
  <nd ref="1096193924"/>
  <nd ref="13034468057"/>
  <nd ref="13034468056"/>
  <nd ref="13034468055"/>
  <nd ref="1096194336"/>
  <nd ref="13034468054"/>
  <nd ref="1096194461"/>
  <nd ref="13034468053"/>
  <nd ref="13034468058"/>
  <nd ref="13034468059"/>
  <nd ref="1096194087"/>
  <nd ref="1096194168"/>
  <nd ref="331221193"/>
  <tag k="highway" v="unclassified"/>
  <tag k="name" v="Chemin de Malabry"/>
  <tag k="name:br" v="Hent Malabri"/>
 </way>
 <way id="117840893" visible="true" version="10" changeset="173325693" timestamp="2025-10-15T15:12:44Z" user="Falig44" uid="23098618">
  <nd ref="331234653"/>
  <nd ref="2006193907"/>
  <nd ref="331214256"/>
  <nd ref="331218945"/>
  <nd ref="331214257"/>
  <nd ref="13234879263"/>
  <nd ref="331214259"/>
  <nd ref="331214261"/>
  <nd ref="331214262"/>
  <nd ref="4447119956"/>
  <nd ref="13234988570"/>
  <nd ref="331214264"/>
  <nd ref="2177958677"/>
  <nd ref="331214265"/>
  <nd ref="2177958678"/>
  <nd ref="331214267"/>
  <nd ref="12203640739"/>
  <nd ref="12203640738"/>
  <nd ref="331214268"/>
  <tag k="highway" v="unclassified"/>
 </way>
 <way id="189939212" visible="true" version="1" changeset="13815258" timestamp="2012-11-09T22:55:41Z" user="Rinaldum" uid="203790">
  <nd ref="2005496570"/>
  <nd ref="2005496432"/>
  <nd ref="2005496539"/>
  <nd ref="2005496486"/>
  <nd ref="2005496653"/>
  <nd ref="2005496633"/>
  <nd ref="2005496614"/>
  <nd ref="2005496424"/>
  <nd ref="2005496616"/>
  <nd ref="2005496584"/>
  <nd ref="2005496605"/>
  <nd ref="2005496499"/>
  <tag k="highway" v="track"/>
  <tag k="source" v="Bing"/>
 </way>
 <way id="189939214" visible="true" version="4" changeset="155283222" timestamp="2024-08-15T13:30:05Z" user="b4n" uid="8722976">
  <nd ref="2005496438"/>
  <nd ref="2005496466"/>
  <nd ref="2005496434"/>
  <nd ref="2005496533"/>
  <nd ref="2005496588"/>
  <nd ref="2005496565"/>
  <nd ref="2005496503"/>
  <nd ref="2005496454"/>
  <nd ref="2005496430"/>
  <nd ref="2005496436"/>
  <nd ref="2005496457"/>
  <tag k="highway" v="track"/>
  <tag k="source" v="Bing"/>
  <tag k="surface" v="dirt"/>
  <tag k="tracktype" v="grade3"/>
 </way>
 <way id="190002324" visible="true" version="1" changeset="13818273" timestamp="2012-11-10T09:11:30Z" user="Rinaldum" uid="203790">
  <nd ref="2006050841"/>
  <nd ref="2006050900"/>
  <nd ref="2006050850"/>
  <nd ref="2006050889"/>
  <tag k="highway" v="track"/>
  <tag k="source" v="Bing"/>
 </way>
 <way id="190002327" visible="true" version="3" changeset="124515784" timestamp="2022-08-05T10:15:17Z" user="Armand D" uid="14690951">
  <nd ref="2006050855"/>
  <nd ref="2006050877"/>
  <nd ref="2006050876"/>
  <nd ref="2006050946"/>
  <nd ref="2006050881"/>
  <nd ref="2006050911"/>
  <nd ref="2006050839"/>
  <nd ref="2006050937"/>
  <nd ref="2006050859"/>
  <nd ref="2006050929"/>
  <nd ref="2006050935"/>
  <nd ref="2006050908"/>
  <nd ref="2006050951"/>
  <nd ref="2006050959"/>
  <nd ref="2006050897"/>
  <nd ref="2006050955"/>
  <nd ref="2005496468"/>
  <tag k="highway" v="track"/>
  <tag k="source" v="Bing"/>
  <tag k="surface" v="compacted"/>
  <tag k="tracktype" v="grade2"/>
 </way>
 <way id="190002333" visible="true" version="1" changeset="13818273" timestamp="2012-11-10T09:11:30Z" user="Rinaldum" uid="203790">
  <nd ref="2006050894"/>
  <nd ref="2006050892"/>
  <nd ref="2006050843"/>
  <nd ref="2006050882"/>
  <nd ref="2006050930"/>
  <nd ref="2006050861"/>
  <nd ref="2006050909"/>
  <nd ref="2006050889"/>
  <nd ref="2006050950"/>
  <nd ref="2006050912"/>
  <nd ref="2006050919"/>
  <nd ref="2006050921"/>
  <nd ref="2006050938"/>
  <tag k="highway" v="track"/>
  <tag k="source" v="Bing"/>
 </way>
 <way id="190037956" visible="true" version="4" changeset="173325693" timestamp="2025-10-15T15:12:44Z" user="Falig44" uid="23098618">
  <nd ref="2006354568"/>
  <nd ref="13234988537"/>
  <nd ref="13234988539"/>
  <nd ref="13234988541"/>
  <nd ref="13234988540"/>
  <nd ref="13234988526"/>
  <nd ref="13234988527"/>
  <nd ref="2006354527"/>
  <nd ref="4447119955"/>
  <nd ref="2006354564"/>
  <nd ref="2006354570"/>
  <nd ref="2006354579"/>
  <nd ref="4447119948"/>
  <nd ref="2006354577"/>
  <nd ref="4447119956"/>
  <nd ref="2006354525"/>
  <nd ref="2006354497"/>
  <nd ref="2006354582"/>
  <nd ref="2006354569"/>
  <nd ref="2006354566"/>
  <nd ref="2006354597"/>
  <nd ref="2006354572"/>
  <nd ref="2006354523"/>
  <nd ref="2006354587"/>
  <nd ref="13234988536"/>
  <nd ref="2006354495"/>
  <nd ref="13234988542"/>
  <nd ref="13234988545"/>
  <nd ref="13234988549"/>
  <nd ref="13234988554"/>
  <nd ref="13234988555"/>
  <nd ref="13234988556"/>
  <nd ref="13234988559"/>
  <nd ref="13234988535"/>
  <nd ref="13234988558"/>
  <nd ref="13234988566"/>
  <nd ref="13234988553"/>
  <nd ref="13234988552"/>
  <nd ref="13234988551"/>
  <nd ref="13234988550"/>
  <nd ref="13234988548"/>
  <nd ref="13234988543"/>
  <nd ref="13234988547"/>
  <nd ref="13234988546"/>
  <nd ref="2006354568"/>
  <tag k="landuse" v="forest"/>
  <tag k="source" v="Bing"/>
 </way>
 <way id="190284484" visible="true" version="2" changeset="58159098" timestamp="2018-04-17T07:24:40Z" user="Syl" uid="224440">
  <nd ref="2008824667"/>
  <nd ref="2008824671"/>
  <nd ref="2008824683"/>
  <nd ref="2008824689"/>
  <nd ref="2008824661"/>
  <nd ref="2008824654"/>
  <nd ref="2008824642"/>
  <nd ref="2008824628"/>
  <nd ref="2008824657"/>
  <nd ref="2008824667"/>
  <tag k="building" v="yes"/>
  <tag k="source" v="cadastre-dgi-fr source : Direction Générale des Impôts - Cadastre. Mise à jour : 2012"/>
 </way>
 <way id="190284554" visible="true" version="2" changeset="58159098" timestamp="2018-04-17T07:24:40Z" user="Syl" uid="224440">
  <nd ref="2008823816"/>
  <nd ref="2008823844"/>
  <nd ref="2008823847"/>
  <nd ref="2008823886"/>
  <nd ref="2008823883"/>
  <nd ref="2008823868"/>
  <nd ref="2008823871"/>
  <nd ref="2008823776"/>
  <nd ref="2008823772"/>
  <nd ref="2008823831"/>
  <nd ref="2008823816"/>
  <tag k="building" v="yes"/>
  <tag k="source" v="cadastre-dgi-fr source : Direction Générale des Impôts - Cadastre. Mise à jour : 2012"/>
 </way>
 <way id="190284561" visible="true" version="1" changeset="13835225" timestamp="2012-11-11T16:55:23Z" user="Pierre-Alain Dorange" uid="28269">
  <nd ref="2008824375"/>
  <nd ref="2008824369"/>
  <nd ref="2008824361"/>
  <nd ref="2008824359"/>
  <nd ref="2008824253"/>
  <nd ref="2008824277"/>
  <nd ref="2008824279"/>
  <nd ref="2008824374"/>
  <nd ref="2008824391"/>
  <nd ref="2008824379"/>
  <nd ref="2008824371"/>
  <nd ref="2008824375"/>
  <tag k="building" v="yes"/>
  <tag k="source" v="cadastre-dgi-fr source : Direction Générale des Impôts - Cadastre. Mise à jour : 2012"/>
 </way>
 <way id="190284566" visible="true" version="1" changeset="13835225" timestamp="2012-11-11T16:55:24Z" user="Pierre-Alain Dorange" uid="28269">
  <nd ref="2008824510"/>
  <nd ref="2008824507"/>
  <nd ref="2008824513"/>
  <nd ref="2008824524"/>
  <nd ref="2008824529"/>
  <nd ref="2008824533"/>
  <nd ref="2008824553"/>
  <nd ref="2008824584"/>
  <nd ref="2008824556"/>
  <nd ref="2008824541"/>
  <nd ref="2008824519"/>
  <nd ref="2008824516"/>
  <nd ref="2008824510"/>
  <tag k="building" v="yes"/>
  <tag k="source" v="cadastre-dgi-fr source : Direction Générale des Impôts - Cadastre. Mise à jour : 2012"/>
 </way>
 <way id="190284579" visible="true" version="1" changeset="13835225" timestamp="2012-11-11T16:55:25Z" user="Pierre-Alain Dorange" uid="28269">
  <nd ref="2008825171"/>
  <nd ref="2008825172"/>
  <nd ref="2008825173"/>
  <nd ref="2008825178"/>
  <nd ref="2008825197"/>
  <nd ref="2008825190"/>
  <nd ref="2008825203"/>
  <nd ref="2008825201"/>
  <nd ref="2008825184"/>
  <nd ref="2008825182"/>
  <nd ref="2008825176"/>
  <nd ref="2008825174"/>
  <nd ref="2008825171"/>
  <tag k="building" v="yes"/>
  <tag k="source" v="cadastre-dgi-fr source : Direction Générale des Impôts - Cadastre. Mise à jour : 2012"/>
 </way>
 <way id="190284651" visible="true" version="1" changeset="13835225" timestamp="2012-11-11T16:55:29Z" user="Pierre-Alain Dorange" uid="28269">
  <nd ref="2008824610"/>
  <nd ref="2008824604"/>
  <nd ref="2008824608"/>
  <nd ref="2008824548"/>
  <nd ref="2008824531"/>
  <nd ref="2008824559"/>
  <nd ref="2008824545"/>
  <nd ref="2008824568"/>
  <nd ref="2008824575"/>
  <nd ref="2008824580"/>
  <nd ref="2008824600"/>
  <nd ref="2008824602"/>
  <nd ref="2008824606"/>
  <nd ref="2008824610"/>
  <tag k="building" v="yes"/>
  <tag k="source" v="cadastre-dgi-fr source : Direction Générale des Impôts - Cadastre. Mise à jour : 2012"/>
 </way>
 <way id="190284687" visible="true" version="2" changeset="58159000" timestamp="2018-04-17T07:19:33Z" user="Syl" uid="224440">
  <nd ref="2008823619"/>
  <nd ref="2008823598"/>
  <nd ref="2008823691"/>
  <nd ref="2008823688"/>
  <nd ref="2008823594"/>
  <nd ref="2008823539"/>
  <nd ref="2008823506"/>
  <nd ref="2008823570"/>
  <nd ref="2008823703"/>
  <nd ref="2008823695"/>
  <nd ref="2008823619"/>
  <tag k="building" v="yes"/>
  <tag k="source" v="cadastre-dgi-fr source : Direction Générale des Impôts - Cadastre. Mise à jour : 2012"/>
 </way>
 <way id="190284730" visible="true" version="2" changeset="43965586" timestamp="2016-11-26T15:43:15Z" user="Syl" uid="224440">
  <nd ref="2008823720"/>
  <nd ref="2008823712"/>
  <nd ref="2008823737"/>
  <nd ref="2008823755"/>
  <nd ref="2008823720"/>
  <tag k="building" v="yes"/>
  <tag k="source" v="cadastre-dgi-fr source : Direction Générale des Impôts - Cadastre. Mise à jour : 2012"/>
 </way>
 <way id="190284826" visible="true" version="1" changeset="13835225" timestamp="2012-11-11T16:55:43Z" user="Pierre-Alain Dorange" uid="28269">
  <nd ref="2008823398"/>
  <nd ref="2008823400"/>
  <nd ref="2008823379"/>
  <nd ref="2008823377"/>
  <nd ref="2008823398"/>
  <tag k="building" v="yes"/>
  <tag k="source" v="cadastre-dgi-fr source : Direction Générale des Impôts - Cadastre. Mise à jour : 2012"/>
  <tag k="wall" v="no"/>
 </way>
 <way id="190284896" visible="true" version="1" changeset="13835225" timestamp="2012-11-11T16:55:48Z" user="Pierre-Alain Dorange" uid="28269">
  <nd ref="2008823351"/>
  <nd ref="2008823354"/>
  <nd ref="2008823348"/>
  <nd ref="2008823345"/>
  <nd ref="2008823351"/>
  <tag k="building" v="yes"/>
  <tag k="source" v="cadastre-dgi-fr source : Direction Générale des Impôts - Cadastre. Mise à jour : 2012"/>
  <tag k="wall" v="no"/>
 </way>
 <way id="190284906" visible="true" version="1" changeset="13835225" timestamp="2012-11-11T16:55:48Z" user="Pierre-Alain Dorange" uid="28269">
  <nd ref="2008824695"/>
  <nd ref="2008824669"/>
  <nd ref="2008824659"/>
  <nd ref="2008824686"/>
  <nd ref="2008824695"/>
  <tag k="building" v="yes"/>
  <tag k="source" v="cadastre-dgi-fr source : Direction Générale des Impôts - Cadastre. Mise à jour : 2012"/>
 </way>
 <way id="190284999" visible="true" version="3" changeset="142148116" timestamp="2023-10-04T14:28:25Z" user="Frêne" uid="16004379">
  <nd ref="2008823907"/>
  <nd ref="2008823889"/>
  <nd ref="11238367133"/>
  <nd ref="11238367132"/>
  <nd ref="2008823907"/>
  <tag k="addr:city" v="Notre-Dame des Landes"/>
  <tag k="addr:place" v="Le Liminbout"/>
  <tag k="addr:postcode" v="44130"/>
  <tag k="building" v="semidetached_house"/>
  <tag k="building:levels" v="1"/>
  <tag k="name" v="Les cent noms 2"/>
  <tag k="source" v="cadastre-dgi-fr source : Direction Générale des Impôts - Cadastre. Mise à jour : 2012"/>
 </way>
 <way id="190285005" visible="true" version="1" changeset="13835225" timestamp="2012-11-11T16:55:54Z" user="Pierre-Alain Dorange" uid="28269">
  <nd ref="2008824375"/>
  <nd ref="2008824371"/>
  <nd ref="2008824379"/>
  <nd ref="2008824389"/>
  <nd ref="2008824375"/>
  <tag k="building" v="yes"/>
  <tag k="source" v="cadastre-dgi-fr source : Direction Générale des Impôts - Cadastre. Mise à jour : 2012"/>
  <tag k="wall" v="no"/>
 </way>
 <way id="190285105" visible="true" version="1" changeset="13835225" timestamp="2012-11-11T16:56:01Z" user="Pierre-Alain Dorange" uid="28269">
  <nd ref="2008824663"/>
  <nd ref="2008824677"/>
  <nd ref="2008824680"/>
  <nd ref="2008824665"/>
  <nd ref="2008824663"/>
  <tag k="building" v="yes"/>
  <tag k="source" v="cadastre-dgi-fr source : Direction Générale des Impôts - Cadastre. Mise à jour : 2012"/>
  <tag k="wall" v="no"/>
 </way>
 <way id="190285120" visible="true" version="2" changeset="58159000" timestamp="2018-04-17T07:19:34Z" user="Syl" uid="224440">
  <nd ref="2008823760"/>
  <nd ref="2008823788"/>
  <nd ref="2008823707"/>
  <nd ref="2008823699"/>
  <nd ref="2008823760"/>
  <tag k="building" v="yes"/>
  <tag k="source" v="cadastre-dgi-fr source : Direction Générale des Impôts - Cadastre. Mise à jour : 2012"/>
 </way>
 <way id="190285214" visible="true" version="2" changeset="142148116" timestamp="2023-10-04T14:28:25Z" user="Frêne" uid="16004379">
  <nd ref="2008824004"/>
  <nd ref="2008823992"/>
  <nd ref="2008823998"/>
  <nd ref="2008824007"/>
  <nd ref="2008824004"/>
  <tag k="building" v="barn"/>
  <tag k="source" v="cadastre-dgi-fr source : Direction Générale des Impôts - Cadastre. Mise à jour : 2012"/>
  <tag k="wall" v="no"/>
 </way>
 <way id="190285219" visible="true" version="1" changeset="13835225" timestamp="2012-11-11T16:56:06Z" user="Pierre-Alain Dorange" uid="28269">
  <nd ref="2008824651"/>
  <nd ref="2008824622"/>
  <nd ref="2008824613"/>
  <nd ref="2008824639"/>
  <nd ref="2008824651"/>
  <tag k="building" v="yes"/>
  <tag k="source" v="cadastre-dgi-fr source : Direction Générale des Impôts - Cadastre. Mise à jour : 2012"/>
 </way>
 <way id="190285226" visible="true" version="1" changeset="13835225" timestamp="2012-11-11T16:56:06Z" user="Pierre-Alain Dorange" uid="28269">
  <nd ref="2008823672"/>
  <nd ref="2008823636"/>
  <nd ref="2008823536"/>
  <nd ref="2008823589"/>
  <nd ref="2008823672"/>
  <tag k="building" v="yes"/>
  <tag k="source" v="cadastre-dgi-fr source : Direction Générale des Impôts - Cadastre. Mise à jour : 2012"/>
  <tag k="wall" v="no"/>
 </way>
 <way id="190285239" visible="true" version="1" changeset="13835225" timestamp="2012-11-11T16:56:07Z" user="Pierre-Alain Dorange" uid="28269">
  <nd ref="2008825213"/>
  <nd ref="2008825207"/>
  <nd ref="2008825209"/>
  <nd ref="2008825215"/>
  <nd ref="2008825213"/>
  <tag k="building" v="yes"/>
  <tag k="source" v="cadastre-dgi-fr source : Direction Générale des Impôts - Cadastre. Mise à jour : 2012"/>
  <tag k="wall" v="no"/>
 </way>
 <way id="190285505" visible="true" version="1" changeset="13835225" timestamp="2012-11-11T16:56:20Z" user="Pierre-Alain Dorange" uid="28269">
  <nd ref="2008824429"/>
  <nd ref="2008824414"/>
  <nd ref="2008824393"/>
  <nd ref="2008824406"/>
  <nd ref="2008824429"/>
  <tag k="building" v="yes"/>
  <tag k="source" v="cadastre-dgi-fr source : Direction Générale des Impôts - Cadastre. Mise à jour : 2012"/>
 </way>
 <way id="190285524" visible="true" version="1" changeset="13835225" timestamp="2012-11-11T16:56:21Z" user="Pierre-Alain Dorange" uid="28269">
  <nd ref="2008825157"/>
  <nd ref="2008825159"/>
  <nd ref="2008825188"/>
  <nd ref="2008825186"/>
  <nd ref="2008825157"/>
  <tag k="building" v="yes"/>
  <tag k="source" v="cadastre-dgi-fr source : Direction Générale des Impôts - Cadastre. Mise à jour : 2012"/>
 </way>
 <way id="190285543" visible="true" version="1" changeset="13835225" timestamp="2012-11-11T16:56:23Z" user="Pierre-Alain Dorange" uid="28269">
  <nd ref="2008823615"/>
  <nd ref="2008823543"/>
  <nd ref="2008823530"/>
  <nd ref="2008823602"/>
  <nd ref="2008823615"/>
  <tag k="building" v="yes"/>
  <tag k="source" v="cadastre-dgi-fr source : Direction Générale des Impôts - Cadastre. Mise à jour : 2012"/>
 </way>
 <way id="190285578" visible="true" version="1" changeset="13835225" timestamp="2012-11-11T16:56:26Z" user="Pierre-Alain Dorange" uid="28269">
  <nd ref="2008824710"/>
  <nd ref="2008824701"/>
  <nd ref="2008824698"/>
  <nd ref="2008824707"/>
  <nd ref="2008824710"/>
  <tag k="building" v="yes"/>
  <tag k="source" v="cadastre-dgi-fr source : Direction Générale des Impôts - Cadastre. Mise à jour : 2012"/>
  <tag k="wall" v="no"/>
 </way>
 <way id="190285591" visible="true" version="1" changeset="13835225" timestamp="2012-11-11T16:56:27Z" user="Pierre-Alain Dorange" uid="28269">
  <nd ref="2008824067"/>
  <nd ref="2008824064"/>
  <nd ref="2008824061"/>
  <nd ref="2008824055"/>
  <nd ref="2008824067"/>
  <tag k="building" v="yes"/>
  <tag k="source" v="cadastre-dgi-fr source : Direction Générale des Impôts - Cadastre. Mise à jour : 2012"/>
 </way>
 <way id="190285635" visible="true" version="1" changeset="13835225" timestamp="2012-11-11T16:56:31Z" user="Pierre-Alain Dorange" uid="28269">
  <nd ref="2008823457"/>
  <nd ref="2008823439"/>
  <nd ref="2008823435"/>
  <nd ref="2008823454"/>
  <nd ref="2008823457"/>
  <tag k="building" v="yes"/>
  <tag k="source" v="cadastre-dgi-fr source : Direction Générale des Impôts - Cadastre. Mise à jour : 2012"/>
 </way>
 <way id="190285747" visible="true" version="1" changeset="13835225" timestamp="2012-11-11T16:56:42Z" user="Pierre-Alain Dorange" uid="28269">
  <nd ref="2008823942"/>
  <nd ref="2008823948"/>
  <nd ref="2008823974"/>
  <nd ref="2008823971"/>
  <nd ref="2008823942"/>
  <tag k="building" v="yes"/>
  <tag k="source" v="cadastre-dgi-fr source : Direction Générale des Impôts - Cadastre. Mise à jour : 2012"/>
 </way>
 <way id="190285810" visible="true" version="1" changeset="13835225" timestamp="2012-11-11T16:56:47Z" user="Pierre-Alain Dorange" uid="28269">
  <nd ref="2008823414"/>
  <nd ref="2008823418"/>
  <nd ref="2008823374"/>
  <nd ref="2008823366"/>
  <nd ref="2008823414"/>
  <tag k="building" v="yes"/>
  <tag k="source" v="cadastre-dgi-fr source : Direction Générale des Impôts - Cadastre. Mise à jour : 2012"/>
  <tag k="wall" v="no"/>
 </way>
 <way id="190285856" visible="true" version="1" changeset="13835225" timestamp="2012-11-11T16:56:48Z" user="Pierre-Alain Dorange" uid="28269">
  <nd ref="2008823928"/>
  <nd ref="2008823939"/>
  <nd ref="2008823931"/>
  <nd ref="2008823916"/>
  <nd ref="2008823928"/>
  <tag k="building" v="yes"/>
  <tag k="source" v="cadastre-dgi-fr source : Direction Générale des Impôts - Cadastre. Mise à jour : 2012"/>
 </way>
 <way id="190285896" visible="true" version="1" changeset="13835225" timestamp="2012-11-11T16:56:51Z" user="Pierre-Alain Dorange" uid="28269">
  <nd ref="2008825161"/>
  <nd ref="2008825167"/>
  <nd ref="2008825165"/>
  <nd ref="2008825155"/>
  <nd ref="2008825161"/>
  <tag k="building" v="yes"/>
  <tag k="source" v="cadastre-dgi-fr source : Direction Générale des Impôts - Cadastre. Mise à jour : 2012"/>
 </way>
 <way id="190285965" visible="true" version="2" changeset="58159098" timestamp="2018-04-17T07:24:40Z" user="Syl" uid="224440">
  <nd ref="2008824657"/>
  <nd ref="2008824628"/>
  <nd ref="2008824625"/>
  <nd ref="2008824616"/>
  <nd ref="2008824645"/>
  <nd ref="2008824657"/>
  <tag k="building" v="yes"/>
  <tag k="source" v="cadastre-dgi-fr source : Direction Générale des Impôts - Cadastre. Mise à jour : 2012"/>
 </way>
 <way id="190285987" visible="true" version="1" changeset="13835225" timestamp="2012-11-11T16:56:56Z" user="Pierre-Alain Dorange" uid="28269">
  <nd ref="2008824710"/>
  <nd ref="2008824713"/>
  <nd ref="2008824704"/>
  <nd ref="2008824701"/>
  <nd ref="2008824710"/>
  <tag k="building" v="yes"/>
  <tag k="source" v="cadastre-dgi-fr source : Direction Générale des Impôts - Cadastre. Mise à jour : 2012"/>
 </way>
 <way id="190286003" visible="true" version="3" changeset="142148116" timestamp="2023-10-04T14:28:25Z" user="Frêne" uid="16004379">
  <nd ref="2008823837"/>
  <nd ref="2008823796"/>
  <nd ref="2008823792"/>
  <nd ref="2008823731"/>
  <nd ref="2008823743"/>
  <nd ref="2008823768"/>
  <nd ref="2008823784"/>
  <nd ref="2008823839"/>
  <nd ref="2008823804"/>
  <nd ref="2008823859"/>
  <nd ref="2008823837"/>
  <tag k="building" v="barn"/>
  <tag k="source" v="cadastre-dgi-fr source : Direction Générale des Impôts - Cadastre. Mise à jour : 2012"/>
 </way>
 <way id="190286090" visible="true" version="3" changeset="142148116" timestamp="2023-10-04T14:28:25Z" user="Frêne" uid="16004379">
  <nd ref="2008824016"/>
  <nd ref="2008824029"/>
  <nd ref="10931232544"/>
  <nd ref="2008824037"/>
  <nd ref="2008824035"/>
  <nd ref="2008824016"/>
  <tag k="building" v="barn"/>
  <tag k="source" v="cadastre-dgi-fr source : Direction Générale des Impôts - Cadastre. Mise à jour : 2012"/>
 </way>
 <way id="190286273" visible="true" version="1" changeset="13835225" timestamp="2012-11-11T16:57:09Z" user="Pierre-Alain Dorange" uid="28269">
  <nd ref="2008823460"/>
  <nd ref="2008823484"/>
  <nd ref="2008823479"/>
  <nd ref="2008823445"/>
  <nd ref="2008823460"/>
  <tag k="building" v="yes"/>
  <tag k="source" v="cadastre-dgi-fr source : Direction Générale des Impôts - Cadastre. Mise à jour : 2012"/>
 </way>
 <way id="190286289" visible="true" version="1" changeset="13835225" timestamp="2012-11-11T16:57:10Z" user="Pierre-Alain Dorange" uid="28269">
  <nd ref="2008825213"/>
  <nd ref="2008825211"/>
  <nd ref="2008825205"/>
  <nd ref="2008825207"/>
  <nd ref="2008825213"/>
  <tag k="building" v="yes"/>
  <tag k="source" v="cadastre-dgi-fr source : Direction Générale des Impôts - Cadastre. Mise à jour : 2012"/>
  <tag k="wall" v="no"/>
 </way>
 <way id="190286307" visible="true" version="1" changeset="13835225" timestamp="2012-11-11T16:57:11Z" user="Pierre-Alain Dorange" uid="28269">
  <nd ref="2008823404"/>
  <nd ref="2008823412"/>
  <nd ref="2008823420"/>
  <nd ref="2008823388"/>
  <nd ref="2008823383"/>
  <nd ref="2008823404"/>
  <tag k="building" v="yes"/>
  <tag k="source" v="cadastre-dgi-fr source : Direction Générale des Impôts - Cadastre. Mise à jour : 2012"/>
  <tag k="wall" v="no"/>
 </way>
 <way id="190286485" visible="true" version="2" changeset="58159000" timestamp="2018-04-17T07:19:34Z" user="Syl" uid="224440">
  <nd ref="2008823733"/>
  <nd ref="2008823658"/>
  <nd ref="2008823665"/>
  <nd ref="2008823751"/>
  <nd ref="2008823733"/>
  <tag k="building" v="yes"/>
  <tag k="source" v="cadastre-dgi-fr source : Direction Générale des Impôts - Cadastre. Mise à jour : 2012"/>
  <tag k="wall" v="no"/>
 </way>
 <way id="190286541" visible="true" version="2" changeset="13914864" timestamp="2012-11-18T07:47:19Z" user="user_870861" uid="870861">
  <nd ref="2008824568"/>
  <nd ref="2008824545"/>
  <nd ref="2008824527"/>
  <nd ref="2008824522"/>
  <nd ref="2008824538"/>
  <nd ref="2008824562"/>
  <nd ref="2008824568"/>
  <tag k="building" v="yes"/>
  <tag k="source" v="cadastre-dgi-fr source : Direction Générale des Impôts - Cadastre. Mise à jour : 2012"/>
  <tag k="wall" v="no"/>
 </way>
 <way id="190286759" visible="true" version="1" changeset="13835225" timestamp="2012-11-11T16:57:37Z" user="Pierre-Alain Dorange" uid="28269">
  <nd ref="2008825163"/>
  <nd ref="2008825170"/>
  <nd ref="2008825169"/>
  <nd ref="2008825168"/>
  <nd ref="2008825167"/>
  <nd ref="2008825161"/>
  <nd ref="2008825163"/>
  <tag k="building" v="yes"/>
  <tag k="source" v="cadastre-dgi-fr source : Direction Générale des Impôts - Cadastre. Mise à jour : 2012"/>
 </way>
 <way id="190286813" visible="true" version="1" changeset="13835225" timestamp="2012-11-11T16:57:40Z" user="Pierre-Alain Dorange" uid="28269">
  <nd ref="2008823631"/>
  <nd ref="2008823668"/>
  <nd ref="2008823554"/>
  <nd ref="2008823533"/>
  <nd ref="2008823611"/>
  <nd ref="2008823607"/>
  <nd ref="2008823631"/>
  <tag k="building" v="yes"/>
  <tag k="source" v="cadastre-dgi-fr source : Direction Générale des Impôts - Cadastre. Mise à jour : 2012"/>
 </way>
 <way id="190286827" visible="true" version="2" changeset="142148116" timestamp="2023-10-04T14:28:25Z" user="Frêne" uid="16004379">
  <nd ref="2008824049"/>
  <nd ref="2008824052"/>
  <nd ref="2008824072"/>
  <nd ref="2008824070"/>
  <nd ref="2008824098"/>
  <nd ref="2008824096"/>
  <nd ref="2008824049"/>
  <tag k="building" v="semidetached_house"/>
  <tag k="source" v="cadastre-dgi-fr source : Direction Générale des Impôts - Cadastre. Mise à jour : 2012"/>
 </way>
 <way id="190286922" visible="true" version="1" changeset="13835225" timestamp="2012-11-11T16:57:45Z" user="Pierre-Alain Dorange" uid="28269">
  <nd ref="2008824586"/>
  <nd ref="2008824550"/>
  <nd ref="2008824535"/>
  <nd ref="2008824565"/>
  <nd ref="2008824571"/>
  <nd ref="2008824578"/>
  <nd ref="2008824586"/>
  <tag k="building" v="yes"/>
  <tag k="source" v="cadastre-dgi-fr source : Direction Générale des Impôts - Cadastre. Mise à jour : 2012"/>
 </way>
 <way id="190286971" visible="true" version="1" changeset="13835225" timestamp="2012-11-11T16:57:47Z" user="Pierre-Alain Dorange" uid="28269">
  <nd ref="2008823363"/>
  <nd ref="2008823392"/>
  <nd ref="2008823394"/>
  <nd ref="2008823410"/>
  <nd ref="2008823414"/>
  <nd ref="2008823366"/>
  <nd ref="2008823363"/>
  <tag k="building" v="yes"/>
  <tag k="source" v="cadastre-dgi-fr source : Direction Générale des Impôts - Cadastre. Mise à jour : 2012"/>
 </way>
 <way id="190287010" visible="true" version="1" changeset="13835225" timestamp="2012-11-11T16:57:48Z" user="Pierre-Alain Dorange" uid="28269">
  <nd ref="2008823580"/>
  <nd ref="2008823585"/>
  <nd ref="2008823518"/>
  <nd ref="2008823514"/>
  <nd ref="2008823481"/>
  <nd ref="2008823476"/>
  <nd ref="2008823580"/>
  <tag k="building" v="yes"/>
  <tag k="source" v="cadastre-dgi-fr source : Direction Générale des Impôts - Cadastre. Mise à jour : 2012"/>
  <tag k="wall" v="no"/>
 </way>
 <way id="190287120" visible="true" version="2" changeset="142148116" timestamp="2023-10-04T14:28:25Z" user="Frêne" uid="16004379">
  <nd ref="2008824033"/>
  <nd ref="2008824029"/>
  <nd ref="2008824007"/>
  <nd ref="2008824010"/>
  <nd ref="2008824019"/>
  <nd ref="2008824022"/>
  <nd ref="2008824033"/>
  <tag k="building" v="barn"/>
  <tag k="source" v="cadastre-dgi-fr source : Direction Générale des Impôts - Cadastre. Mise à jour : 2012"/>
 </way>
 <way id="190287139" visible="true" version="1" changeset="13835225" timestamp="2012-11-11T16:57:54Z" user="Pierre-Alain Dorange" uid="28269">
  <nd ref="2008825220"/>
  <nd ref="2008825235"/>
  <nd ref="2008825232"/>
  <nd ref="2008825222"/>
  <nd ref="2008825224"/>
  <nd ref="2008825217"/>
  <nd ref="2008825220"/>
  <tag k="building" v="yes"/>
  <tag k="source" v="cadastre-dgi-fr source : Direction Générale des Impôts - Cadastre. Mise à jour : 2012"/>
  <tag k="wall" v="no"/>
 </way>
 <way id="190287188" visible="true" version="1" changeset="13835225" timestamp="2012-11-11T16:57:56Z" user="Pierre-Alain Dorange" uid="28269">
  <nd ref="2008825199"/>
  <nd ref="2008825228"/>
  <nd ref="2008825226"/>
  <nd ref="2008825245"/>
  <nd ref="2008825239"/>
  <nd ref="2008825180"/>
  <nd ref="2008825199"/>
  <tag k="building" v="yes"/>
  <tag k="source" v="cadastre-dgi-fr source : Direction Générale des Impôts - Cadastre. Mise à jour : 2012"/>
 </way>
 <way id="190287197" visible="true" version="2" changeset="58159000" timestamp="2018-04-17T07:19:34Z" user="Syl" uid="224440">
  <nd ref="2008823387"/>
  <nd ref="2008823396"/>
  <nd ref="2008823385"/>
  <nd ref="2008823375"/>
  <nd ref="2008823387"/>
  <tag k="building" v="yes"/>
  <tag k="source" v="cadastre-dgi-fr source : Direction Générale des Impôts - Cadastre. Mise à jour : 2012"/>
 </way>
 <way id="190287281" visible="true" version="3" changeset="142148116" timestamp="2023-10-04T14:28:25Z" user="Frêne" uid="16004379">
  <nd ref="2008823499"/>
  <nd ref="2008823570"/>
  <nd ref="2008823506"/>
  <nd ref="2008823443"/>
  <nd ref="2008823499"/>
  <tag k="building" v="livestock"/>
  <tag k="source" v="cadastre-dgi-fr source : Direction Générale des Impôts - Cadastre. Mise à jour : 2012"/>
  <tag k="wall" v="no"/>
 </way>
 <way id="190287296" visible="true" version="2" changeset="58159098" timestamp="2018-04-17T07:24:40Z" user="Syl" uid="224440">
  <nd ref="2008823502"/>
  <nd ref="2008823412"/>
  <nd ref="2008823404"/>
  <nd ref="2008823402"/>
  <nd ref="2008823494"/>
  <nd ref="2008823496"/>
  <nd ref="2008823522"/>
  <nd ref="2008823530"/>
  <nd ref="2008823543"/>
  <nd ref="2008823510"/>
  <nd ref="2008823502"/>
  <tag k="building" v="yes"/>
  <tag k="source" v="cadastre-dgi-fr source : Direction Générale des Impôts - Cadastre. Mise à jour : 2012"/>
  <tag k="wall" v="no"/>
 </way>
 <way id="190287323" visible="true" version="2" changeset="58159000" timestamp="2018-04-17T07:19:34Z" user="Syl" uid="224440">
  <nd ref="2008823396"/>
  <nd ref="2008823429"/>
  <nd ref="2008823408"/>
  <nd ref="2008823385"/>
  <nd ref="2008823396"/>
  <tag k="building" v="yes"/>
  <tag k="source" v="cadastre-dgi-fr source : Direction Générale des Impôts - Cadastre. Mise à jour : 2012"/>
  <tag k="wall" v="no"/>
 </way>
 <way id="190287329" visible="true" version="2" changeset="43965586" timestamp="2016-11-26T15:43:34Z" user="Syl" uid="224440">
  <nd ref="2008823474"/>
  <nd ref="2008823426"/>
  <nd ref="2008823416"/>
  <nd ref="2008823422"/>
  <nd ref="2008823441"/>
  <nd ref="2008823474"/>
  <tag k="building" v="yes"/>
  <tag k="source" v="cadastre-dgi-fr source : Direction Générale des Impôts - Cadastre. Mise à jour : 2012"/>
 </way>
 <way id="190287334" visible="true" version="2" changeset="58159000" timestamp="2018-04-17T07:19:34Z" user="Syl" uid="224440">
  <nd ref="2008823373"/>
  <nd ref="2008823387"/>
  <nd ref="2008823375"/>
  <nd ref="2008823357"/>
  <nd ref="2008823373"/>
  <tag k="building" v="yes"/>
  <tag k="source" v="cadastre-dgi-fr source : Direction Générale des Impôts - Cadastre. Mise à jour : 2012"/>
  <tag k="wall" v="no"/>
 </way>
 <way id="190287343" visible="true" version="2" changeset="58159000" timestamp="2018-04-17T07:19:34Z" user="Syl" uid="224440">
  <nd ref="2008823598"/>
  <nd ref="2008823619"/>
  <nd ref="2008823695"/>
  <nd ref="2008823691"/>
  <nd ref="2008823598"/>
  <tag k="building" v="yes"/>
  <tag k="source" v="cadastre-dgi-fr source : Direction Générale des Impôts - Cadastre. Mise à jour : 2012"/>
  <tag k="wall" v="no"/>
 </way>
 <way id="190287404" visible="true" version="2" changeset="58159098" timestamp="2018-04-17T07:24:40Z" user="Syl" uid="224440">
  <nd ref="2008824619"/>
  <nd ref="2008824622"/>
  <nd ref="2008824651"/>
  <nd ref="2008824663"/>
  <nd ref="2008824665"/>
  <nd ref="2008824680"/>
  <nd ref="2008824692"/>
  <nd ref="2008824674"/>
  <nd ref="2008824686"/>
  <nd ref="2008824659"/>
  <nd ref="2008824619"/>
  <tag k="building" v="yes"/>
  <tag k="source" v="cadastre-dgi-fr source : Direction Générale des Impôts - Cadastre. Mise à jour : 2012"/>
 </way>
 <way id="190287415" visible="true" version="2" changeset="43965586" timestamp="2016-11-26T15:43:35Z" user="Syl" uid="224440">
  <nd ref="2008823439"/>
  <nd ref="2008823457"/>
  <nd ref="2008823492"/>
  <nd ref="2008823474"/>
  <nd ref="2008823441"/>
  <nd ref="2008823422"/>
  <nd ref="2008823406"/>
  <nd ref="2008823439"/>
  <tag k="building" v="yes"/>
  <tag k="source" v="cadastre-dgi-fr source : Direction Générale des Impôts - Cadastre. Mise à jour : 2012"/>
  <tag k="wall" v="no"/>
 </way>
 <way id="190287432" visible="true" version="3" changeset="142148116" timestamp="2023-10-04T14:28:25Z" user="Frêne" uid="16004379">
  <nd ref="2008823922"/>
  <nd ref="2008823936"/>
  <nd ref="2008823919"/>
  <nd ref="2008823925"/>
  <nd ref="2008823966"/>
  <nd ref="2008823962"/>
  <nd ref="2008823970"/>
  <nd ref="2008823945"/>
  <nd ref="2008823922"/>
  <tag k="building" v="house"/>
  <tag k="source" v="cadastre-dgi-fr source : Direction Générale des Impôts - Cadastre. Mise à jour : 2012"/>
 </way>
 <way id="190287522" visible="true" version="2" changeset="58159000" timestamp="2018-04-17T07:19:35Z" user="Syl" uid="224440">
  <nd ref="2008823897"/>
  <nd ref="2008823899"/>
  <nd ref="2008823833"/>
  <nd ref="2008823835"/>
  <nd ref="2008823897"/>
  <tag k="building" v="yes"/>
  <tag k="source" v="cadastre-dgi-fr source : Direction Générale des Impôts - Cadastre. Mise à jour : 2012"/>
 </way>
 <way id="190287582" visible="true" version="1" changeset="13835225" timestamp="2012-11-11T16:58:29Z" user="Pierre-Alain Dorange" uid="28269">
  <nd ref="2008823853"/>
  <nd ref="2008823862"/>
  <nd ref="2008823874"/>
  <nd ref="2008823865"/>
  <nd ref="2008823780"/>
  <nd ref="2008823764"/>
  <nd ref="2008823812"/>
  <nd ref="2008823808"/>
  <nd ref="2008823853"/>
  <tag k="building" v="yes"/>
  <tag k="source" v="cadastre-dgi-fr source : Direction Générale des Impôts - Cadastre. Mise à jour : 2012"/>
 </way>
 <way id="190287658" visible="true" version="1" changeset="13835225" timestamp="2012-11-11T16:58:35Z" user="Pierre-Alain Dorange" uid="28269">
  <nd ref="2008824483"/>
  <nd ref="2008824489"/>
  <nd ref="2008824492"/>
  <nd ref="2008824498"/>
  <nd ref="2008824480"/>
  <nd ref="2008824475"/>
  <nd ref="2008824473"/>
  <nd ref="2008824469"/>
  <nd ref="2008824483"/>
  <tag k="building" v="yes"/>
  <tag k="source" v="cadastre-dgi-fr source : Direction Générale des Impôts - Cadastre. Mise à jour : 2012"/>
 </way>
 <way id="190287716" visible="true" version="2" changeset="142148116" timestamp="2023-10-04T14:28:25Z" user="Frêne" uid="16004379">
  <nd ref="2008824013"/>
  <nd ref="2008823977"/>
  <nd ref="2008823986"/>
  <nd ref="2008824001"/>
  <nd ref="2008824004"/>
  <nd ref="2008824007"/>
  <nd ref="2008824029"/>
  <nd ref="2008824016"/>
  <nd ref="2008824013"/>
  <tag k="building" v="barn"/>
  <tag k="source" v="cadastre-dgi-fr source : Direction Générale des Impôts - Cadastre. Mise à jour : 2012"/>
 </way>
 <way id="190287745" visible="true" version="1" changeset="13835225" timestamp="2012-11-11T16:58:41Z" user="Pierre-Alain Dorange" uid="28269">
  <nd ref="2008823580"/>
  <nd ref="2008823476"/>
  <nd ref="2008823433"/>
  <nd ref="2008823431"/>
  <nd ref="2008823451"/>
  <nd ref="2008823448"/>
  <nd ref="2008823487"/>
  <nd ref="2008823490"/>
  <nd ref="2008823575"/>
  <nd ref="2008823580"/>
  <tag k="building" v="yes"/>
  <tag k="source" v="cadastre-dgi-fr source : Direction Générale des Impôts - Cadastre. Mise à jour : 2012"/>
 </way>
 <way id="190297028" visible="true" version="2" changeset="173348894" timestamp="2025-10-16T06:26:06Z" user="Falig44" uid="23098618">
  <nd ref="2009005607"/>
  <nd ref="2009005604"/>
  <nd ref="2009005581"/>
  <nd ref="2009005573"/>
  <nd ref="2009005576"/>
  <nd ref="2009005579"/>
  <nd ref="2009005592"/>
  <nd ref="2009005610"/>
  <nd ref="2009005607"/>
  <tag k="natural" v="water"/>
  <tag k="water" v="pond"/>
 </way>
 <way id="190297030" visible="true" version="3" changeset="173348894" timestamp="2025-10-16T06:26:06Z" user="Falig44" uid="23098618">
  <nd ref="2009005717"/>
  <nd ref="2009005640"/>
  <nd ref="2009005630"/>
  <nd ref="2009005628"/>
  <nd ref="2009005626"/>
  <nd ref="2009005622"/>
  <nd ref="2009005621"/>
  <nd ref="2009005619"/>
  <nd ref="2009005613"/>
  <nd ref="2009005589"/>
  <nd ref="2009005586"/>
  <nd ref="2009005583"/>
  <nd ref="2009005571"/>
  <nd ref="13236011026"/>
  <nd ref="2009005568"/>
  <tag k="highway" v="track"/>
  <tag k="surface" v="gravel"/>
  <tag k="tracktype" v="grade1"/>
 </way>
 <way id="190297034" visible="true" version="2" changeset="145185652" timestamp="2023-12-16T14:10:36Z" user="StephaneP" uid="439947">
  <nd ref="2009005671"/>
  <nd ref="2009005673"/>
  <nd ref="2009005665"/>
  <nd ref="2009005660"/>
  <nd ref="2009005663"/>
  <nd ref="2009005667"/>
  <nd ref="2009005682"/>
  <nd ref="2009005686"/>
  <nd ref="2009005690"/>
  <nd ref="11422776513"/>
  <nd ref="2009005692"/>
  <nd ref="2009005696"/>
  <nd ref="2009005698"/>
  <nd ref="2009005707"/>
  <nd ref="2009005711"/>
  <nd ref="2009005716"/>
  <nd ref="2009005725"/>
  <nd ref="2009005750"/>
  <nd ref="2009005857"/>
  <tag k="highway" v="track"/>
 </way>
 <way id="191401201" visible="true" version="6" changeset="136616227" timestamp="2023-05-27T09:03:48Z" user="Frêne" uid="16004379">
  <nd ref="2019847896"/>
  <nd ref="10931232556"/>
  <nd ref="2019847879"/>
  <nd ref="2019847910"/>
  <nd ref="2019847891"/>
  <nd ref="2019847914"/>
  <nd ref="2019847883"/>
  <nd ref="2019847946"/>
  <nd ref="2019847881"/>
  <nd ref="2019847902"/>
  <tag k="leaf_type" v="broadleaved"/>
  <tag k="natural" v="tree_row"/>
  <tag k="source" v="bing"/>
 </way>
 <way id="191401209" visible="true" version="3" changeset="14139005" timestamp="2012-12-03T14:07:04Z" user="PhQ" uid="141978">
  <nd ref="2019847882"/>
  <nd ref="2019847945"/>
  <nd ref="2019847876"/>
  <nd ref="2006050901"/>
  <nd ref="2019847884"/>
  <nd ref="2019847942"/>
  <nd ref="2019847917"/>
  <nd ref="2019847894"/>
  <tag k="barrier" v="hedge"/>
  <tag k="source" v="bing"/>
 </way>
 <way id="195525038" visible="true" version="2" changeset="124515785" timestamp="2022-08-05T10:15:37Z" user="Armand D" uid="14690951">
  <nd ref="2059528588"/>
  <nd ref="2059528503"/>
  <nd ref="2059528555"/>
  <tag k="leaf_type" v="broadleaved"/>
  <tag k="natural" v="tree_row"/>
  <tag k="source" v="bing"/>
 </way>
 <way id="195525045" visible="true" version="1" changeset="14222997" timestamp="2012-12-10T08:20:10Z" user="Rinaldum" uid="203790">
  <nd ref="2059528507"/>
  <nd ref="2059528542"/>
  <nd ref="2059528495"/>
  <nd ref="2059528503"/>
  <tag k="natural" v="tree_row"/>
  <tag k="source" v="bing"/>
 </way>
 <way id="195525046" visible="true" version="1" changeset="14222997" timestamp="2012-12-10T08:20:10Z" user="Rinaldum" uid="203790">
  <nd ref="2059528566"/>
  <nd ref="2059528532"/>
  <nd ref="2059528563"/>
  <nd ref="2059528565"/>
  <nd ref="2059528587"/>
  <nd ref="2059528531"/>
  <nd ref="2059528492"/>
  <nd ref="2059528534"/>
  <nd ref="2059528490"/>
  <nd ref="2059528566"/>
  <tag k="natural" v="water"/>
  <tag k="source" v="bing"/>
 </way>
 <way id="195525051" visible="true" version="2" changeset="136616227" timestamp="2023-05-27T09:03:48Z" user="Frêne" uid="16004379">
  <nd ref="2059528577"/>
  <nd ref="2059528581"/>
  <nd ref="2059528542"/>
  <tag k="natural" v="tree_row"/>
  <tag k="source" v="bing"/>
 </way>
 <way id="195525055" visible="true" version="1" changeset="14222997" timestamp="2012-12-10T08:20:11Z" user="Rinaldum" uid="203790">
  <nd ref="2059528597"/>
  <nd ref="2059528493"/>
  <nd ref="2059528572"/>
  <nd ref="2059528517"/>
  <nd ref="2059528522"/>
  <nd ref="2059528543"/>
  <nd ref="2059528591"/>
  <nd ref="2059528600"/>
  <nd ref="2059528592"/>
  <nd ref="2059528586"/>
  <nd ref="2059528502"/>
  <nd ref="2059528507"/>
  <nd ref="2059528575"/>
  <nd ref="2059528519"/>
  <nd ref="2059528608"/>
  <nd ref="2059528567"/>
  <nd ref="2059528553"/>
  <nd ref="2059528535"/>
  <nd ref="2059528617"/>
  <nd ref="2059528518"/>
  <tag k="natural" v="tree_row"/>
  <tag k="source" v="bing"/>
 </way>
 <way id="197024558" visible="true" version="2" changeset="42888216" timestamp="2016-10-14T07:06:11Z" user="Adrien G" uid="94804">
  <nd ref="2073118798"/>
  <nd ref="2073118952"/>
  <nd ref="2073118946"/>
  <nd ref="2073118930"/>
  <nd ref="4447119957"/>
  <nd ref="2073118955"/>
  <nd ref="2073118891"/>
  <nd ref="2073118784"/>
  <nd ref="2073118923"/>
  <nd ref="2073118915"/>
  <nd ref="2073118805"/>
  <nd ref="2073118940"/>
  <nd ref="2073118808"/>
  <nd ref="2073118776"/>
  <tag k="natural" v="tree_row"/>
  <tag k="source" v="bing"/>
 </way>
 <way id="197024562" visible="true" version="2" changeset="34344525" timestamp="2015-09-30T12:02:13Z" user="Syl" uid="224440">
  <nd ref="2073118812"/>
  <nd ref="2073118755"/>
  <nd ref="2073118914"/>
  <tag k="natural" v="tree_row"/>
 </way>
 <way id="197024566" visible="true" version="1" changeset="14320224" timestamp="2012-12-18T16:11:12Z" user="Rinaldum" uid="203790">
  <nd ref="2073118748"/>
  <nd ref="2073118795"/>
  <nd ref="2073118812"/>
  <tag k="natural" v="tree_row"/>
  <tag k="source" v="bing"/>
 </way>
 <way id="197024568" visible="true" version="1" changeset="14320224" timestamp="2012-12-18T16:11:12Z" user="Rinaldum" uid="203790">
  <nd ref="2073118761"/>
  <nd ref="2073118918"/>
  <tag k="natural" v="tree_row"/>
  <tag k="source" v="bing"/>
 </way>
 <way id="197024569" visible="true" version="1" changeset="14320224" timestamp="2012-12-18T16:11:12Z" user="Rinaldum" uid="203790">
  <nd ref="2073118757"/>
  <nd ref="2073118771"/>
  <nd ref="2073118923"/>
  <nd ref="2073118784"/>
  <nd ref="2073118748"/>
  <nd ref="2073118927"/>
  <nd ref="2073118894"/>
  <nd ref="2073118916"/>
  <nd ref="2073118757"/>
  <tag k="natural" v="wood"/>
  <tag k="source" v="bing"/>
 </way>
 <way id="197024571" visible="true" version="2" changeset="155280950" timestamp="2024-08-15T12:33:28Z" user="b4n" uid="8722976">
  <nd ref="2073118800"/>
  <nd ref="2073118855"/>
  <nd ref="2073118797"/>
  <nd ref="2073118932"/>
  <nd ref="2073118819"/>
  <nd ref="2073118861"/>
  <nd ref="2073118873"/>
  <nd ref="2073118851"/>
  <nd ref="2073118885"/>
  <nd ref="2073118800"/>
  <tag k="leaf_type" v="broadleaved"/>
  <tag k="natural" v="tree_row"/>
  <tag k="source" v="bing"/>
 </way>
 <way id="197024572" visible="true" version="1" changeset="14320224" timestamp="2012-12-18T16:11:13Z" user="Rinaldum" uid="203790">
  <nd ref="2073118889"/>
  <nd ref="2073118909"/>
  <nd ref="2059528553"/>
  <nd ref="2059528567"/>
  <nd ref="2059528608"/>
  <nd ref="2073118893"/>
  <nd ref="2073118921"/>
  <nd ref="2073118807"/>
  <nd ref="2073118788"/>
  <nd ref="2073118786"/>
  <nd ref="2073118914"/>
  <nd ref="2073118881"/>
  <nd ref="2073118889"/>
  <tag k="natural" v="wood"/>
  <tag k="source" v="bing"/>
 </way>
 <way id="197024575" visible="true" version="2" changeset="155280950" timestamp="2024-08-15T12:33:28Z" user="b4n" uid="8722976">
  <nd ref="2073118905"/>
  <nd ref="2073118892"/>
  <tag k="leaf_type" v="broadleaved"/>
  <tag k="natural" v="tree_row"/>
  <tag k="source" v="bing"/>
 </way>
 <way id="197024577" visible="true" version="2" changeset="173325693" timestamp="2025-10-15T15:12:44Z" user="Falig44" uid="23098618">
  <nd ref="2073118822"/>
  <nd ref="2073118790"/>
  <nd ref="2073118890"/>
  <nd ref="2059528519"/>
  <nd ref="2059528575"/>
  <nd ref="2073118869"/>
  <nd ref="2073118793"/>
  <nd ref="2073118877"/>
  <nd ref="2073118744"/>
  <nd ref="2073118756"/>
  <nd ref="2073118760"/>
  <nd ref="2073118758"/>
  <nd ref="2073118787"/>
  <nd ref="2073118789"/>
  <nd ref="2073118874"/>
  <nd ref="13234988601"/>
  <nd ref="2073118770"/>
  <nd ref="2073118953"/>
  <nd ref="2073118900"/>
  <nd ref="2073118743"/>
  <nd ref="2073118845"/>
  <nd ref="2073118887"/>
  <nd ref="2073118911"/>
  <nd ref="2073118901"/>
  <nd ref="2073118785"/>
  <nd ref="2073118897"/>
  <nd ref="2073118926"/>
  <nd ref="2073118833"/>
  <nd ref="2073118765"/>
  <nd ref="2073118780"/>
  <nd ref="2073118776"/>
  <nd ref="2073118942"/>
  <nd ref="2073118951"/>
  <nd ref="2073118768"/>
  <nd ref="2073118775"/>
  <nd ref="2073118920"/>
  <nd ref="2073118792"/>
  <nd ref="2073118762"/>
  <nd ref="2073118941"/>
  <nd ref="2073118827"/>
  <nd ref="2073118945"/>
  <nd ref="2073118822"/>
  <tag k="natural" v="wood"/>
  <tag k="source" v="bing"/>
 </way>
 <way id="197024578" visible="true" version="1" changeset="14320224" timestamp="2012-12-18T16:11:13Z" user="Rinaldum" uid="203790">
  <nd ref="2073118782"/>
  <nd ref="2073118948"/>
  <tag k="natural" v="tree_row"/>
  <tag k="source" v="bing"/>
 </way>
 <way id="199361282" visible="true" version="3" changeset="173627556" timestamp="2025-10-22T13:17:23Z" user="Falig44" uid="23098618">
  <nd ref="2093642193"/>
  <nd ref="13249906416"/>
  <nd ref="2093642194"/>
  <nd ref="2093642195"/>
  <nd ref="2093642196"/>
  <nd ref="2093642197"/>
  <nd ref="2093642198"/>
  <nd ref="2093642199"/>
  <nd ref="2093642201"/>
  <nd ref="2093642203"/>
  <nd ref="2093642204"/>
  <nd ref="2093642202"/>
  <nd ref="2093642200"/>
  <nd ref="2093642193"/>
  <tag k="landuse" v="farmland"/>
 </way>
 <way id="199361283" visible="true" version="1" changeset="14514775" timestamp="2013-01-03T16:39:41Z" user="ËdzëronK" uid="211154">
  <nd ref="2093642226"/>
  <nd ref="2093642219"/>
  <tag k="bridge" v="yes"/>
  <tag k="highway" v="footway"/>
  <tag k="layer" v="1"/>
 </way>
 <way id="221029556" visible="true" version="2" changeset="124515781" timestamp="2022-08-05T10:15:56Z" user="Armand D" uid="14690951">
  <nd ref="2300801416"/>
  <nd ref="2300801418"/>
  <tag k="highway" v="track"/>
  <tag k="surface" v="grass"/>
 </way>
 <way id="261159663" visible="true" version="1" changeset="20513501" timestamp="2014-02-12T00:01:11Z" user="Britz" uid="143703">
  <nd ref="2667860755"/>
  <nd ref="2667860729"/>
  <nd ref="2667860744"/>
  <nd ref="2667860749"/>
  <nd ref="2667860751"/>
  <nd ref="2667860770"/>
  <nd ref="2667860767"/>
  <nd ref="2667860798"/>
  <nd ref="2667860785"/>
  <nd ref="2667860769"/>
  <nd ref="2667860755"/>
  <tag k="building" v="yes"/>
  <tag k="source" v="cadastre-dgi-fr source : Direction Générale des Finances Publiques - Cadastre. Mise à jour : 2014"/>
 </way>
 <way id="261159808" visible="true" version="1" changeset="20513501" timestamp="2014-02-12T00:01:27Z" user="Britz" uid="143703">
  <nd ref="2667861116"/>
  <nd ref="2667861118"/>
  <nd ref="2667861122"/>
  <nd ref="2667861125"/>
  <nd ref="2667861130"/>
  <nd ref="2667861128"/>
  <nd ref="2667861136"/>
  <nd ref="2667861123"/>
  <nd ref="2667861119"/>
  <nd ref="2667861121"/>
  <nd ref="2667861116"/>
  <tag k="building" v="yes"/>
  <tag k="source" v="cadastre-dgi-fr source : Direction Générale des Finances Publiques - Cadastre. Mise à jour : 2014"/>
 </way>
 <way id="261159819" visible="true" version="1" changeset="20513501" timestamp="2014-02-12T00:01:28Z" user="Britz" uid="143703">
  <nd ref="2667860363"/>
  <nd ref="2667860293"/>
  <nd ref="2667860298"/>
  <nd ref="2667860313"/>
  <nd ref="2667860317"/>
  <nd ref="2667860326"/>
  <nd ref="2667860325"/>
  <nd ref="2667860380"/>
  <nd ref="2667860381"/>
  <nd ref="2667860365"/>
  <nd ref="2667860366"/>
  <nd ref="2667860363"/>
  <tag k="building" v="yes"/>
  <tag k="source" v="cadastre-dgi-fr source : Direction Générale des Finances Publiques - Cadastre. Mise à jour : 2014"/>
 </way>
 <way id="261159883" visible="true" version="1" changeset="20513501" timestamp="2014-02-12T00:01:34Z" user="Britz" uid="143703">
  <nd ref="2667859468"/>
  <nd ref="2667859459"/>
  <nd ref="2667859455"/>
  <nd ref="2667859452"/>
  <nd ref="2667859456"/>
  <nd ref="2667859447"/>
  <nd ref="2667859453"/>
  <nd ref="2667859462"/>
  <nd ref="2667859464"/>
  <nd ref="2667859466"/>
  <nd ref="2667859465"/>
  <nd ref="2667859463"/>
  <nd ref="2667859468"/>
  <tag k="building" v="yes"/>
  <tag k="source" v="cadastre-dgi-fr source : Direction Générale des Finances Publiques - Cadastre. Mise à jour : 2014"/>
 </way>
 <way id="261160392" visible="true" version="1" changeset="20513501" timestamp="2014-02-12T00:02:23Z" user="Britz" uid="143703">
  <nd ref="2667860422"/>
  <nd ref="2667860434"/>
  <nd ref="2667860438"/>
  <nd ref="2667860429"/>
  <nd ref="2667860422"/>
  <tag k="building" v="yes"/>
  <tag k="source" v="cadastre-dgi-fr source : Direction Générale des Finances Publiques - Cadastre. Mise à jour : 2014"/>
 </way>
 <way id="261160411" visible="true" version="1" changeset="20513501" timestamp="2014-02-12T00:02:25Z" user="Britz" uid="143703">
  <nd ref="2667860703"/>
  <nd ref="2667860712"/>
  <nd ref="2667860709"/>
  <nd ref="2667860698"/>
  <nd ref="2667860703"/>
  <tag k="building" v="yes"/>
  <tag k="source" v="cadastre-dgi-fr source : Direction Générale des Finances Publiques - Cadastre. Mise à jour : 2014"/>
 </way>
 <way id="261160601" visible="true" version="1" changeset="20513501" timestamp="2014-02-12T00:02:40Z" user="Britz" uid="143703">
  <nd ref="2667861081"/>
  <nd ref="2667861060"/>
  <nd ref="2667861076"/>
  <nd ref="2667861094"/>
  <nd ref="2667861081"/>
  <tag k="building" v="yes"/>
  <tag k="source" v="cadastre-dgi-fr source : Direction Générale des Finances Publiques - Cadastre. Mise à jour : 2014"/>
 </way>
 <way id="261160652" visible="true" version="2" changeset="58159098" timestamp="2018-04-17T07:24:40Z" user="Syl" uid="224440">
  <nd ref="2667859473"/>
  <nd ref="2667859472"/>
  <nd ref="2667859481"/>
  <nd ref="2667859483"/>
  <nd ref="2667859473"/>
  <tag k="building" v="yes"/>
  <tag k="source" v="cadastre-dgi-fr source : Direction Générale des Finances Publiques - Cadastre. Mise à jour : 2014"/>
 </way>
 <way id="261160705" visible="true" version="1" changeset="20513501" timestamp="2014-02-12T00:02:48Z" user="Britz" uid="143703">
  <nd ref="2667860584"/>
  <nd ref="2667860630"/>
  <nd ref="2667860605"/>
  <nd ref="2667860574"/>
  <nd ref="2667860584"/>
  <tag k="building" v="yes"/>
  <tag k="source" v="cadastre-dgi-fr source : Direction Générale des Finances Publiques - Cadastre. Mise à jour : 2014"/>
 </way>
 <way id="261160735" visible="true" version="1" changeset="20513501" timestamp="2014-02-12T00:02:50Z" user="Britz" uid="143703">
  <nd ref="2667860638"/>
  <nd ref="2667860629"/>
  <nd ref="2667860643"/>
  <nd ref="2667860651"/>
  <nd ref="2667860638"/>
  <tag k="building" v="yes"/>
  <tag k="source" v="cadastre-dgi-fr source : Direction Générale des Finances Publiques - Cadastre. Mise à jour : 2014"/>
  <tag k="wall" v="no"/>
 </way>
 <way id="261160747" visible="true" version="1" changeset="20513501" timestamp="2014-02-12T00:02:51Z" user="Britz" uid="143703">
  <nd ref="2667860566"/>
  <nd ref="2667860494"/>
  <nd ref="2667860498"/>
  <nd ref="2667860568"/>
  <nd ref="2667860566"/>
  <tag k="building" v="yes"/>
  <tag k="source" v="cadastre-dgi-fr source : Direction Générale des Finances Publiques - Cadastre. Mise à jour : 2014"/>
  <tag k="wall" v="no"/>
 </way>
 <way id="261160994" visible="true" version="1" changeset="20513501" timestamp="2014-02-12T00:03:17Z" user="Britz" uid="143703">
  <nd ref="2667860595"/>
  <nd ref="2667860653"/>
  <nd ref="2667860630"/>
  <nd ref="2667860584"/>
  <nd ref="2667860595"/>
  <tag k="building" v="yes"/>
  <tag k="source" v="cadastre-dgi-fr source : Direction Générale des Finances Publiques - Cadastre. Mise à jour : 2014"/>
 </way>
 <way id="261161008" visible="true" version="1" changeset="20513501" timestamp="2014-02-12T00:03:18Z" user="Britz" uid="143703">
  <nd ref="2667860716"/>
  <nd ref="2667860701"/>
  <nd ref="2667860619"/>
  <nd ref="2667860637"/>
  <nd ref="2667860716"/>
  <tag k="building" v="yes"/>
  <tag k="source" v="cadastre-dgi-fr source : Direction Générale des Finances Publiques - Cadastre. Mise à jour : 2014"/>
  <tag k="wall" v="no"/>
 </way>
 <way id="261161041" visible="true" version="1" changeset="20513501" timestamp="2014-02-12T00:03:20Z" user="Britz" uid="143703">
  <nd ref="2667860557"/>
  <nd ref="2667860559"/>
  <nd ref="2667860582"/>
  <nd ref="2667860579"/>
  <nd ref="2667860557"/>
  <tag k="building" v="yes"/>
  <tag k="source" v="cadastre-dgi-fr source : Direction Générale des Finances Publiques - Cadastre. Mise à jour : 2014"/>
  <tag k="wall" v="no"/>
 </way>
 <way id="261161181" visible="true" version="1" changeset="20513501" timestamp="2014-02-12T00:03:28Z" user="Britz" uid="143703">
  <nd ref="2667860547"/>
  <nd ref="2667860556"/>
  <nd ref="2667860531"/>
  <nd ref="2667860519"/>
  <nd ref="2667860547"/>
  <tag k="building" v="yes"/>
  <tag k="source" v="cadastre-dgi-fr source : Direction Générale des Finances Publiques - Cadastre. Mise à jour : 2014"/>
  <tag k="wall" v="no"/>
 </way>
 <way id="261161200" visible="true" version="1" changeset="20513501" timestamp="2014-02-12T00:03:30Z" user="Britz" uid="143703">
  <nd ref="2667860527"/>
  <nd ref="2667860535"/>
  <nd ref="2667860548"/>
  <nd ref="2667860545"/>
  <nd ref="2667860527"/>
  <tag k="building" v="yes"/>
  <tag k="source" v="cadastre-dgi-fr source : Direction Générale des Finances Publiques - Cadastre. Mise à jour : 2014"/>
  <tag k="wall" v="no"/>
 </way>
 <way id="261161317" visible="true" version="1" changeset="20513501" timestamp="2014-02-12T00:03:40Z" user="Britz" uid="143703">
  <nd ref="2667860673"/>
  <nd ref="2667860667"/>
  <nd ref="2667860644"/>
  <nd ref="2667860650"/>
  <nd ref="2667860673"/>
  <tag k="building" v="yes"/>
  <tag k="source" v="cadastre-dgi-fr source : Direction Générale des Finances Publiques - Cadastre. Mise à jour : 2014"/>
  <tag k="wall" v="no"/>
 </way>
 <way id="261161336" visible="true" version="1" changeset="20513501" timestamp="2014-02-12T00:03:42Z" user="Britz" uid="143703">
  <nd ref="2667860811"/>
  <nd ref="2667860797"/>
  <nd ref="2667860776"/>
  <nd ref="2667860788"/>
  <nd ref="2667860811"/>
  <tag k="building" v="yes"/>
  <tag k="source" v="cadastre-dgi-fr source : Direction Générale des Finances Publiques - Cadastre. Mise à jour : 2014"/>
 </way>
 <way id="261161505" visible="true" version="1" changeset="20513501" timestamp="2014-02-12T00:04:02Z" user="Britz" uid="143703">
  <nd ref="2667860547"/>
  <nd ref="2667860519"/>
  <nd ref="2667860456"/>
  <nd ref="2667860492"/>
  <nd ref="2667860547"/>
  <tag k="building" v="yes"/>
  <tag k="source" v="cadastre-dgi-fr source : Direction Générale des Finances Publiques - Cadastre. Mise à jour : 2014"/>
  <tag k="wall" v="no"/>
 </way>
 <way id="261161665" visible="true" version="1" changeset="20513501" timestamp="2014-02-12T00:04:16Z" user="Britz" uid="143703">
  <nd ref="2667860791"/>
  <nd ref="2667860778"/>
  <nd ref="2667860759"/>
  <nd ref="2667860775"/>
  <nd ref="2667860791"/>
  <tag k="building" v="yes"/>
  <tag k="source" v="cadastre-dgi-fr source : Direction Générale des Finances Publiques - Cadastre. Mise à jour : 2014"/>
 </way>
 <way id="261161713" visible="true" version="1" changeset="20513501" timestamp="2014-02-12T00:04:20Z" user="Britz" uid="143703">
  <nd ref="2667860515"/>
  <nd ref="2667860477"/>
  <nd ref="2667860557"/>
  <nd ref="2667860579"/>
  <nd ref="2667860515"/>
  <tag k="building" v="yes"/>
  <tag k="source" v="cadastre-dgi-fr source : Direction Générale des Finances Publiques - Cadastre. Mise à jour : 2014"/>
 </way>
 <way id="261161832" visible="true" version="1" changeset="20513501" timestamp="2014-02-12T00:04:28Z" user="Britz" uid="143703">
  <nd ref="2667860777"/>
  <nd ref="2667860756"/>
  <nd ref="2667860757"/>
  <nd ref="2667860781"/>
  <nd ref="2667860777"/>
  <tag k="building" v="yes"/>
  <tag k="source" v="cadastre-dgi-fr source : Direction Générale des Finances Publiques - Cadastre. Mise à jour : 2014"/>
 </way>
 <way id="261161869" visible="true" version="1" changeset="20513501" timestamp="2014-02-12T00:04:31Z" user="Britz" uid="143703">
  <nd ref="2667860384"/>
  <nd ref="2667860366"/>
  <nd ref="2667860365"/>
  <nd ref="2667860381"/>
  <nd ref="2667860384"/>
  <tag k="building" v="yes"/>
  <tag k="source" v="cadastre-dgi-fr source : Direction Générale des Finances Publiques - Cadastre. Mise à jour : 2014"/>
  <tag k="wall" v="no"/>
 </way>
 <way id="261161983" visible="true" version="1" changeset="20513501" timestamp="2014-02-12T00:04:37Z" user="Britz" uid="143703">
  <nd ref="2667860567"/>
  <nd ref="2667860553"/>
  <nd ref="2667860534"/>
  <nd ref="2667860549"/>
  <nd ref="2667860567"/>
  <tag k="building" v="yes"/>
  <tag k="source" v="cadastre-dgi-fr source : Direction Générale des Finances Publiques - Cadastre. Mise à jour : 2014"/>
 </way>
 <way id="261162044" visible="true" version="1" changeset="20513501" timestamp="2014-02-12T00:04:41Z" user="Britz" uid="143703">
  <nd ref="2667860443"/>
  <nd ref="2667860454"/>
  <nd ref="2667860469"/>
  <nd ref="2667860464"/>
  <nd ref="2667860443"/>
  <tag k="building" v="yes"/>
  <tag k="source" v="cadastre-dgi-fr source : Direction Générale des Finances Publiques - Cadastre. Mise à jour : 2014"/>
 </way>
 <way id="261162219" visible="true" version="1" changeset="20513501" timestamp="2014-02-12T00:04:57Z" user="Britz" uid="143703">
  <nd ref="2667861116"/>
  <nd ref="2667861121"/>
  <nd ref="2667861119"/>
  <nd ref="2667861117"/>
  <nd ref="2667861108"/>
  <nd ref="2667861116"/>
  <tag k="building" v="yes"/>
  <tag k="source" v="cadastre-dgi-fr source : Direction Générale des Finances Publiques - Cadastre. Mise à jour : 2014"/>
 </way>
 <way id="261162314" visible="true" version="1" changeset="20513501" timestamp="2014-02-12T00:05:08Z" user="Britz" uid="143703">
  <nd ref="2667860566"/>
  <nd ref="2667860561"/>
  <nd ref="2667860441"/>
  <nd ref="2667860457"/>
  <nd ref="2667860494"/>
  <nd ref="2667860566"/>
  <tag k="building" v="yes"/>
  <tag k="source" v="cadastre-dgi-fr source : Direction Générale des Finances Publiques - Cadastre. Mise à jour : 2014"/>
 </way>
 <way id="261162444" visible="true" version="1" changeset="20513501" timestamp="2014-02-12T00:05:19Z" user="Britz" uid="143703">
  <nd ref="2667860620"/>
  <nd ref="2667860638"/>
  <nd ref="2667860651"/>
  <nd ref="2667860718"/>
  <nd ref="2667860686"/>
  <nd ref="2667860620"/>
  <tag k="building" v="yes"/>
  <tag k="source" v="cadastre-dgi-fr source : Direction Générale des Finances Publiques - Cadastre. Mise à jour : 2014"/>
  <tag k="wall" v="no"/>
 </way>
 <way id="261162568" visible="true" version="1" changeset="20513501" timestamp="2014-02-12T00:05:30Z" user="Britz" uid="143703">
  <nd ref="2667860830"/>
  <nd ref="2667860806"/>
  <nd ref="2667860812"/>
  <nd ref="2667860832"/>
  <nd ref="2667860837"/>
  <nd ref="2667860830"/>
  <tag k="building" v="yes"/>
  <tag k="source" v="cadastre-dgi-fr source : Direction Générale des Finances Publiques - Cadastre. Mise à jour : 2014"/>
 </way>
 <way id="261162635" visible="true" version="1" changeset="20513501" timestamp="2014-02-12T00:05:35Z" user="Britz" uid="143703">
  <nd ref="2667860832"/>
  <nd ref="2667860812"/>
  <nd ref="2667860823"/>
  <nd ref="2667860845"/>
  <nd ref="2667860834"/>
  <nd ref="2667860840"/>
  <nd ref="2667860832"/>
  <tag k="building" v="yes"/>
  <tag k="source" v="cadastre-dgi-fr source : Direction Générale des Finances Publiques - Cadastre. Mise à jour : 2014"/>
 </way>
 <way id="261162958" visible="true" version="1" changeset="20513501" timestamp="2014-02-12T00:06:04Z" user="Britz" uid="143703">
  <nd ref="2667860462"/>
  <nd ref="2667860473"/>
  <nd ref="2667860497"/>
  <nd ref="2667860502"/>
  <nd ref="2667860537"/>
  <nd ref="2667860525"/>
  <nd ref="2667860462"/>
  <tag k="building" v="yes"/>
  <tag k="source" v="cadastre-dgi-fr source : Direction Générale des Finances Publiques - Cadastre. Mise à jour : 2014"/>
 </way>
 <way id="261163032" visible="true" version="1" changeset="20513501" timestamp="2014-02-12T00:06:10Z" user="Britz" uid="143703">
  <nd ref="2667860822"/>
  <nd ref="2667860818"/>
  <nd ref="2667860813"/>
  <nd ref="2667860784"/>
  <nd ref="2667860794"/>
  <nd ref="2667860826"/>
  <nd ref="2667860822"/>
  <tag k="building" v="yes"/>
  <tag k="source" v="cadastre-dgi-fr source : Direction Générale des Finances Publiques - Cadastre. Mise à jour : 2014"/>
 </way>
 <way id="261163156" visible="true" version="1" changeset="20513501" timestamp="2014-02-12T00:06:26Z" user="Britz" uid="143703">
  <nd ref="2667860656"/>
  <nd ref="2667860680"/>
  <nd ref="2667860660"/>
  <nd ref="2667860670"/>
  <nd ref="2667860653"/>
  <nd ref="2667860595"/>
  <nd ref="2667860656"/>
  <tag k="building" v="yes"/>
  <tag k="source" v="cadastre-dgi-fr source : Direction Générale des Finances Publiques - Cadastre. Mise à jour : 2014"/>
 </way>
 <way id="261163246" visible="true" version="2" changeset="20556132" timestamp="2014-02-14T10:23:42Z" user="Britz" uid="143703">
  <nd ref="2667860762"/>
  <nd ref="2667860717"/>
  <nd ref="2667860720"/>
  <nd ref="2667860754"/>
  <nd ref="2667860752"/>
  <nd ref="2667860771"/>
  <nd ref="2667860762"/>
  <tag k="building" v="yes"/>
  <tag k="source" v="cadastre-dgi-fr source : Direction Générale des Finances Publiques - Cadastre. Mise à jour : 2014"/>
 </way>
 <way id="261163656" visible="true" version="1" changeset="20513501" timestamp="2014-02-12T00:07:10Z" user="Britz" uid="143703">
  <nd ref="2667859409"/>
  <nd ref="2667859406"/>
  <nd ref="2667859407"/>
  <nd ref="2667859405"/>
  <nd ref="2667859404"/>
  <nd ref="2667859403"/>
  <nd ref="2667859402"/>
  <nd ref="2667859408"/>
  <nd ref="2667859409"/>
  <tag k="building" v="yes"/>
  <tag k="source" v="cadastre-dgi-fr source : Direction Générale des Finances Publiques - Cadastre. Mise à jour : 2014"/>
 </way>
 <way id="261163718" visible="true" version="1" changeset="20513501" timestamp="2014-02-12T00:07:15Z" user="Britz" uid="143703">
  <nd ref="2667859442"/>
  <nd ref="2667859438"/>
  <nd ref="2667859448"/>
  <nd ref="2667859444"/>
  <nd ref="2667859450"/>
  <nd ref="2667859454"/>
  <nd ref="2667859469"/>
  <nd ref="2667859471"/>
  <nd ref="2667859442"/>
  <tag k="building" v="yes"/>
  <tag k="source" v="cadastre-dgi-fr source : Direction Générale des Finances Publiques - Cadastre. Mise à jour : 2014"/>
 </way>
 <way id="261163787" visible="true" version="1" changeset="20513501" timestamp="2014-02-12T00:07:23Z" user="Britz" uid="143703">
  <nd ref="2667860716"/>
  <nd ref="2667860742"/>
  <nd ref="2667860758"/>
  <nd ref="2667860753"/>
  <nd ref="2667860740"/>
  <nd ref="2667860735"/>
  <nd ref="2667860699"/>
  <nd ref="2667860701"/>
  <nd ref="2667860716"/>
  <tag k="building" v="yes"/>
  <tag k="source" v="cadastre-dgi-fr source : Direction Générale des Finances Publiques - Cadastre. Mise à jour : 2014"/>
 </way>
 <way id="261163852" visible="true" version="1" changeset="20513501" timestamp="2014-02-12T00:07:29Z" user="Britz" uid="143703">
  <nd ref="2667860545"/>
  <nd ref="2667860538"/>
  <nd ref="2667860555"/>
  <nd ref="2667860550"/>
  <nd ref="2667860536"/>
  <nd ref="2667860522"/>
  <nd ref="2667860470"/>
  <nd ref="2667860509"/>
  <nd ref="2667860527"/>
  <nd ref="2667860545"/>
  <tag k="building" v="yes"/>
  <tag k="source" v="cadastre-dgi-fr source : Direction Générale des Finances Publiques - Cadastre. Mise à jour : 2014"/>
 </way>
 <way id="261163860" visible="true" version="1" changeset="20513501" timestamp="2014-02-12T00:07:29Z" user="Britz" uid="143703">
  <nd ref="2667860826"/>
  <nd ref="2667860794"/>
  <nd ref="2667860806"/>
  <nd ref="2667860830"/>
  <nd ref="2667860842"/>
  <nd ref="2667860838"/>
  <nd ref="2667860846"/>
  <nd ref="2667860836"/>
  <nd ref="2667860822"/>
  <nd ref="2667860826"/>
  <tag k="building" v="yes"/>
  <tag k="source" v="cadastre-dgi-fr source : Direction Générale des Finances Publiques - Cadastre. Mise à jour : 2014"/>
 </way>
 <way id="261511956" visible="true" version="1" changeset="20556132" timestamp="2014-02-14T10:23:42Z" user="Britz" uid="143703">
  <nd ref="331214706"/>
  <nd ref="2671189232"/>
  <nd ref="2671189233"/>
  <nd ref="2671189234"/>
  <nd ref="2671189235"/>
  <nd ref="2671189237"/>
  <nd ref="2671189238"/>
  <tag k="highway" v="service"/>
 </way>
 <way id="372174111" visible="true" version="43" changeset="173667138" timestamp="2025-10-23T10:42:39Z" user="Falig44" uid="23098618">
  <nd ref="3757078296"/>
  <nd ref="3757078286"/>
  <nd ref="3757078285"/>
  <nd ref="3757078272"/>
  <nd ref="3757078267"/>
  <nd ref="3757078261"/>
  <nd ref="3757078273"/>
  <nd ref="3757078269"/>
  <nd ref="3757078262"/>
  <nd ref="3757078276"/>
  <nd ref="3757078278"/>
  <nd ref="3757078274"/>
  <nd ref="3757078271"/>
  <nd ref="3757078259"/>
  <nd ref="11182718393"/>
  <nd ref="11182718395"/>
  <nd ref="3757078253"/>
  <nd ref="3757078249"/>
  <nd ref="3757078250"/>
  <nd ref="12471156588"/>
  <nd ref="3757078258"/>
  <nd ref="3757078260"/>
  <nd ref="3757078257"/>
  <nd ref="3757078254"/>
  <nd ref="3757078244"/>
  <nd ref="3757078245"/>
  <nd ref="3757078248"/>
  <nd ref="3757078247"/>
  <nd ref="3757078241"/>
  <nd ref="3757078230"/>
  <nd ref="3757078229"/>
  <nd ref="3757068517"/>
  <nd ref="3757068519"/>
  <nd ref="3757078232"/>
  <nd ref="3757078233"/>
  <nd ref="3757068521"/>
  <nd ref="3757068515"/>
  <nd ref="3757068513"/>
  <nd ref="3757068514"/>
  <nd ref="3757068522"/>
  <nd ref="3757078226"/>
  <nd ref="3757078227"/>
  <nd ref="3757078234"/>
  <nd ref="3757078225"/>
  <nd ref="3757068512"/>
  <nd ref="3757068510"/>
  <nd ref="3757068508"/>
  <nd ref="3757068505"/>
  <nd ref="3757068503"/>
  <nd ref="3757068504"/>
  <nd ref="3757068507"/>
  <nd ref="3757068506"/>
  <nd ref="3757068509"/>
  <nd ref="3757068511"/>
  <nd ref="3757068524"/>
  <nd ref="3757078235"/>
  <nd ref="3757078236"/>
  <nd ref="3757078237"/>
  <nd ref="3757078239"/>
  <nd ref="3757078242"/>
  <nd ref="3757078231"/>
  <nd ref="3757068516"/>
  <nd ref="3757068523"/>
  <nd ref="3757068520"/>
  <nd ref="3757068518"/>
  <nd ref="3757078228"/>
  <nd ref="3757078238"/>
  <nd ref="3757078246"/>
  <nd ref="3757078255"/>
  <nd ref="3757078277"/>
  <nd ref="3757078279"/>
  <nd ref="3757078281"/>
  <nd ref="3757078283"/>
  <nd ref="3757078298"/>
  <nd ref="3757078327"/>
  <nd ref="3757078329"/>
  <nd ref="3757078330"/>
  <nd ref="3757078331"/>
  <nd ref="3757078332"/>
  <nd ref="3757078334"/>
  <nd ref="3757078333"/>
  <nd ref="3757078337"/>
  <nd ref="3757078338"/>
  <nd ref="3757078343"/>
  <nd ref="3757078349"/>
  <nd ref="3757078351"/>
  <nd ref="3757078352"/>
  <nd ref="3757078347"/>
  <nd ref="3757078339"/>
  <nd ref="3757078344"/>
  <nd ref="3757078354"/>
  <nd ref="3757078358"/>
  <nd ref="3757078362"/>
  <nd ref="3757078363"/>
  <nd ref="3757078368"/>
  <nd ref="3757078370"/>
  <nd ref="3757078364"/>
  <nd ref="3757078361"/>
  <nd ref="3757078365"/>
  <nd ref="3757078371"/>
  <nd ref="3757078372"/>
  <nd ref="3757078374"/>
  <nd ref="3757078375"/>
  <nd ref="3757078381"/>
  <nd ref="3757078382"/>
  <nd ref="3757078377"/>
  <nd ref="3757078379"/>
  <nd ref="3757078383"/>
  <nd ref="3757078385"/>
  <nd ref="3757078378"/>
  <nd ref="3757078384"/>
  <nd ref="3757078389"/>
  <nd ref="3757078390"/>
  <nd ref="3757078393"/>
  <nd ref="3757078392"/>
  <nd ref="3757078391"/>
  <nd ref="3757078388"/>
  <nd ref="3757078387"/>
  <nd ref="3757078394"/>
  <nd ref="3757078396"/>
  <nd ref="3757078399"/>
  <nd ref="3757078401"/>
  <nd ref="3757078415"/>
  <nd ref="3757078419"/>
  <nd ref="3757078418"/>
  <nd ref="4538151245"/>
  <nd ref="3757078416"/>
  <nd ref="3757078412"/>
  <nd ref="13236025377"/>
  <nd ref="13235018350"/>
  <nd ref="3757078402"/>
  <nd ref="3757078413"/>
  <nd ref="3757078410"/>
  <nd ref="3757078407"/>
  <nd ref="9752370733"/>
  <nd ref="13235018321"/>
  <nd ref="3757078404"/>
  <nd ref="3757078403"/>
  <nd ref="13235018319"/>
  <nd ref="3757078421"/>
  <nd ref="3757078439"/>
  <nd ref="3757078430"/>
  <nd ref="3757078433"/>
  <nd ref="3757078424"/>
  <nd ref="3757078423"/>
  <nd ref="3757078426"/>
  <nd ref="3757078427"/>
  <nd ref="3757078436"/>
  <nd ref="3757078437"/>
  <nd ref="3757078440"/>
  <nd ref="3757078442"/>
  <nd ref="3757078443"/>
  <nd ref="3757078444"/>
  <nd ref="3757078447"/>
  <nd ref="3757078448"/>
  <nd ref="3757078452"/>
  <nd ref="3757078457"/>
  <nd ref="3757078451"/>
  <nd ref="3757078445"/>
  <nd ref="3757078449"/>
  <nd ref="3757078455"/>
  <nd ref="13249939349"/>
  <nd ref="3757078459"/>
  <nd ref="3757078458"/>
  <nd ref="3757078461"/>
  <nd ref="3757078462"/>
  <nd ref="13250003190"/>
  <nd ref="3757078463"/>
  <nd ref="3757078479"/>
  <nd ref="3757078476"/>
  <nd ref="3757078481"/>
  <nd ref="3757078484"/>
  <nd ref="3757078482"/>
  <nd ref="3757078485"/>
  <nd ref="3757078487"/>
  <nd ref="13250020029"/>
  <nd ref="13250020031"/>
  <nd ref="3757078492"/>
  <nd ref="3757078491"/>
  <nd ref="3757078466"/>
  <nd ref="13116469090"/>
  <nd ref="13116469080"/>
  <nd ref="13116469077"/>
  <nd ref="3757078471"/>
  <nd ref="3757078486"/>
  <nd ref="13251468098"/>
  <nd ref="3757078495"/>
  <nd ref="3757078526"/>
  <nd ref="3757078539"/>
  <nd ref="3757078524"/>
  <nd ref="3757078504"/>
  <nd ref="3757078516"/>
  <nd ref="3757078517"/>
  <nd ref="3757078512"/>
  <nd ref="3757078502"/>
  <nd ref="3757078501"/>
  <nd ref="3757078508"/>
  <nd ref="13251784772"/>
  <nd ref="3757078505"/>
  <nd ref="3757078519"/>
  <nd ref="3757078530"/>
  <nd ref="3757078535"/>
  <nd ref="3757078541"/>
  <nd ref="3757078544"/>
  <nd ref="3757078545"/>
  <nd ref="3757078547"/>
  <nd ref="3757078546"/>
  <nd ref="3757078543"/>
  <nd ref="3757078540"/>
  <nd ref="3757078537"/>
  <nd ref="3757078525"/>
  <nd ref="3757078523"/>
  <nd ref="3757078534"/>
  <nd ref="13184034773"/>
  <nd ref="3757078527"/>
  <nd ref="3757078533"/>
  <nd ref="3757078532"/>
  <nd ref="3757078549"/>
  <nd ref="13183949098"/>
  <nd ref="3757078551"/>
  <nd ref="13183966713"/>
  <nd ref="3757078550"/>
  <nd ref="3757078558"/>
  <nd ref="3757078566"/>
  <nd ref="3757078563"/>
  <nd ref="3757078562"/>
  <nd ref="3757078556"/>
  <nd ref="13100859607"/>
  <nd ref="3757078554"/>
  <nd ref="3757078555"/>
  <nd ref="13100859644"/>
  <nd ref="3757078557"/>
  <nd ref="13100859645"/>
  <nd ref="3757078559"/>
  <nd ref="3757078560"/>
  <nd ref="13100859646"/>
  <nd ref="3757078564"/>
  <nd ref="3757078565"/>
  <nd ref="3757078569"/>
  <nd ref="3757078572"/>
  <nd ref="3757078576"/>
  <nd ref="3757078583"/>
  <nd ref="3757078597"/>
  <nd ref="3757078598"/>
  <nd ref="3757078594"/>
  <nd ref="3757078596"/>
  <nd ref="3757078591"/>
  <nd ref="3757078593"/>
  <nd ref="3757078588"/>
  <nd ref="3757078589"/>
  <nd ref="3757078587"/>
  <nd ref="3757078580"/>
  <nd ref="3757078579"/>
  <nd ref="3757078578"/>
  <nd ref="3757078574"/>
  <nd ref="3757078573"/>
  <nd ref="3757078577"/>
  <nd ref="13184063835"/>
  <nd ref="3757078581"/>
  <nd ref="3757078582"/>
  <nd ref="13098289975"/>
  <nd ref="3757078584"/>
  <nd ref="3757078590"/>
  <nd ref="13098289997"/>
  <nd ref="3757078592"/>
  <nd ref="13098325923"/>
  <nd ref="3757078599"/>
  <nd ref="3757078604"/>
  <nd ref="13098325922"/>
  <nd ref="3757078607"/>
  <nd ref="3757078608"/>
  <nd ref="13098325901"/>
  <nd ref="3757078609"/>
  <nd ref="3757078613"/>
  <nd ref="4043830858"/>
  <nd ref="3757078610"/>
  <nd ref="3757078618"/>
  <nd ref="3757078619"/>
  <nd ref="3757078620"/>
  <nd ref="3757078621"/>
  <nd ref="3757078616"/>
  <nd ref="3757078606"/>
  <nd ref="3757078601"/>
  <nd ref="13087068879"/>
  <nd ref="13087068878"/>
  <nd ref="3757078614"/>
  <nd ref="3757078611"/>
  <nd ref="3757078605"/>
  <nd ref="3757078603"/>
  <nd ref="3757078602"/>
  <nd ref="3757078595"/>
  <nd ref="3757078585"/>
  <nd ref="13086976493"/>
  <nd ref="3757078612"/>
  <nd ref="3757078617"/>
  <nd ref="3757078726"/>
  <nd ref="4043830871"/>
  <nd ref="3757078624"/>
  <nd ref="3757078728"/>
  <nd ref="3757078731"/>
  <nd ref="3757078736"/>
  <nd ref="13086991414"/>
  <nd ref="3757078737"/>
  <nd ref="3757078733"/>
  <nd ref="3757078734"/>
  <nd ref="3757078735"/>
  <nd ref="3757078727"/>
  <nd ref="3757078725"/>
  <nd ref="13086965868"/>
  <nd ref="3757078732"/>
  <nd ref="13086965873"/>
  <nd ref="3757078729"/>
  <nd ref="3757078730"/>
  <nd ref="3757078623"/>
  <nd ref="3757078622"/>
  <nd ref="3790398460"/>
  <nd ref="3757078615"/>
  <nd ref="3757078600"/>
  <nd ref="3757078586"/>
  <nd ref="3757078575"/>
  <nd ref="3757078570"/>
  <nd ref="3757078571"/>
  <nd ref="3757078568"/>
  <nd ref="3757078567"/>
  <nd ref="3757078561"/>
  <nd ref="3757078552"/>
  <nd ref="3757078553"/>
  <nd ref="3757078548"/>
  <nd ref="3757078542"/>
  <nd ref="3757078528"/>
  <nd ref="3757078506"/>
  <nd ref="3757078498"/>
  <nd ref="3757078518"/>
  <nd ref="3757078520"/>
  <nd ref="2242232773"/>
  <nd ref="3757078510"/>
  <nd ref="3757078515"/>
  <nd ref="3757078503"/>
  <nd ref="3757078500"/>
  <nd ref="3757078513"/>
  <nd ref="3757078507"/>
  <nd ref="3757078499"/>
  <nd ref="3757078511"/>
  <nd ref="3757078521"/>
  <nd ref="3757078522"/>
  <nd ref="3757078536"/>
  <nd ref="3757078538"/>
  <nd ref="3757078529"/>
  <nd ref="3757078531"/>
  <nd ref="3757078509"/>
  <nd ref="3757078514"/>
  <nd ref="3757078497"/>
  <nd ref="3757078496"/>
  <nd ref="3757078494"/>
  <nd ref="3757078493"/>
  <nd ref="3757078490"/>
  <nd ref="3757078489"/>
  <nd ref="3757078488"/>
  <nd ref="3757078483"/>
  <nd ref="3757078478"/>
  <nd ref="3757078480"/>
  <nd ref="3757078477"/>
  <nd ref="3757078473"/>
  <nd ref="3757078474"/>
  <nd ref="3757078475"/>
  <nd ref="3757078472"/>
  <nd ref="3757078469"/>
  <nd ref="3757078470"/>
  <nd ref="3757078467"/>
  <nd ref="3757078468"/>
  <nd ref="3757078465"/>
  <nd ref="3757078464"/>
  <nd ref="3757078460"/>
  <nd ref="3757078456"/>
  <nd ref="3757078454"/>
  <nd ref="3757078453"/>
  <nd ref="3757078450"/>
  <nd ref="3757078446"/>
  <nd ref="3757078441"/>
  <nd ref="3757078438"/>
  <nd ref="3757078435"/>
  <nd ref="3757078432"/>
  <nd ref="3757078434"/>
  <nd ref="3757078431"/>
  <nd ref="3757078429"/>
  <nd ref="3757078428"/>
  <nd ref="3757078425"/>
  <nd ref="4511787531"/>
  <nd ref="4511787532"/>
  <nd ref="3757078422"/>
  <nd ref="3757078420"/>
  <nd ref="3757078417"/>
  <nd ref="4511787540"/>
  <nd ref="3757078414"/>
  <nd ref="3757078411"/>
  <nd ref="3757078409"/>
  <nd ref="3757078408"/>
  <nd ref="3757078405"/>
  <nd ref="3757078406"/>
  <nd ref="3757078400"/>
  <nd ref="3757078398"/>
  <nd ref="3757078397"/>
  <nd ref="3757078395"/>
  <nd ref="3757078386"/>
  <nd ref="3757078380"/>
  <nd ref="13100741760"/>
  <nd ref="3757078376"/>
  <nd ref="13100664983"/>
  <nd ref="13100664973"/>
  <nd ref="3757078373"/>
  <nd ref="13100663126"/>
  <nd ref="13100663115"/>
  <nd ref="3757078369"/>
  <nd ref="3757078350"/>
  <nd ref="13100702025"/>
  <nd ref="3757078360"/>
  <nd ref="3757078366"/>
  <nd ref="3757078356"/>
  <nd ref="3757078353"/>
  <nd ref="3757078359"/>
  <nd ref="13100603882"/>
  <nd ref="3757078357"/>
  <nd ref="3757078348"/>
  <nd ref="3757078345"/>
  <nd ref="3757078341"/>
  <nd ref="3757078367"/>
  <nd ref="13116384445"/>
  <nd ref="13116384436"/>
  <nd ref="13116384427"/>
  <nd ref="13116384430"/>
  <nd ref="13116384458"/>
  <nd ref="3757078355"/>
  <nd ref="3757078346"/>
  <nd ref="4523381082"/>
  <nd ref="3757078342"/>
  <nd ref="13116384466"/>
  <nd ref="13116384465"/>
  <nd ref="13116385728"/>
  <nd ref="3757078340"/>
  <nd ref="3757078336"/>
  <nd ref="3757078335"/>
  <nd ref="2006339676"/>
  <nd ref="13116385747"/>
  <nd ref="3757078328"/>
  <nd ref="3757078307"/>
  <nd ref="3757078300"/>
  <nd ref="3757078310"/>
  <nd ref="3757078314"/>
  <nd ref="3757078315"/>
  <nd ref="3757078320"/>
  <nd ref="3757078317"/>
  <nd ref="3757078319"/>
  <nd ref="3757078323"/>
  <nd ref="3757078325"/>
  <nd ref="13167651196"/>
  <nd ref="13167651195"/>
  <nd ref="3757078326"/>
  <nd ref="3757078305"/>
  <nd ref="3757078292"/>
  <nd ref="3757078290"/>
  <nd ref="3757078289"/>
  <nd ref="3757078299"/>
  <nd ref="3757078301"/>
  <nd ref="3757078297"/>
  <nd ref="3757078306"/>
  <nd ref="3757078311"/>
  <nd ref="3757078312"/>
  <nd ref="3757078316"/>
  <nd ref="3757078309"/>
  <nd ref="3757078295"/>
  <nd ref="3757078308"/>
  <nd ref="3757078318"/>
  <nd ref="3757078324"/>
  <nd ref="13167598443"/>
  <nd ref="3757078321"/>
  <nd ref="3757078322"/>
  <nd ref="3757078313"/>
  <nd ref="3757078302"/>
  <nd ref="3757078294"/>
  <nd ref="3757078293"/>
  <nd ref="13167729796"/>
  <nd ref="3757078303"/>
  <nd ref="3757078284"/>
  <nd ref="3757078251"/>
  <nd ref="3757078240"/>
  <nd ref="3757078243"/>
  <nd ref="3757078252"/>
  <nd ref="3757078256"/>
  <nd ref="3757078263"/>
  <nd ref="3757078268"/>
  <nd ref="3757078266"/>
  <nd ref="3757078270"/>
  <nd ref="3757078264"/>
  <nd ref="3757078265"/>
  <nd ref="4523600629"/>
  <nd ref="3757078275"/>
  <nd ref="3757078280"/>
  <nd ref="3757078282"/>
  <nd ref="3757078287"/>
  <nd ref="3757078288"/>
  <nd ref="3757078291"/>
  <nd ref="3757078304"/>
  <nd ref="3757078296"/>
  <tag k="comment" v="périmètre de la zone de déclaration d'utilité publique pour le projet d'aéroport de Notre-Dame-des-Landes"/>
  <tag k="description" v="Périmètre de sursis à statuer"/>
  <tag k="project:aeroway" v="aerodrome"/>
  <tag k="source" v="http://data.gouv.fr"/>
 </way>
 <way id="445905886" visible="true" version="2" changeset="136616227" timestamp="2023-05-27T09:03:48Z" user="Frêne" uid="16004379">
  <nd ref="4432534474"/>
  <nd ref="4432534473"/>
  <nd ref="4432534476"/>
  <nd ref="4432534478"/>
  <nd ref="4432534481"/>
  <nd ref="4432534482"/>
  <nd ref="4432534485"/>
  <nd ref="4432534486"/>
  <nd ref="4432534487"/>
  <nd ref="4432534484"/>
  <nd ref="4432534483"/>
  <nd ref="4447102276"/>
  <nd ref="4432534479"/>
  <nd ref="4432534480"/>
  <nd ref="4432534477"/>
  <nd ref="4432534475"/>
  <nd ref="4432534474"/>
  <tag k="landuse" v="farmyard"/>
 </way>
 <way id="447626830" visible="true" version="1" changeset="42887851" timestamp="2016-10-14T06:47:40Z" user="Adrien G" uid="94804">
  <nd ref="2073118744"/>
  <nd ref="4447102256"/>
  <nd ref="4447102254"/>
  <tag k="barrier" v="hedge"/>
 </way>
 <way id="447626831" visible="true" version="2" changeset="136616227" timestamp="2023-05-27T09:03:48Z" user="Frêne" uid="16004379">
  <nd ref="4447102889"/>
  <nd ref="4447102891"/>
  <nd ref="2019847878"/>
  <nd ref="4447102900"/>
  <tag k="barrier" v="hedge"/>
 </way>
 <way id="447626832" visible="true" version="2" changeset="173325693" timestamp="2025-10-15T15:12:44Z" user="Falig44" uid="23098618">
  <nd ref="4447102269"/>
  <nd ref="4447102268"/>
  <nd ref="4447102257"/>
  <nd ref="4447102255"/>
  <nd ref="4447102259"/>
  <nd ref="13234988603"/>
  <nd ref="4447102266"/>
  <tag k="barrier" v="hedge"/>
 </way>
 <way id="447626833" visible="true" version="2" changeset="173325693" timestamp="2025-10-15T15:12:44Z" user="Falig44" uid="23098618">
  <nd ref="4447102277"/>
  <nd ref="13234988602"/>
  <nd ref="4447102288"/>
  <nd ref="13234988600"/>
  <nd ref="4447102287"/>
  <nd ref="4447102286"/>
  <nd ref="4447102284"/>
  <nd ref="4447102283"/>
  <nd ref="4447102281"/>
  <nd ref="4447102268"/>
  <tag k="barrier" v="hedge"/>
 </way>
 <way id="447626836" visible="true" version="1" changeset="42887851" timestamp="2016-10-14T06:47:40Z" user="Adrien G" uid="94804">
  <nd ref="4447102258"/>
  <nd ref="4447102260"/>
  <nd ref="4447102251"/>
  <nd ref="4447102253"/>
  <nd ref="4447102258"/>
  <tag k="landuse" v="meadow"/>
 </way>
 <way id="447626838" visible="true" version="2" changeset="136616227" timestamp="2023-05-27T09:03:48Z" user="Frêne" uid="16004379">
  <nd ref="4447102891"/>
  <nd ref="4447102893"/>
  <nd ref="4447102279"/>
  <nd ref="10931232553"/>
  <nd ref="10931232555"/>
  <nd ref="4447102276"/>
  <nd ref="10931232552"/>
  <nd ref="4447102278"/>
  <nd ref="4447102282"/>
  <nd ref="4447102891"/>
  <tag k="landuse" v="farmland"/>
 </way>
 <way id="447626839" visible="true" version="2" changeset="136616227" timestamp="2023-05-27T09:03:48Z" user="Frêne" uid="16004379">
  <nd ref="4447102276"/>
  <nd ref="10931232555"/>
  <nd ref="10931232553"/>
  <nd ref="4447102279"/>
  <nd ref="4447102894"/>
  <nd ref="4447102896"/>
  <nd ref="4447102264"/>
  <nd ref="4447102262"/>
  <nd ref="4447102271"/>
  <nd ref="4447102270"/>
  <nd ref="4447102276"/>
  <tag k="landuse" v="meadow"/>
 </way>
 <way id="447628317" visible="true" version="2" changeset="136616227" timestamp="2023-05-27T09:03:48Z" user="Frêne" uid="16004379">
  <nd ref="10931233831"/>
  <nd ref="4447110463"/>
  <nd ref="4447110465"/>
  <nd ref="4447110469"/>
  <nd ref="4447110474"/>
  <nd ref="2059528537"/>
  <nd ref="4447113295"/>
  <nd ref="4447113292"/>
  <nd ref="4447113293"/>
  <nd ref="4447113291"/>
  <nd ref="4447113294"/>
  <nd ref="4447113298"/>
  <nd ref="4447113301"/>
  <nd ref="4447113299"/>
  <nd ref="4447113296"/>
  <nd ref="4447113297"/>
  <nd ref="4447113300"/>
  <nd ref="4447113302"/>
  <nd ref="4447113303"/>
  <nd ref="4447113305"/>
  <nd ref="4447113304"/>
  <nd ref="4447113310"/>
  <nd ref="4447113313"/>
  <nd ref="4447113324"/>
  <nd ref="4447113325"/>
  <nd ref="4447113326"/>
  <nd ref="4447113290"/>
  <nd ref="4447110464"/>
  <nd ref="4447110470"/>
  <nd ref="4447110473"/>
  <nd ref="4447110476"/>
  <nd ref="10931233832"/>
  <nd ref="10931233834"/>
  <nd ref="10931233837"/>
  <nd ref="4447110467"/>
  <nd ref="4447110475"/>
  <nd ref="10931233831"/>
  <tag k="landuse" v="meadow"/>
 </way>
 <way id="447628321" visible="true" version="2" changeset="44782446" timestamp="2016-12-30T11:45:24Z" user="Adrien G" uid="94804">
  <nd ref="4447113322"/>
  <nd ref="4447113316"/>
  <nd ref="4447113312"/>
  <nd ref="4447113311"/>
  <nd ref="4447113308"/>
  <nd ref="4447113306"/>
  <nd ref="4447113307"/>
  <nd ref="4447113309"/>
  <nd ref="4447113321"/>
  <nd ref="4447113323"/>
  <nd ref="4447113314"/>
  <nd ref="4447113317"/>
  <nd ref="4447113315"/>
  <nd ref="4447113318"/>
  <nd ref="4447113319"/>
  <nd ref="4447113320"/>
  <nd ref="4447113322"/>
  <tag k="natural" v="wetland"/>
  <tag k="wetland" v="wet_meadow"/>
 </way>
 <way id="447629496" visible="true" version="1" changeset="42888216" timestamp="2016-10-14T07:06:10Z" user="Adrien G" uid="94804">
  <nd ref="2073118812"/>
  <nd ref="4447119939"/>
  <tag k="barrier" v="hedge"/>
 </way>
 <way id="447629497" visible="true" version="2" changeset="173325693" timestamp="2025-10-15T15:12:44Z" user="Falig44" uid="23098618">
  <nd ref="4447119965"/>
  <nd ref="13234988571"/>
  <nd ref="4447119960"/>
  <tag k="barrier" v="hedge"/>
 </way>
 <way id="447629500" visible="true" version="1" changeset="42888216" timestamp="2016-10-14T07:06:10Z" user="Adrien G" uid="94804">
  <nd ref="4447119951"/>
  <nd ref="4447119955"/>
  <tag k="barrier" v="hedge"/>
 </way>
 <way id="447629501" visible="true" version="1" changeset="42888216" timestamp="2016-10-14T07:06:10Z" user="Adrien G" uid="94804">
  <nd ref="4447119952"/>
  <nd ref="4447119957"/>
  <tag k="barrier" v="hedge"/>
 </way>
 <way id="447629503" visible="true" version="1" changeset="42888216" timestamp="2016-10-14T07:06:10Z" user="Adrien G" uid="94804">
  <nd ref="4447119962"/>
  <nd ref="4447119961"/>
  <nd ref="4447119963"/>
  <tag k="barrier" v="hedge"/>
 </way>
 <way id="447629504" visible="true" version="1" changeset="42888216" timestamp="2016-10-14T07:06:10Z" user="Adrien G" uid="94804">
  <nd ref="4447119917"/>
  <nd ref="4447119926"/>
  <nd ref="4447119925"/>
  <tag k="barrier" v="hedge"/>
 </way>
 <way id="447629506" visible="true" version="1" changeset="42888216" timestamp="2016-10-14T07:06:10Z" user="Adrien G" uid="94804">
  <nd ref="4447119956"/>
  <nd ref="4447119958"/>
  <nd ref="4447119959"/>
  <nd ref="4447119962"/>
  <nd ref="4447119964"/>
  <tag k="barrier" v="hedge"/>
 </way>
 <way id="447629507" visible="true" version="2" changeset="173325049" timestamp="2025-10-15T14:58:05Z" user="Falig44" uid="23098618">
  <nd ref="4447119932"/>
  <nd ref="4447119929"/>
  <nd ref="4447119924"/>
  <nd ref="4447119923"/>
  <nd ref="4447119922"/>
  <nd ref="13234933713"/>
  <nd ref="4447119921"/>
  <nd ref="4447119919"/>
  <nd ref="13234933714"/>
  <nd ref="4447119917"/>
  <nd ref="13234933717"/>
  <nd ref="13234933723"/>
  <nd ref="4447119916"/>
  <tag k="barrier" v="hedge"/>
 </way>
 <way id="447629508" visible="true" version="3" changeset="173325693" timestamp="2025-10-15T15:12:44Z" user="Falig44" uid="23098618">
  <nd ref="4447119943"/>
  <nd ref="13234988522"/>
  <nd ref="4447119936"/>
  <nd ref="4447119931"/>
  <nd ref="13234933720"/>
  <nd ref="4447119930"/>
  <nd ref="4447119928"/>
  <nd ref="4447119927"/>
  <nd ref="4447119933"/>
  <nd ref="4447119934"/>
  <nd ref="4447119935"/>
  <nd ref="4447119937"/>
  <nd ref="4447119940"/>
  <nd ref="4447119941"/>
  <nd ref="4447119942"/>
  <nd ref="4447119944"/>
  <nd ref="4447119946"/>
  <nd ref="4447119947"/>
  <nd ref="4447119943"/>
  <tag k="landuse" v="farmyard"/>
 </way>
 <way id="457423141" visible="true" version="1" changeset="44138363" timestamp="2016-12-03T14:43:24Z" user="FRichard44" uid="2516858">
  <nd ref="4535743446"/>
  <nd ref="4535743445"/>
  <tag k="barrier" v="hedge"/>
 </way>
 <way id="457423142" visible="true" version="2" changeset="136616240" timestamp="2023-05-27T09:04:17Z" user="Frêne" uid="16004379">
  <nd ref="4535743458"/>
  <nd ref="4535743450"/>
  <nd ref="4535743449"/>
  <tag k="barrier" v="hedge"/>
 </way>
 <way id="457423143" visible="true" version="1" changeset="44138363" timestamp="2016-12-03T14:43:24Z" user="FRichard44" uid="2516858">
  <nd ref="4535743455"/>
  <nd ref="4535743454"/>
  <tag k="highway" v="track"/>
 </way>
 <way id="457423144" visible="true" version="1" changeset="44138363" timestamp="2016-12-03T14:43:25Z" user="FRichard44" uid="2516858">
  <nd ref="4535743457"/>
  <nd ref="4535743456"/>
  <nd ref="2005496438"/>
  <tag k="highway" v="track"/>
 </way>
 <way id="457423145" visible="true" version="1" changeset="44138363" timestamp="2016-12-03T14:43:25Z" user="FRichard44" uid="2516858">
  <nd ref="4535743461"/>
  <nd ref="4535743460"/>
  <nd ref="4535743459"/>
  <nd ref="4535743458"/>
  <nd ref="4535743461"/>
  <tag k="natural" v="wood"/>
 </way>
 <way id="457423146" visible="true" version="2" changeset="136616227" timestamp="2023-05-27T09:03:48Z" user="Frêne" uid="16004379">
  <nd ref="4535743463"/>
  <nd ref="10931232565"/>
  <nd ref="10931233807"/>
  <nd ref="10931232560"/>
  <nd ref="4535743462"/>
  <tag k="barrier" v="hedge"/>
 </way>
 <way id="457423147" visible="true" version="2" changeset="136616227" timestamp="2023-05-27T09:03:48Z" user="Frêne" uid="16004379">
  <nd ref="4535743467"/>
  <nd ref="4535743468"/>
  <nd ref="4535743466"/>
  <nd ref="4535743463"/>
  <nd ref="4535743470"/>
  <nd ref="4535743465"/>
  <nd ref="4535743464"/>
  <tag k="barrier" v="hedge"/>
 </way>
 <way id="457423148" visible="true" version="2" changeset="136616227" timestamp="2023-05-27T09:03:48Z" user="Frêne" uid="16004379">
  <nd ref="4535743469"/>
  <nd ref="10931233811"/>
  <nd ref="4535743468"/>
  <tag k="barrier" v="hedge"/>
 </way>
 <way id="457423149" visible="true" version="2" changeset="136616227" timestamp="2023-05-27T09:03:48Z" user="Frêne" uid="16004379">
  <nd ref="4535743471"/>
  <nd ref="10931232583"/>
  <nd ref="10931233808"/>
  <tag k="barrier" v="hedge"/>
 </way>
 <way id="457423150" visible="true" version="2" changeset="136616227" timestamp="2023-05-27T09:03:48Z" user="Frêne" uid="16004379">
  <nd ref="4535743474"/>
  <nd ref="4535743471"/>
  <nd ref="4535743473"/>
  <nd ref="10931232579"/>
  <nd ref="4535743472"/>
  <tag k="barrier" v="hedge"/>
 </way>
 <way id="457423151" visible="true" version="1" changeset="44138363" timestamp="2016-12-03T14:43:25Z" user="FRichard44" uid="2516858">
  <nd ref="4535743477"/>
  <nd ref="4535743478"/>
  <tag k="layer" v="-1"/>
  <tag k="tunnel" v="culvert"/>
  <tag k="waterway" v="stream"/>
 </way>
 <way id="457423152" visible="true" version="2" changeset="173325693" timestamp="2025-10-15T15:12:44Z" user="Falig44" uid="23098618">
  <nd ref="4535743447"/>
  <nd ref="4535743448"/>
  <nd ref="13234988577"/>
  <nd ref="4535743451"/>
  <nd ref="4535743452"/>
  <nd ref="4535743453"/>
  <nd ref="13234988575"/>
  <nd ref="4535743475"/>
  <nd ref="4535743476"/>
  <nd ref="4535743477"/>
  <tag k="waterway" v="stream"/>
 </way>
 <way id="457423154" visible="true" version="1" changeset="44138363" timestamp="2016-12-03T14:43:25Z" user="FRichard44" uid="2516858">
  <nd ref="4535743483"/>
  <nd ref="4535743487"/>
  <nd ref="4535743482"/>
  <tag k="barrier" v="hedge"/>
 </way>
 <way id="457423155" visible="true" version="2" changeset="173627556" timestamp="2025-10-22T13:17:23Z" user="Falig44" uid="23098618">
  <nd ref="4535743486"/>
  <nd ref="13249906420"/>
  <nd ref="4535743485"/>
  <nd ref="4535743589"/>
  <nd ref="4535743484"/>
  <tag k="barrier" v="hedge"/>
 </way>
 <way id="457423156" visible="true" version="1" changeset="44138363" timestamp="2016-12-03T14:43:25Z" user="FRichard44" uid="2516858">
  <nd ref="4535743589"/>
  <nd ref="4535743488"/>
  <tag k="barrier" v="hedge"/>
 </way>
 <way id="457423158" visible="true" version="1" changeset="44138363" timestamp="2016-12-03T14:43:25Z" user="FRichard44" uid="2516858">
  <nd ref="4535743591"/>
  <nd ref="4535743590"/>
  <tag k="barrier" v="hedge"/>
 </way>
 <way id="457423159" visible="true" version="1" changeset="44138363" timestamp="2016-12-03T14:43:25Z" user="FRichard44" uid="2516858">
  <nd ref="4535743595"/>
  <nd ref="4535743594"/>
  <nd ref="4535743590"/>
  <nd ref="4535743593"/>
  <nd ref="4535743488"/>
  <nd ref="4535743592"/>
  <nd ref="4535743487"/>
  <tag k="barrier" v="hedge"/>
 </way>
 <way id="457423161" visible="true" version="1" changeset="44138363" timestamp="2016-12-03T14:43:25Z" user="FRichard44" uid="2516858">
  <nd ref="4535743605"/>
  <nd ref="4535743604"/>
  <nd ref="4535743603"/>
  <nd ref="4535743602"/>
  <tag k="barrier" v="hedge"/>
 </way>
 <way id="457423162" visible="true" version="2" changeset="173628783" timestamp="2025-10-22T13:44:18Z" user="Falig44" uid="23098618">
  <nd ref="4535743610"/>
  <nd ref="4535743611"/>
  <nd ref="4535743609"/>
  <nd ref="4535743608"/>
  <nd ref="13249942014"/>
  <nd ref="4535743607"/>
  <nd ref="13249932287"/>
  <nd ref="4535743606"/>
  <tag k="barrier" v="hedge"/>
 </way>
 <way id="457423164" visible="true" version="1" changeset="44138363" timestamp="2016-12-03T14:43:25Z" user="FRichard44" uid="2516858">
  <nd ref="4535743613"/>
  <nd ref="4535743612"/>
  <nd ref="4535743611"/>
  <tag k="barrier" v="hedge"/>
 </way>
 <way id="457423165" visible="true" version="1" changeset="44138363" timestamp="2016-12-03T14:43:25Z" user="FRichard44" uid="2516858">
  <nd ref="4535743615"/>
  <nd ref="4535743614"/>
  <tag k="barrier" v="hedge"/>
 </way>
 <way id="457423166" visible="true" version="1" changeset="44138363" timestamp="2016-12-03T14:43:25Z" user="FRichard44" uid="2516858">
  <nd ref="4535743617"/>
  <nd ref="4535743616"/>
  <tag k="barrier" v="hedge"/>
 </way>
 <way id="457423170" visible="true" version="2" changeset="173630098" timestamp="2025-10-22T14:13:10Z" user="Falig44" uid="23098618">
  <nd ref="4535743478"/>
  <nd ref="4535743596"/>
  <nd ref="4535743597"/>
  <nd ref="4535743598"/>
  <nd ref="4535743599"/>
  <nd ref="4535743600"/>
  <nd ref="4535743601"/>
  <nd ref="4535743624"/>
  <nd ref="4535743625"/>
  <nd ref="13249939398"/>
  <nd ref="4535743626"/>
  <nd ref="4535743627"/>
  <nd ref="4535743628"/>
  <nd ref="4535743684"/>
  <tag k="waterway" v="stream"/>
 </way>
 <way id="457423184" visible="true" version="1" changeset="44138363" timestamp="2016-12-03T14:43:26Z" user="FRichard44" uid="2516858">
  <nd ref="4535743707"/>
  <nd ref="4535743706"/>
  <nd ref="4535743705"/>
  <nd ref="4535743710"/>
  <nd ref="4535743709"/>
  <nd ref="4535743708"/>
  <nd ref="4535743707"/>
 </way>
 <way id="457423185" visible="true" version="1" changeset="44138363" timestamp="2016-12-03T14:43:26Z" user="FRichard44" uid="2516858">
  <nd ref="4535743718"/>
  <nd ref="4535743723"/>
  <nd ref="4535743717"/>
  <nd ref="4535743716"/>
  <nd ref="4535743715"/>
  <nd ref="4535743720"/>
  <nd ref="4535743714"/>
  <nd ref="4535743713"/>
  <nd ref="4535743712"/>
  <nd ref="4535743711"/>
  <nd ref="4535743718"/>
 </way>
 <way id="457423186" visible="true" version="2" changeset="62557937" timestamp="2018-09-13T16:41:52Z" user="wuff57" uid="2583033">
  <nd ref="4535743731"/>
  <nd ref="4535743732"/>
  <nd ref="4535743733"/>
  <nd ref="4535743734"/>
  <nd ref="4535743736"/>
  <nd ref="4535743737"/>
  <nd ref="4535743738"/>
  <tag k="name" v="Ruisseau du Breil de l'Aune à la Piclotais"/>
  <tag k="waterway" v="stream"/>
 </way>
 <way id="457423187" visible="true" version="1" changeset="44138363" timestamp="2016-12-03T14:43:26Z" user="FRichard44" uid="2516858">
  <nd ref="332307599"/>
  <nd ref="4535743731"/>
  <tag k="layer" v="-1"/>
  <tag k="tunnel" v="culvert"/>
  <tag k="waterway" v="stream"/>
 </way>
 <way id="457423188" visible="true" version="2" changeset="62557937" timestamp="2018-09-13T16:41:52Z" user="wuff57" uid="2583033">
  <nd ref="4535743738"/>
  <nd ref="4535743739"/>
  <tag k="layer" v="-1"/>
  <tag k="name" v="Ruisseau du Breil de l'Aune à la Piclotais"/>
  <tag k="tunnel" v="culvert"/>
  <tag k="waterway" v="stream"/>
 </way>
 <way id="457423189" visible="true" version="1" changeset="44138363" timestamp="2016-12-03T14:43:26Z" user="FRichard44" uid="2516858">
  <nd ref="4535743699"/>
  <nd ref="4535743700"/>
  <nd ref="4535743701"/>
  <nd ref="4535743702"/>
  <nd ref="4535743703"/>
  <nd ref="4535743704"/>
  <nd ref="4535743719"/>
  <nd ref="4535743720"/>
  <nd ref="4535743721"/>
  <nd ref="4535743722"/>
  <nd ref="4535743723"/>
  <nd ref="4535743724"/>
  <nd ref="4535743725"/>
  <nd ref="4535743726"/>
  <nd ref="4535743727"/>
  <nd ref="4535743728"/>
  <nd ref="4535743729"/>
  <nd ref="4535743730"/>
  <nd ref="332307599"/>
  <tag k="waterway" v="stream"/>
 </way>
 <way id="457423190" visible="true" version="7" changeset="173627556" timestamp="2025-10-22T13:17:23Z" user="Falig44" uid="23098618">
  <nd ref="332307318"/>
  <nd ref="4535743749"/>
  <nd ref="4535743748"/>
  <nd ref="4535743747"/>
  <nd ref="4535743746"/>
  <nd ref="4535743745"/>
  <nd ref="13249881837"/>
  <nd ref="13249881840"/>
  <nd ref="13249881829"/>
  <nd ref="13249881825"/>
  <nd ref="13249881826"/>
  <nd ref="13249881827"/>
  <nd ref="13249881839"/>
  <nd ref="13249881838"/>
  <nd ref="13249881845"/>
  <nd ref="4535743743"/>
  <nd ref="4535743742"/>
  <nd ref="4535743769"/>
  <nd ref="4535743768"/>
  <nd ref="4535743767"/>
  <nd ref="4535743766"/>
  <nd ref="4535743765"/>
  <nd ref="13249881850"/>
  <nd ref="4535743764"/>
  <nd ref="4535743763"/>
  <nd ref="4535743762"/>
  <nd ref="4535743761"/>
  <nd ref="4535743760"/>
  <nd ref="13236009483"/>
  <nd ref="13249881870"/>
  <nd ref="13236009482"/>
  <nd ref="13236009481"/>
  <nd ref="13236009480"/>
  <nd ref="4535743759"/>
  <nd ref="4535743758"/>
  <nd ref="13249906353"/>
  <nd ref="4535743757"/>
  <nd ref="4535743756"/>
  <nd ref="4535743755"/>
  <nd ref="4535743754"/>
  <nd ref="4535743753"/>
  <nd ref="4535743752"/>
  <nd ref="13249906347"/>
  <nd ref="13249906348"/>
  <nd ref="13249906349"/>
  <nd ref="4535743751"/>
  <nd ref="4535743750"/>
  <nd ref="4535743735"/>
  <nd ref="332307321"/>
  <nd ref="332307322"/>
  <nd ref="332307323"/>
  <nd ref="332307324"/>
  <nd ref="13236011071"/>
  <nd ref="332307325"/>
  <nd ref="332307326"/>
  <nd ref="332307327"/>
  <nd ref="332307328"/>
  <nd ref="332307329"/>
  <nd ref="13234948073"/>
  <nd ref="332307330"/>
  <nd ref="332307331"/>
  <nd ref="332307332"/>
  <nd ref="332307334"/>
  <nd ref="332307335"/>
  <nd ref="332307336"/>
  <nd ref="332307337"/>
  <nd ref="332307338"/>
  <nd ref="332307339"/>
  <nd ref="332307340"/>
  <nd ref="332307341"/>
  <nd ref="332307342"/>
  <nd ref="332307343"/>
  <nd ref="332307344"/>
  <nd ref="332307345"/>
  <nd ref="332307346"/>
  <nd ref="332307347"/>
  <nd ref="332307348"/>
  <nd ref="332307350"/>
  <nd ref="13234948071"/>
  <nd ref="332307351"/>
  <nd ref="13234948070"/>
  <nd ref="332307352"/>
  <nd ref="332307353"/>
  <nd ref="332307354"/>
  <nd ref="332307355"/>
  <nd ref="332307356"/>
  <nd ref="332307357"/>
  <nd ref="332307358"/>
  <nd ref="5297439511"/>
  <nd ref="5297439510"/>
  <nd ref="332307359"/>
  <nd ref="332307360"/>
  <nd ref="4447119950"/>
  <nd ref="4447119945"/>
  <nd ref="4447119953"/>
  <nd ref="4447119954"/>
  <nd ref="4447119951"/>
  <nd ref="4447119949"/>
  <nd ref="4447119938"/>
  <nd ref="13234933725"/>
  <nd ref="13234933726"/>
  <nd ref="332307361"/>
  <nd ref="332307362"/>
  <nd ref="332307363"/>
  <nd ref="332307364"/>
  <nd ref="13235018315"/>
  <nd ref="332307365"/>
  <nd ref="332307367"/>
  <nd ref="13235018313"/>
  <nd ref="332307368"/>
  <nd ref="332307369"/>
  <nd ref="332307370"/>
  <nd ref="332307371"/>
  <nd ref="332307372"/>
  <nd ref="332307499"/>
  <nd ref="332307500"/>
  <nd ref="13235018220"/>
  <nd ref="332307501"/>
  <nd ref="332307502"/>
  <nd ref="332307503"/>
  <nd ref="332307504"/>
  <nd ref="332307505"/>
  <nd ref="332307506"/>
  <nd ref="332307507"/>
  <nd ref="332307508"/>
  <nd ref="332307509"/>
  <nd ref="13236011027"/>
  <nd ref="332307510"/>
  <nd ref="332307511"/>
  <nd ref="332307512"/>
  <nd ref="332307513"/>
  <nd ref="332307514"/>
  <nd ref="332307515"/>
  <nd ref="332307516"/>
  <nd ref="332307517"/>
  <nd ref="332307518"/>
  <nd ref="332307519"/>
  <nd ref="332307520"/>
  <nd ref="13236011062"/>
  <nd ref="332307521"/>
  <nd ref="332307522"/>
  <nd ref="332307318"/>
  <tag k="landuse" v="forest"/>
 </way>
 <way id="457423191" visible="true" version="2" changeset="62557937" timestamp="2018-09-13T16:41:52Z" user="wuff57" uid="2583033">
  <nd ref="4535743787"/>
  <nd ref="4535743788"/>
  <tag k="layer" v="-1"/>
  <tag k="name" v="Ruisseau du Breil de l'Aune à la Piclotais"/>
  <tag k="tunnel" v="culvert"/>
  <tag k="waterway" v="stream"/>
 </way>
 <way id="457423192" visible="true" version="3" changeset="173348894" timestamp="2025-10-16T06:26:06Z" user="Falig44" uid="23098618">
  <nd ref="4535743739"/>
  <nd ref="4535743740"/>
  <nd ref="4535743741"/>
  <nd ref="4535743770"/>
  <nd ref="4535743771"/>
  <nd ref="4535743772"/>
  <nd ref="4535743773"/>
  <nd ref="4535743774"/>
  <nd ref="4535743775"/>
  <nd ref="4535743776"/>
  <nd ref="13236009480"/>
  <nd ref="4535743777"/>
  <nd ref="13236009481"/>
  <nd ref="4535743778"/>
  <nd ref="4535743779"/>
  <nd ref="4535743780"/>
  <nd ref="4535743781"/>
  <nd ref="4535743782"/>
  <nd ref="4535743783"/>
  <nd ref="4535743784"/>
  <nd ref="4535743785"/>
  <nd ref="4535743786"/>
  <nd ref="4535743787"/>
  <tag k="name" v="Ruisseau du Breil de l'Aune à la Piclotais"/>
  <tag k="waterway" v="stream"/>
 </way>
 <way id="457423193" visible="true" version="5" changeset="173630098" timestamp="2025-10-22T14:13:10Z" user="Falig44" uid="23098618">
  <nd ref="332307831"/>
  <nd ref="13249906369"/>
  <nd ref="4535743812"/>
  <nd ref="4535743811"/>
  <nd ref="4535743810"/>
  <nd ref="4535743809"/>
  <nd ref="13249932275"/>
  <nd ref="4535743808"/>
  <nd ref="13249942019"/>
  <nd ref="4535743807"/>
  <nd ref="13249942021"/>
  <nd ref="4535743805"/>
  <nd ref="4535743804"/>
  <nd ref="4535743803"/>
  <nd ref="4535743613"/>
  <nd ref="13249950190"/>
  <nd ref="4535743802"/>
  <nd ref="13249939340"/>
  <nd ref="4535743801"/>
  <nd ref="4535743800"/>
  <nd ref="4535743799"/>
  <nd ref="4535743798"/>
  <nd ref="4535743797"/>
  <nd ref="4535743796"/>
  <nd ref="4535743795"/>
  <nd ref="332307842"/>
  <nd ref="332307841"/>
  <nd ref="332307840"/>
  <nd ref="2093642224"/>
  <nd ref="332307839"/>
  <nd ref="332307838"/>
  <nd ref="2093642220"/>
  <nd ref="332307837"/>
  <nd ref="2093642217"/>
  <nd ref="2093642222"/>
  <nd ref="2093642221"/>
  <nd ref="2093642219"/>
  <nd ref="332307836"/>
  <nd ref="332307835"/>
  <nd ref="332307833"/>
  <nd ref="2093642211"/>
  <nd ref="332307832"/>
  <nd ref="2093642209"/>
  <nd ref="332307831"/>
  <tag k="landuse" v="forest"/>
 </way>
 <way id="457423197" visible="true" version="2" changeset="62557937" timestamp="2018-09-13T16:41:52Z" user="wuff57" uid="2583033">
  <nd ref="4535743788"/>
  <nd ref="4535743789"/>
  <nd ref="4535743790"/>
  <nd ref="4535743791"/>
  <nd ref="4535743792"/>
  <nd ref="4535743793"/>
  <nd ref="4535743794"/>
  <nd ref="4535743813"/>
  <nd ref="4535743814"/>
  <nd ref="4535743815"/>
  <nd ref="4535743816"/>
  <nd ref="4535743817"/>
  <nd ref="332307839"/>
  <nd ref="4535743818"/>
  <nd ref="4535743819"/>
  <nd ref="4535743820"/>
  <tag k="name" v="Ruisseau du Breil de l'Aune à la Piclotais"/>
  <tag k="waterway" v="stream"/>
 </way>
 <way id="457423198" visible="true" version="2" changeset="173629445" timestamp="2025-10-22T13:58:15Z" user="Falig44" uid="23098618">
  <nd ref="4535743840"/>
  <nd ref="13249950198"/>
  <nd ref="4535743839"/>
  <nd ref="13249950200"/>
  <nd ref="13249950199"/>
  <nd ref="13249965405"/>
  <nd ref="13249965406"/>
  <nd ref="4535743838"/>
  <nd ref="4535743837"/>
  <nd ref="4535743836"/>
  <nd ref="4535743835"/>
  <nd ref="4535743834"/>
  <nd ref="4535743833"/>
  <nd ref="13249965408"/>
  <nd ref="13249965433"/>
  <nd ref="13249965432"/>
  <nd ref="13249965436"/>
  <nd ref="4535743840"/>
  <tag k="natural" v="wood"/>
 </way>
 <way id="457423199" visible="true" version="4" changeset="173629445" timestamp="2025-10-22T13:58:15Z" user="Falig44" uid="23098618">
  <nd ref="4535743891"/>
  <nd ref="4535743890"/>
  <nd ref="4535743889"/>
  <nd ref="13249942070"/>
  <nd ref="13249942071"/>
  <nd ref="4535743888"/>
  <nd ref="4535743887"/>
  <nd ref="4535743886"/>
  <nd ref="4535743885"/>
  <nd ref="4535743884"/>
  <nd ref="4535743883"/>
  <nd ref="4535743882"/>
  <nd ref="4535743881"/>
  <nd ref="4535743880"/>
  <nd ref="2093642214"/>
  <nd ref="332307852"/>
  <nd ref="2093642213"/>
  <nd ref="2093642212"/>
  <nd ref="332307854"/>
  <nd ref="332307855"/>
  <nd ref="332307856"/>
  <nd ref="332307857"/>
  <nd ref="332307858"/>
  <nd ref="4535743879"/>
  <nd ref="332307860"/>
  <nd ref="332307820"/>
  <nd ref="332307822"/>
  <nd ref="4535743789"/>
  <nd ref="332307823"/>
  <nd ref="332307824"/>
  <nd ref="332307825"/>
  <nd ref="332307826"/>
  <nd ref="2093642210"/>
  <nd ref="2093642208"/>
  <nd ref="2093642207"/>
  <nd ref="332307827"/>
  <nd ref="2093642206"/>
  <nd ref="332307828"/>
  <nd ref="4535743878"/>
  <nd ref="4535743877"/>
  <nd ref="4535743876"/>
  <nd ref="4535743875"/>
  <nd ref="4535743874"/>
  <nd ref="4535743873"/>
  <nd ref="4535743872"/>
  <nd ref="4535743871"/>
  <nd ref="4535743870"/>
  <nd ref="13249906370"/>
  <nd ref="13249906373"/>
  <nd ref="13249906372"/>
  <nd ref="13249906371"/>
  <nd ref="4535743869"/>
  <nd ref="13249906368"/>
  <nd ref="4535743868"/>
  <nd ref="4535743867"/>
  <nd ref="4535743866"/>
  <nd ref="4535743865"/>
  <nd ref="4535743864"/>
  <nd ref="4535743863"/>
  <nd ref="4535743862"/>
  <nd ref="4535743861"/>
  <nd ref="4535743860"/>
  <nd ref="4535743859"/>
  <nd ref="4535743858"/>
  <nd ref="4535743857"/>
  <nd ref="4535743856"/>
  <nd ref="4535743855"/>
  <nd ref="4535743854"/>
  <nd ref="4535743853"/>
  <nd ref="13249906304"/>
  <nd ref="4535743852"/>
  <nd ref="4535743851"/>
  <nd ref="4535743850"/>
  <nd ref="4535743849"/>
  <nd ref="13249965425"/>
  <nd ref="4535743848"/>
  <nd ref="13249965407"/>
  <nd ref="4535743847"/>
  <nd ref="4535743846"/>
  <nd ref="13249950200"/>
  <nd ref="4535743839"/>
  <nd ref="4535743844"/>
  <nd ref="13249950195"/>
  <nd ref="4535743843"/>
  <nd ref="4535743842"/>
  <nd ref="4535743841"/>
  <nd ref="4535743832"/>
  <nd ref="4535743831"/>
  <nd ref="4535743830"/>
  <nd ref="4535743829"/>
  <nd ref="4535743891"/>
  <tag k="landuse" v="forest"/>
 </way>
 <way id="669296013" visible="true" version="3" changeset="128104523" timestamp="2022-10-26T22:57:26Z" user="InfosReseaux" uid="93222">
  <nd ref="6267527454"/>
  <nd ref="8963584581"/>
  <nd ref="6267527452"/>
  <nd ref="6267527446"/>
  <nd ref="6267527445"/>
  <nd ref="6267527444"/>
  <nd ref="6267527443"/>
  <nd ref="6267527442"/>
  <nd ref="6267527439"/>
  <nd ref="6267527438"/>
  <nd ref="6267527434"/>
  <nd ref="6267527433"/>
  <nd ref="6267527432"/>
  <nd ref="6267527431"/>
  <nd ref="6267527430"/>
  <nd ref="6267527429"/>
  <nd ref="6267527428"/>
  <tag k="cables" v="3"/>
  <tag k="operator" v="Enedis"/>
  <tag k="power" v="minor_line"/>
  <tag k="voltage" v="20000"/>
 </way>
 <way id="731143627" visible="true" version="2" changeset="128104523" timestamp="2022-10-26T22:57:32Z" user="InfosReseaux" uid="93222">
  <nd ref="6848199603"/>
  <nd ref="6848199604"/>
  <tag k="cables" v="3"/>
  <tag k="operator" v="Enedis"/>
  <tag k="power" v="minor_line"/>
  <tag k="voltage" v="20000"/>
 </way>
 <way id="731143628" visible="true" version="4" changeset="174831492" timestamp="2025-11-18T20:18:12Z" user="FRichard44" uid="2516858">
  <nd ref="6848199601"/>
  <nd ref="6848199602"/>
  <nd ref="6848199604"/>
  <nd ref="6848199605"/>
  <nd ref="6848199606"/>
  <nd ref="6848199607"/>
  <nd ref="6848199608"/>
  <nd ref="6848199614"/>
  <nd ref="6848199615"/>
  <tag k="cables" v="3"/>
  <tag k="operator" v="Enedis"/>
  <tag k="power" v="minor_line"/>
  <tag k="voltage" v="20000"/>
 </way>
 <way id="731143629" visible="true" version="2" changeset="128104523" timestamp="2022-10-26T22:57:32Z" user="InfosReseaux" uid="93222">
  <nd ref="6848199616"/>
  <nd ref="6848199617"/>
  <tag k="cables" v="3"/>
  <tag k="operator" v="Enedis"/>
  <tag k="power" v="minor_line"/>
  <tag k="voltage" v="20000"/>
 </way>
 <way id="731143630" visible="true" version="2" changeset="128104523" timestamp="2022-10-26T22:57:32Z" user="InfosReseaux" uid="93222">
  <nd ref="6848199609"/>
  <nd ref="6848199610"/>
  <nd ref="6848199611"/>
  <nd ref="6848199612"/>
  <nd ref="6848199613"/>
  <nd ref="6848199615"/>
  <nd ref="6848199617"/>
  <nd ref="6848199618"/>
  <nd ref="6848199619"/>
  <nd ref="6848199620"/>
  <nd ref="6848199621"/>
  <nd ref="6848199622"/>
  <nd ref="6848199625"/>
  <nd ref="6848199623"/>
  <nd ref="6848199624"/>
  <tag k="cables" v="3"/>
  <tag k="operator" v="Enedis"/>
  <tag k="power" v="minor_line"/>
  <tag k="voltage" v="20000"/>
 </way>
 <way id="1061465106" visible="true" version="2" changeset="173348894" timestamp="2025-10-16T06:26:06Z" user="Falig44" uid="23098618">
  <nd ref="332307092"/>
  <nd ref="13236011028"/>
  <nd ref="9752370727"/>
  <nd ref="9752370728"/>
  <nd ref="9752370729"/>
  <nd ref="9752370730"/>
  <nd ref="9752370731"/>
  <tag k="highway" v="bridleway"/>
  <tag k="surface" v="ground"/>
 </way>
 <way id="1061465107" visible="true" version="1" changeset="121156728" timestamp="2022-05-18T16:56:12Z" user="Frêne" uid="16004379">
  <nd ref="9752370730"/>
  <nd ref="9752370732"/>
  <nd ref="9752370733"/>
  <nd ref="9752370734"/>
  <nd ref="332307095"/>
  <tag k="highway" v="bridleway"/>
  <tag k="surface" v="ground"/>
 </way>
 <way id="1176531982" visible="true" version="1" changeset="136616227" timestamp="2023-05-27T09:03:48Z" user="Frêne" uid="16004379">
  <nd ref="2008824072"/>
  <nd ref="10931232539"/>
  <nd ref="10931232541"/>
  <nd ref="10931232540"/>
  <nd ref="2008824052"/>
  <nd ref="2008824072"/>
  <tag k="building" v="yes"/>
  <tag k="building:levels" v="1"/>
 </way>
 <way id="1176531983" visible="true" version="1" changeset="136616227" timestamp="2023-05-27T09:03:48Z" user="Frêne" uid="16004379">
  <nd ref="10931232541"/>
  <nd ref="10931232542"/>
  <nd ref="10931232543"/>
  <nd ref="10931232540"/>
  <nd ref="10931232541"/>
  <tag k="building" v="yes"/>
 </way>
 <way id="1176531984" visible="true" version="2" changeset="142148116" timestamp="2023-10-04T14:28:25Z" user="Frêne" uid="16004379">
  <nd ref="10931232544"/>
  <nd ref="10931232545"/>
  <nd ref="2008824033"/>
  <nd ref="2008824029"/>
  <nd ref="10931232544"/>
  <tag k="building" v="barn"/>
 </way>
 <way id="1176531985" visible="true" version="1" changeset="136616227" timestamp="2023-05-27T09:03:48Z" user="Frêne" uid="16004379">
  <nd ref="4447102889"/>
  <nd ref="4447102891"/>
  <nd ref="4447102282"/>
  <nd ref="10931232546"/>
  <nd ref="4447102889"/>
  <tag k="landuse" v="farmland"/>
 </way>
 <way id="1176531986" visible="true" version="1" changeset="136616227" timestamp="2023-05-27T09:03:48Z" user="Frêne" uid="16004379">
  <nd ref="4447102889"/>
  <nd ref="10931232547"/>
  <nd ref="10931232548"/>
  <nd ref="10931232549"/>
  <nd ref="10931232546"/>
  <nd ref="4447102889"/>
  <tag k="landuse" v="farmland"/>
 </way>
 <way id="1176531987" visible="true" version="1" changeset="136616227" timestamp="2023-05-27T09:03:48Z" user="Frêne" uid="16004379">
  <nd ref="10931232550"/>
  <nd ref="10931232551"/>
  <tag k="barrier" v="hedge"/>
 </way>
 <way id="1176531988" visible="true" version="1" changeset="136616227" timestamp="2023-05-27T09:03:48Z" user="Frêne" uid="16004379">
  <nd ref="4447102891"/>
  <nd ref="4447102282"/>
  <tag k="barrier" v="hedge"/>
 </way>
 <way id="1176531989" visible="true" version="1" changeset="136616227" timestamp="2023-05-27T09:03:48Z" user="Frêne" uid="16004379">
  <nd ref="4447102276"/>
  <nd ref="10931232555"/>
  <nd ref="10931232553"/>
  <tag k="barrier" v="hedge"/>
 </way>
 <way id="1176531990" visible="true" version="1" changeset="136616227" timestamp="2023-05-27T09:03:48Z" user="Frêne" uid="16004379">
  <nd ref="10931232552"/>
  <nd ref="10931232554"/>
  <nd ref="10931232555"/>
  <tag k="barrier" v="hedge"/>
 </way>
 <way id="1176531992" visible="true" version="1" changeset="136616227" timestamp="2023-05-27T09:03:48Z" user="Frêne" uid="16004379">
  <nd ref="10931232557"/>
  <nd ref="10931232558"/>
  <nd ref="10931232559"/>
  <nd ref="10931232557"/>
  <tag k="leaf_type" v="broadleaved"/>
  <tag k="natural" v="wood"/>
 </way>
 <way id="1176531993" visible="true" version="1" changeset="136616227" timestamp="2023-05-27T09:03:48Z" user="Frêne" uid="16004379">
  <nd ref="10931232558"/>
  <nd ref="2073118901"/>
  <tag k="barrier" v="hedge"/>
 </way>
 <way id="1176531994" visible="true" version="1" changeset="136616227" timestamp="2023-05-27T09:03:48Z" user="Frêne" uid="16004379">
  <nd ref="10931232561"/>
  <nd ref="10931232562"/>
  <nd ref="10931232563"/>
  <nd ref="10931233812"/>
  <nd ref="10931233814"/>
  <tag k="barrier" v="hedge"/>
 </way>
 <way id="1176531995" visible="true" version="1" changeset="136616227" timestamp="2023-05-27T09:03:48Z" user="Frêne" uid="16004379">
  <nd ref="10931232562"/>
  <nd ref="10931232565"/>
  <tag k="barrier" v="hedge"/>
 </way>
 <way id="1176531996" visible="true" version="1" changeset="136616227" timestamp="2023-05-27T09:03:48Z" user="Frêne" uid="16004379">
  <nd ref="10931233806"/>
  <nd ref="10931233807"/>
  <tag k="barrier" v="hedge"/>
 </way>
 <way id="1176531997" visible="true" version="1" changeset="136616227" timestamp="2023-05-27T09:03:48Z" user="Frêne" uid="16004379">
  <nd ref="10931232566"/>
  <nd ref="10931232567"/>
  <nd ref="10931232568"/>
  <nd ref="10931232569"/>
  <nd ref="10931232570"/>
  <nd ref="10931232571"/>
  <nd ref="10931232566"/>
  <tag k="natural" v="water"/>
  <tag k="water" v="pond"/>
 </way>
 <way id="1176532000" visible="true" version="1" changeset="136616227" timestamp="2023-05-27T09:03:48Z" user="Frêne" uid="16004379">
  <nd ref="10931232582"/>
  <nd ref="10931232583"/>
  <tag k="barrier" v="hedge"/>
 </way>
 <way id="1176532001" visible="true" version="1" changeset="136616227" timestamp="2023-05-27T09:03:48Z" user="Frêne" uid="16004379">
  <nd ref="4535743592"/>
  <nd ref="10931232584"/>
  <tag k="barrier" v="hedge"/>
 </way>
 <way id="1176532002" visible="true" version="1" changeset="136616227" timestamp="2023-05-27T09:03:48Z" user="Frêne" uid="16004379">
  <nd ref="2073118874"/>
  <nd ref="10931232585"/>
  <nd ref="10931232586"/>
  <nd ref="10931232587"/>
  <nd ref="2073118756"/>
  <nd ref="2073118760"/>
  <nd ref="2073118758"/>
  <nd ref="2073118787"/>
  <nd ref="2073118789"/>
  <nd ref="2073118874"/>
  <tag k="natural" v="scrub"/>
 </way>
 <way id="1176532003" visible="true" version="2" changeset="173325693" timestamp="2025-10-15T15:12:44Z" user="Falig44" uid="23098618">
  <nd ref="10931232588"/>
  <nd ref="10931232589"/>
  <nd ref="13234988572"/>
  <nd ref="10931232590"/>
  <nd ref="10931232591"/>
  <nd ref="10931232592"/>
  <nd ref="10931232593"/>
  <nd ref="10931232594"/>
  <tag k="barrier" v="hedge"/>
 </way>
 <way id="1176532004" visible="true" version="1" changeset="136616227" timestamp="2023-05-27T09:03:48Z" user="Frêne" uid="16004379">
  <nd ref="10931232594"/>
  <nd ref="10931232595"/>
  <tag k="barrier" v="hedge"/>
 </way>
 <way id="1176532005" visible="true" version="1" changeset="136616227" timestamp="2023-05-27T09:03:48Z" user="Frêne" uid="16004379">
  <nd ref="10931232596"/>
  <nd ref="10931232597"/>
  <tag k="barrier" v="hedge"/>
 </way>
 <way id="1176532006" visible="true" version="1" changeset="136616227" timestamp="2023-05-27T09:03:48Z" user="Frêne" uid="16004379">
  <nd ref="10931232598"/>
  <nd ref="10931232597"/>
  <nd ref="10931232599"/>
  <tag k="barrier" v="hedge"/>
 </way>
 <way id="1176532007" visible="true" version="1" changeset="136616227" timestamp="2023-05-27T09:03:48Z" user="Frêne" uid="16004379">
  <nd ref="10931232600"/>
  <nd ref="10931232601"/>
  <tag k="barrier" v="hedge"/>
 </way>
 <way id="1176532008" visible="true" version="1" changeset="136616227" timestamp="2023-05-27T09:03:48Z" user="Frêne" uid="16004379">
  <nd ref="10931232602"/>
  <nd ref="10931232603"/>
  <nd ref="10931232561"/>
  <tag k="barrier" v="hedge"/>
 </way>
 <way id="1176532009" visible="true" version="1" changeset="136616227" timestamp="2023-05-27T09:03:48Z" user="Frêne" uid="16004379">
  <nd ref="10931232604"/>
  <nd ref="10931233805"/>
  <nd ref="4535743462"/>
  <tag k="barrier" v="hedge"/>
 </way>
 <way id="1176532010" visible="true" version="1" changeset="136616227" timestamp="2023-05-27T09:03:48Z" user="Frêne" uid="16004379">
  <nd ref="10931233809"/>
  <nd ref="10931233810"/>
  <nd ref="10931233808"/>
  <nd ref="10931233811"/>
  <tag k="barrier" v="hedge"/>
 </way>
 <way id="1176532011" visible="true" version="2" changeset="173325693" timestamp="2025-10-15T15:12:44Z" user="Falig44" uid="23098618">
  <nd ref="10931233815"/>
  <nd ref="13234988604"/>
  <nd ref="10931233813"/>
  <nd ref="10931232564"/>
  <tag k="barrier" v="hedge"/>
 </way>
 <way id="1213051063" visible="true" version="1" changeset="142148116" timestamp="2023-10-04T14:28:25Z" user="Frêne" uid="16004379">
  <nd ref="11238367134"/>
  <nd ref="11238367135"/>
  <nd ref="11238367136"/>
  <nd ref="11238406237"/>
  <nd ref="11238406238"/>
  <nd ref="11238406239"/>
  <nd ref="11238367134"/>
  <tag k="addr:city" v="Notre-Dame des Landes"/>
  <tag k="addr:place" v="Le Liminbout"/>
  <tag k="addr:postcode" v="44130"/>
  <tag k="building" v="semidetached_house"/>
  <tag k="building:levels" v="1"/>
  <tag k="layer" v="-1"/>
  <tag k="source" v="cadastre-dgi-fr source : Direction Générale des Impôts - Cadastre. Mise à jour : 2012"/>
 </way>
 <way id="1318607394" visible="true" version="1" changeset="157157068" timestamp="2024-09-27T07:10:42Z" user="MacDony" uid="3701940">
  <nd ref="331214700"/>
  <nd ref="331214701"/>
  <nd ref="331214702"/>
  <nd ref="331214703"/>
  <nd ref="2006368167"/>
  <nd ref="331214704"/>
  <nd ref="12203640734"/>
  <nd ref="12203640733"/>
  <nd ref="331214705"/>
  <nd ref="331214706"/>
  <nd ref="12203640735"/>
  <nd ref="331214707"/>
  <nd ref="2177958679"/>
  <nd ref="12203640736"/>
  <nd ref="331214268"/>
  <tag k="highway" v="unclassified"/>
 </way>
 <way id="1386294094" visible="true" version="2" changeset="173627556" timestamp="2025-10-22T13:17:23Z" user="Falig44" uid="23098618">
  <nd ref="12834682518"/>
  <nd ref="12834682517"/>
  <nd ref="12834682516"/>
  <nd ref="12834682515"/>
  <nd ref="12834682514"/>
  <nd ref="12834682513"/>
  <nd ref="13249906404"/>
  <nd ref="12834682512"/>
  <nd ref="12834682511"/>
  <nd ref="12834682510"/>
  <nd ref="12834682509"/>
  <nd ref="12834682508"/>
  <nd ref="12834682507"/>
  <nd ref="13249906399"/>
  <nd ref="12834682506"/>
  <nd ref="12834682505"/>
  <nd ref="6848199603"/>
  <tag k="cables" v="3"/>
  <tag k="layer" v="-1"/>
  <tag k="location" v="underground"/>
  <tag k="operator" v="Enedis"/>
  <tag k="operator:wikidata" v="Q3587594"/>
  <tag k="power" v="cable"/>
  <tag k="voltage" v="20000"/>
 </way>
 <way id="1386294099" visible="true" version="1" changeset="166220597" timestamp="2025-05-13T19:29:12Z" user="FRichard44" uid="2516858">
  <nd ref="6267527429"/>
  <nd ref="12834682566"/>
  <nd ref="12834682565"/>
  <nd ref="12834682564"/>
  <nd ref="12834682563"/>
  <nd ref="12834682562"/>
  <nd ref="12834682561"/>
  <nd ref="12834682560"/>
  <nd ref="12834682559"/>
  <nd ref="12834682558"/>
  <nd ref="12834682557"/>
  <nd ref="12834682556"/>
  <nd ref="12834682555"/>
  <nd ref="12834682554"/>
  <nd ref="12834682553"/>
  <nd ref="12834682552"/>
  <nd ref="12834682551"/>
  <nd ref="12834682550"/>
  <nd ref="12834682549"/>
  <tag k="cables" v="3"/>
  <tag k="layer" v="-1"/>
  <tag k="location" v="underground"/>
  <tag k="operator" v="Enedis"/>
  <tag k="operator:wikidata" v="Q3587594"/>
  <tag k="power" v="cable"/>
  <tag k="voltage" v="20000"/>
 </way>
 <way id="1427033974" visible="true" version="5" changeset="175304735" timestamp="2025-11-30T09:30:26Z" user="MacDony" uid="3701940">
  <nd ref="13118765913"/>
  <nd ref="13118765916"/>
  <nd ref="13118765915"/>
  <nd ref="13118765912"/>
  <nd ref="331221194"/>
  <nd ref="13034468061"/>
  <nd ref="13034468060"/>
  <nd ref="331221193"/>
  <nd ref="331221192"/>
  <nd ref="331221191"/>
  <nd ref="2009005623"/>
  <nd ref="13249881822"/>
  <nd ref="2009005624"/>
  <nd ref="331221189"/>
  <nd ref="331220821"/>
  <nd ref="331221188"/>
  <nd ref="11422776512"/>
  <nd ref="11422776511"/>
  <nd ref="2009005632"/>
  <nd ref="331221184"/>
  <nd ref="331221182"/>
  <nd ref="331221179"/>
  <nd ref="4538151373"/>
  <nd ref="331221177"/>
  <nd ref="4538151370"/>
  <nd ref="331221174"/>
  <nd ref="331221172"/>
  <nd ref="13249842834"/>
  <nd ref="331221169"/>
  <nd ref="13249866793"/>
  <nd ref="13342112960"/>
  <nd ref="13342112955"/>
  <nd ref="1638303894"/>
  <nd ref="11422776428"/>
  <nd ref="331220836"/>
  <tag k="highway" v="unclassified"/>
  <tag k="name" v="Les Loges de Mérimont"/>
 </way>
 <way id="1442409894" visible="true" version="1" changeset="173324822" timestamp="2025-10-15T14:52:35Z" user="Falig44" uid="23098618">
  <nd ref="13234879263"/>
  <nd ref="13234879264"/>
  <nd ref="13234879269"/>
  <nd ref="13234879265"/>
  <nd ref="13234879266"/>
  <nd ref="13234879267"/>
  <nd ref="13234879268"/>
  <tag k="highway" v="track"/>
 </way>
 <way id="1442410838" visible="true" version="1" changeset="173325049" timestamp="2025-10-15T14:58:05Z" user="Falig44" uid="23098618">
  <nd ref="4447119934"/>
  <nd ref="4447119933"/>
  <nd ref="4447119927"/>
  <nd ref="4447119925"/>
  <nd ref="4447119921"/>
  <nd ref="4447119924"/>
  <nd ref="4447119934"/>
  <tag k="landuse" v="farmland"/>
 </way>
 <way id="1442410839" visible="true" version="1" changeset="173325049" timestamp="2025-10-15T14:58:05Z" user="Falig44" uid="23098618">
  <nd ref="4447119927"/>
  <nd ref="4447119925"/>
  <tag k="barrier" v="hedge"/>
 </way>
 <way id="1442410842" visible="true" version="1" changeset="173325049" timestamp="2025-10-15T14:58:05Z" user="Falig44" uid="23098618">
  <nd ref="4447119927"/>
  <nd ref="4447119928"/>
  <nd ref="4447119930"/>
  <nd ref="13234933720"/>
  <nd ref="4447119931"/>
  <nd ref="4447119926"/>
  <nd ref="4447119925"/>
  <nd ref="4447119927"/>
  <tag k="landuse" v="meadow"/>
 </way>
 <way id="1442410843" visible="true" version="1" changeset="173325049" timestamp="2025-10-15T14:58:05Z" user="Falig44" uid="23098618">
  <nd ref="4447119936"/>
  <nd ref="4447119926"/>
  <tag k="barrier" v="hedge"/>
 </way>
 <way id="1442410844" visible="true" version="1" changeset="173325049" timestamp="2025-10-15T14:58:05Z" user="Falig44" uid="23098618">
  <nd ref="13234933720"/>
  <nd ref="13234933721"/>
  <tag k="barrier" v="hedge"/>
 </way>
 <way id="1442410845" visible="true" version="1" changeset="173325049" timestamp="2025-10-15T14:58:05Z" user="Falig44" uid="23098618">
  <nd ref="4447119925"/>
  <nd ref="4447119926"/>
  <nd ref="4447119917"/>
  <nd ref="4447119919"/>
  <nd ref="4447119925"/>
  <tag k="landuse" v="farmland"/>
 </way>
 <way id="1442410846" visible="true" version="1" changeset="173325049" timestamp="2025-10-15T14:58:05Z" user="Falig44" uid="23098618">
  <nd ref="4447119936"/>
  <nd ref="13234933722"/>
  <nd ref="13234933723"/>
  <nd ref="4447119917"/>
  <nd ref="4447119936"/>
  <tag k="landuse" v="farmland"/>
 </way>
 <way id="1442410847" visible="true" version="1" changeset="173325049" timestamp="2025-10-15T14:58:05Z" user="Falig44" uid="23098618">
  <nd ref="13234933722"/>
  <nd ref="13234933723"/>
  <tag k="barrier" v="hedge"/>
 </way>
 <way id="1442410848" visible="true" version="1" changeset="173325049" timestamp="2025-10-15T14:58:05Z" user="Falig44" uid="23098618">
  <nd ref="13234933722"/>
  <nd ref="13234933724"/>
  <nd ref="13234933725"/>
  <nd ref="13234933726"/>
  <nd ref="13234933727"/>
  <nd ref="13234933728"/>
  <nd ref="13234933730"/>
  <nd ref="13234933719"/>
  <nd ref="13234933718"/>
  <nd ref="13234933723"/>
  <nd ref="13234933722"/>
  <tag k="landuse" v="farmland"/>
 </way>
 <way id="1442413438" visible="true" version="1" changeset="173325693" timestamp="2025-10-15T15:12:44Z" user="Falig44" uid="23098618">
  <nd ref="4447119955"/>
  <nd ref="2006354564"/>
  <nd ref="2006354570"/>
  <nd ref="4447119943"/>
  <nd ref="13234988522"/>
  <nd ref="4447119938"/>
  <nd ref="4447119955"/>
  <tag k="landuse" v="farmland"/>
 </way>
 <way id="1442413439" visible="true" version="1" changeset="173325693" timestamp="2025-10-15T15:12:44Z" user="Falig44" uid="23098618">
  <nd ref="13234988523"/>
  <nd ref="13234988524"/>
  <nd ref="13234988525"/>
  <nd ref="13234988540"/>
  <nd ref="13234988538"/>
  <nd ref="13234988526"/>
  <nd ref="13234988527"/>
  <nd ref="2006354527"/>
  <nd ref="4447119955"/>
  <nd ref="4447119951"/>
  <nd ref="4447119954"/>
  <nd ref="4447119953"/>
  <nd ref="4447119945"/>
  <nd ref="4447119950"/>
  <nd ref="332307360"/>
  <nd ref="13234988529"/>
  <nd ref="13234988528"/>
  <nd ref="13234988523"/>
  <tag k="landuse" v="farmland"/>
 </way>
 <way id="1442413440" visible="true" version="1" changeset="173325693" timestamp="2025-10-15T15:12:44Z" user="Falig44" uid="23098618">
  <nd ref="13234988529"/>
  <nd ref="4447119953"/>
  <tag k="barrier" v="hedge"/>
 </way>
 <way id="1442413441" visible="true" version="1" changeset="173325693" timestamp="2025-10-15T15:12:44Z" user="Falig44" uid="23098618">
  <nd ref="13234988525"/>
  <nd ref="13234988550"/>
  <nd ref="13234988530"/>
  <nd ref="13234988531"/>
  <nd ref="13234988532"/>
  <nd ref="13234988533"/>
  <nd ref="13234988557"/>
  <nd ref="13234988534"/>
  <nd ref="13234988535"/>
  <nd ref="13234988568"/>
  <nd ref="13234988536"/>
  <nd ref="2006354495"/>
  <nd ref="13234988542"/>
  <nd ref="13234988544"/>
  <nd ref="2006354568"/>
  <nd ref="13234988537"/>
  <nd ref="13234988539"/>
  <nd ref="13234988538"/>
  <nd ref="13234988540"/>
  <nd ref="13234988525"/>
  <tag k="landuse" v="residential"/>
 </way>
 <way id="1442413442" visible="true" version="1" changeset="173325693" timestamp="2025-10-15T15:12:44Z" user="Falig44" uid="23098618">
  <nd ref="13234988555"/>
  <nd ref="13234988556"/>
  <nd ref="13234988559"/>
  <nd ref="13234988557"/>
  <nd ref="13234988533"/>
  <nd ref="13234988532"/>
  <nd ref="13234988531"/>
  <nd ref="13234988549"/>
  <nd ref="13234988554"/>
  <nd ref="13234988555"/>
  <tag k="landuse" v="meadow"/>
 </way>
 <way id="1442413443" visible="true" version="1" changeset="173325693" timestamp="2025-10-15T15:12:44Z" user="Falig44" uid="23098618">
  <nd ref="2006354572"/>
  <nd ref="2006354597"/>
  <nd ref="2006354566"/>
  <nd ref="2006354569"/>
  <nd ref="2006354582"/>
  <nd ref="2006354497"/>
  <nd ref="2006354525"/>
  <nd ref="13234988560"/>
  <nd ref="2006354523"/>
  <nd ref="2006354572"/>
  <tag k="landuse" v="meadow"/>
 </way>
 <way id="1442413444" visible="true" version="1" changeset="173325693" timestamp="2025-10-15T15:12:44Z" user="Falig44" uid="23098618">
  <nd ref="13234988561"/>
  <nd ref="13234988562"/>
  <nd ref="13234988563"/>
  <nd ref="13234988564"/>
  <nd ref="13234988565"/>
  <nd ref="13234988561"/>
  <tag k="landuse" v="residential"/>
 </way>
 <way id="1442413445" visible="true" version="1" changeset="173325693" timestamp="2025-10-15T15:12:44Z" user="Falig44" uid="23098618">
  <nd ref="13234988566"/>
  <nd ref="13234988567"/>
  <nd ref="4447119965"/>
  <nd ref="13234988571"/>
  <nd ref="4447119960"/>
  <nd ref="13234988562"/>
  <nd ref="13234988561"/>
  <nd ref="13234988568"/>
  <nd ref="13234988558"/>
  <nd ref="13234988566"/>
  <tag k="landuse" v="farmland"/>
 </way>
 <way id="1442413446" visible="true" version="1" changeset="173325693" timestamp="2025-10-15T15:12:44Z" user="Falig44" uid="23098618">
  <nd ref="4447119965"/>
  <nd ref="13234988569"/>
  <nd ref="4447119964"/>
  <nd ref="4447119962"/>
  <nd ref="4447119958"/>
  <nd ref="4447119956"/>
  <nd ref="13234988570"/>
  <nd ref="13234988564"/>
  <nd ref="13234988563"/>
  <nd ref="13234988571"/>
  <nd ref="4447119965"/>
  <tag k="landuse" v="farmland"/>
 </way>
 <way id="1442413447" visible="true" version="1" changeset="173325693" timestamp="2025-10-15T15:12:44Z" user="Falig44" uid="23098618">
  <nd ref="13234988569"/>
  <nd ref="10931232588"/>
  <nd ref="10931232589"/>
  <nd ref="13234988572"/>
  <nd ref="13234988573"/>
  <nd ref="4447119963"/>
  <nd ref="4447119961"/>
  <nd ref="4447119962"/>
  <nd ref="4447119964"/>
  <nd ref="13234988569"/>
  <tag k="landuse" v="farmland"/>
 </way>
 <way id="1442413448" visible="true" version="1" changeset="173325693" timestamp="2025-10-15T15:12:44Z" user="Falig44" uid="23098618">
  <nd ref="4447119962"/>
  <nd ref="4447119961"/>
  <nd ref="2073118798"/>
  <nd ref="2073118952"/>
  <nd ref="2073118946"/>
  <nd ref="2073118930"/>
  <nd ref="4447119957"/>
  <nd ref="4447119952"/>
  <nd ref="4447119948"/>
  <nd ref="2006354577"/>
  <nd ref="4447119956"/>
  <nd ref="4447119958"/>
  <nd ref="4447119962"/>
  <tag k="landuse" v="farmland"/>
 </way>
 <way id="1442413449" visible="true" version="2" changeset="174831492" timestamp="2025-11-18T20:18:12Z" user="FRichard44" uid="2516858">
  <nd ref="4447119963"/>
  <nd ref="13234988573"/>
  <nd ref="10931232590"/>
  <nd ref="10931232591"/>
  <nd ref="10931232592"/>
  <nd ref="10931232593"/>
  <nd ref="2073118926"/>
  <nd ref="2073118833"/>
  <nd ref="2073118765"/>
  <nd ref="2073118780"/>
  <nd ref="2073118776"/>
  <nd ref="2073118808"/>
  <nd ref="2073118940"/>
  <nd ref="2073118805"/>
  <nd ref="2073118915"/>
  <nd ref="2073118923"/>
  <nd ref="2073118784"/>
  <nd ref="2073118891"/>
  <nd ref="2073118955"/>
  <nd ref="2073118930"/>
  <nd ref="2073118946"/>
  <nd ref="2073118952"/>
  <nd ref="4447119963"/>
  <tag k="landuse" v="farmland"/>
 </way>
 <way id="1442413450" visible="true" version="2" changeset="174831492" timestamp="2025-11-18T20:18:12Z" user="FRichard44" uid="2516858">
  <nd ref="4447119957"/>
  <nd ref="2073118955"/>
  <nd ref="2073118891"/>
  <nd ref="2073118748"/>
  <nd ref="2073118812"/>
  <nd ref="4447119939"/>
  <nd ref="4447119941"/>
  <nd ref="4447119942"/>
  <nd ref="4447119944"/>
  <nd ref="4447119946"/>
  <nd ref="4447119948"/>
  <nd ref="4447119957"/>
  <tag k="landuse" v="farmland"/>
 </way>
 <way id="1442413451" visible="true" version="1" changeset="173325693" timestamp="2025-10-15T15:12:44Z" user="Falig44" uid="23098618">
  <nd ref="13234988572"/>
  <nd ref="10931232590"/>
  <nd ref="13234988573"/>
  <nd ref="13234988572"/>
  <tag k="landuse" v="forest"/>
 </way>
 <way id="1442413452" visible="true" version="1" changeset="173325693" timestamp="2025-10-15T15:12:44Z" user="Falig44" uid="23098618">
  <nd ref="10931232588"/>
  <nd ref="10931232598"/>
  <nd ref="10931232597"/>
  <nd ref="10931232599"/>
  <nd ref="10931232594"/>
  <nd ref="10931232593"/>
  <nd ref="10931232592"/>
  <nd ref="10931232591"/>
  <nd ref="10931232590"/>
  <nd ref="10931232589"/>
  <nd ref="10931232588"/>
  <tag k="landuse" v="farmland"/>
 </way>
 <way id="1442413453" visible="true" version="1" changeset="173325693" timestamp="2025-10-15T15:12:44Z" user="Falig44" uid="23098618">
  <nd ref="4535743458"/>
  <nd ref="4535743459"/>
  <nd ref="13234988581"/>
  <nd ref="13234988575"/>
  <nd ref="13234988576"/>
  <nd ref="13234988577"/>
  <nd ref="2073118926"/>
  <nd ref="10931232594"/>
  <nd ref="4535743458"/>
  <tag k="landuse" v="farmland"/>
 </way>
 <way id="1442413454" visible="true" version="1" changeset="173325693" timestamp="2025-10-15T15:12:44Z" user="Falig44" uid="23098618">
  <nd ref="4535743460"/>
  <nd ref="13234988578"/>
  <nd ref="13234988579"/>
  <nd ref="13234988580"/>
  <nd ref="13234988581"/>
  <nd ref="4535743459"/>
  <nd ref="4535743460"/>
  <tag k="landuse" v="farmland"/>
 </way>
 <way id="1442413455" visible="true" version="1" changeset="173325693" timestamp="2025-10-15T15:12:44Z" user="Falig44" uid="23098618">
  <nd ref="13234988582"/>
  <nd ref="4535743469"/>
  <nd ref="4535743468"/>
  <nd ref="13234988583"/>
  <nd ref="13234988582"/>
  <tag k="landuse" v="farmland"/>
 </way>
 <way id="1442413456" visible="true" version="1" changeset="173325693" timestamp="2025-10-15T15:12:44Z" user="Falig44" uid="23098618">
  <nd ref="13234988583"/>
  <nd ref="4535743463"/>
  <nd ref="4535743462"/>
  <nd ref="10931232558"/>
  <nd ref="2073118901"/>
  <nd ref="2073118785"/>
  <nd ref="2073118897"/>
  <nd ref="13234988577"/>
  <nd ref="4535743451"/>
  <nd ref="4535743452"/>
  <nd ref="13234988583"/>
  <tag k="landuse" v="farmland"/>
 </way>
 <way id="1442413457" visible="true" version="1" changeset="173325693" timestamp="2025-10-15T15:12:44Z" user="Falig44" uid="23098618">
  <nd ref="10931233811"/>
  <nd ref="10931233810"/>
  <nd ref="10931233809"/>
  <nd ref="13234988584"/>
  <nd ref="4535743465"/>
  <nd ref="4535743468"/>
  <nd ref="10931233811"/>
  <tag k="landuse" v="forest"/>
 </way>
 <way id="1442413458" visible="true" version="1" changeset="173325693" timestamp="2025-10-15T15:12:44Z" user="Falig44" uid="23098618">
  <nd ref="4535743469"/>
  <nd ref="13234988585"/>
  <nd ref="10931232582"/>
  <nd ref="10931232583"/>
  <nd ref="10931233808"/>
  <nd ref="10931233811"/>
  <nd ref="4535743469"/>
  <tag k="landuse" v="farmland"/>
 </way>
 <way id="1442413459" visible="true" version="1" changeset="173325693" timestamp="2025-10-15T15:12:44Z" user="Falig44" uid="23098618">
  <nd ref="10931232582"/>
  <nd ref="13234988586"/>
  <nd ref="4535743471"/>
  <nd ref="10931232583"/>
  <nd ref="10931232582"/>
  <tag k="landuse" v="meadow"/>
 </way>
 <way id="1442413460" visible="true" version="1" changeset="173325693" timestamp="2025-10-15T15:12:44Z" user="Falig44" uid="23098618">
  <nd ref="13234988587"/>
  <nd ref="13234988588"/>
  <nd ref="13234988589"/>
  <nd ref="13234988590"/>
  <nd ref="13234988591"/>
  <nd ref="13234988587"/>
  <tag k="natural" v="water"/>
  <tag k="water" v="pond"/>
 </way>
 <way id="1442413461" visible="true" version="1" changeset="173325693" timestamp="2025-10-15T15:12:44Z" user="Falig44" uid="23098618">
  <nd ref="13234988592"/>
  <nd ref="13234988593"/>
  <nd ref="13234988594"/>
  <nd ref="13234988595"/>
  <nd ref="13234988596"/>
  <nd ref="13234988597"/>
  <nd ref="13234988598"/>
  <nd ref="13234988599"/>
  <nd ref="13234988592"/>
  <tag k="landuse" v="forest"/>
 </way>
 <way id="1442413462" visible="true" version="1" changeset="173325693" timestamp="2025-10-15T15:12:44Z" user="Falig44" uid="23098618">
  <nd ref="4535743471"/>
  <nd ref="4535743473"/>
  <nd ref="4535743472"/>
  <nd ref="10931233813"/>
  <nd ref="10931233809"/>
  <nd ref="10931233810"/>
  <nd ref="10931233808"/>
  <nd ref="4535743471"/>
  <tag k="landuse" v="farmland"/>
 </way>
 <way id="1442413463" visible="true" version="1" changeset="173325693" timestamp="2025-10-15T15:12:44Z" user="Falig44" uid="23098618">
  <nd ref="4535743463"/>
  <nd ref="4535743465"/>
  <nd ref="4535743464"/>
  <nd ref="2300801418"/>
  <nd ref="10931232563"/>
  <nd ref="10931232562"/>
  <nd ref="10931232565"/>
  <nd ref="4535743463"/>
  <tag k="landuse" v="farmland"/>
 </way>
 <way id="1442413464" visible="true" version="1" changeset="173325693" timestamp="2025-10-15T15:12:44Z" user="Falig44" uid="23098618">
  <nd ref="10931232565"/>
  <nd ref="10931232562"/>
  <nd ref="10931232561"/>
  <nd ref="10931233806"/>
  <nd ref="10931233807"/>
  <nd ref="10931232565"/>
  <tag k="landuse" v="farmland"/>
 </way>
 <way id="1442413465" visible="true" version="1" changeset="173325693" timestamp="2025-10-15T15:12:44Z" user="Falig44" uid="23098618">
  <nd ref="10931233807"/>
  <nd ref="10931232561"/>
  <nd ref="10931232603"/>
  <nd ref="10931232604"/>
  <nd ref="10931233805"/>
  <nd ref="4535743462"/>
  <nd ref="10931233807"/>
  <tag k="landuse" v="farmland"/>
 </way>
 <way id="1442413466" visible="true" version="1" changeset="173325693" timestamp="2025-10-15T15:12:44Z" user="Falig44" uid="23098618">
  <nd ref="10931232600"/>
  <nd ref="10931232601"/>
  <nd ref="13234988600"/>
  <nd ref="4447102287"/>
  <nd ref="4447102286"/>
  <nd ref="4447102284"/>
  <nd ref="4447102283"/>
  <nd ref="4447102281"/>
  <nd ref="4447102268"/>
  <nd ref="13234988601"/>
  <nd ref="2073118770"/>
  <nd ref="2073118953"/>
  <nd ref="2073118900"/>
  <nd ref="2073118743"/>
  <nd ref="2073118845"/>
  <nd ref="2073118887"/>
  <nd ref="2073118911"/>
  <nd ref="2073118901"/>
  <nd ref="10931232558"/>
  <nd ref="10931232600"/>
  <tag k="landuse" v="farmland"/>
 </way>
 <way id="1442413467" visible="true" version="1" changeset="173325693" timestamp="2025-10-15T15:12:44Z" user="Falig44" uid="23098618">
  <nd ref="4447102288"/>
  <nd ref="13234988602"/>
  <nd ref="4432534486"/>
  <nd ref="4432534485"/>
  <nd ref="4432534482"/>
  <nd ref="4432534481"/>
  <nd ref="2008823942"/>
  <nd ref="13234988603"/>
  <nd ref="4447102255"/>
  <nd ref="4447102257"/>
  <nd ref="4447102268"/>
  <nd ref="4447102281"/>
  <nd ref="4447102283"/>
  <nd ref="4447102284"/>
  <nd ref="4447102286"/>
  <nd ref="4447102287"/>
  <nd ref="4447102288"/>
  <tag k="landuse" v="farmland"/>
 </way>
 <way id="1442413468" visible="true" version="1" changeset="173325693" timestamp="2025-10-15T15:12:44Z" user="Falig44" uid="23098618">
  <nd ref="2073118800"/>
  <nd ref="2073118797"/>
  <nd ref="2073118932"/>
  <nd ref="2073118819"/>
  <nd ref="2073118861"/>
  <nd ref="2073118873"/>
  <nd ref="2073118851"/>
  <nd ref="2073118800"/>
  <tag k="landuse" v="farmland"/>
 </way>
 <way id="1442413469" visible="true" version="1" changeset="173325693" timestamp="2025-10-15T15:12:44Z" user="Falig44" uid="23098618">
  <nd ref="10931233812"/>
  <nd ref="2073118797"/>
  <nd ref="2073118855"/>
  <nd ref="2073118885"/>
  <nd ref="10931232602"/>
  <nd ref="10931232603"/>
  <nd ref="10931232561"/>
  <nd ref="10931232562"/>
  <nd ref="10931232563"/>
  <nd ref="10931233812"/>
  <tag k="landuse" v="farmland"/>
 </way>
 <way id="1442413470" visible="true" version="1" changeset="173325693" timestamp="2025-10-15T15:12:44Z" user="Falig44" uid="23098618">
  <nd ref="10931233813"/>
  <nd ref="4535743472"/>
  <nd ref="10931232572"/>
  <nd ref="10931232574"/>
  <nd ref="10931232575"/>
  <nd ref="10931233821"/>
  <nd ref="10931233820"/>
  <nd ref="10931233819"/>
  <nd ref="10931233818"/>
  <nd ref="10931233817"/>
  <nd ref="2300801416"/>
  <nd ref="10931233815"/>
  <nd ref="13234988604"/>
  <nd ref="10931233813"/>
  <tag k="landuse" v="farmland"/>
 </way>
 <way id="1442413473" visible="true" version="1" changeset="173325693" timestamp="2025-10-15T15:12:44Z" user="Falig44" uid="23098618">
  <nd ref="13234988586"/>
  <nd ref="13234988610"/>
  <nd ref="13234988611"/>
  <nd ref="4535743473"/>
  <nd ref="13234988586"/>
  <tag k="landuse" v="meadow"/>
 </way>
 <way id="1442415625" visible="true" version="1" changeset="173326290" timestamp="2025-10-15T15:27:10Z" user="Falig44" uid="23098618">
  <nd ref="332307331"/>
  <nd ref="13234948068"/>
  <nd ref="13234948069"/>
  <nd ref="332307356"/>
  <nd ref="332307355"/>
  <nd ref="332307354"/>
  <nd ref="13234948070"/>
  <nd ref="13234948071"/>
  <nd ref="332307350"/>
  <nd ref="13234948072"/>
  <nd ref="332307602"/>
  <nd ref="332307601"/>
  <nd ref="332307600"/>
  <nd ref="332307599"/>
  <nd ref="332307598"/>
  <nd ref="332307597"/>
  <nd ref="332307344"/>
  <nd ref="332307343"/>
  <nd ref="332307342"/>
  <nd ref="332307341"/>
  <nd ref="332307340"/>
  <nd ref="332307339"/>
  <nd ref="332307338"/>
  <nd ref="332307337"/>
  <nd ref="332307336"/>
  <nd ref="332307335"/>
  <nd ref="332307334"/>
  <nd ref="332307332"/>
  <nd ref="332307331"/>
  <tag k="landuse" v="meadow"/>
 </way>
 <way id="1442415626" visible="true" version="1" changeset="173326290" timestamp="2025-10-15T15:27:10Z" user="Falig44" uid="23098618">
  <nd ref="13234948068"/>
  <nd ref="332307331"/>
  <nd ref="332307330"/>
  <nd ref="13234948073"/>
  <nd ref="5297439511"/>
  <nd ref="332307358"/>
  <nd ref="332307357"/>
  <nd ref="332307356"/>
  <nd ref="13234948069"/>
  <nd ref="13234948068"/>
  <tag k="landuse" v="residential"/>
 </way>
 <way id="1442415627" visible="true" version="1" changeset="173326290" timestamp="2025-10-15T15:27:10Z" user="Falig44" uid="23098618">
  <nd ref="13234948074"/>
  <nd ref="13234948075"/>
  <nd ref="13234948076"/>
  <nd ref="13234948077"/>
  <nd ref="13234948074"/>
  <tag k="leisure" v="pitch"/>
  <tag k="sport" v="equestrian"/>
  <tag k="surface" v="sand"/>
 </way>
 <way id="1442415628" visible="true" version="1" changeset="173326290" timestamp="2025-10-15T15:27:10Z" user="Falig44" uid="23098618">
  <nd ref="13234948078"/>
  <nd ref="13234948079"/>
  <nd ref="13234948080"/>
  <nd ref="13234948081"/>
  <nd ref="13234948078"/>
  <tag k="leisure" v="pitch"/>
  <tag k="sport" v="equestrian"/>
  <tag k="surface" v="sand"/>
 </way>
 <way id="1442415634" visible="true" version="1" changeset="173326290" timestamp="2025-10-15T15:27:10Z" user="Falig44" uid="23098618">
  <nd ref="13234948100"/>
  <nd ref="13235018299"/>
  <nd ref="13235018201"/>
  <nd ref="13235018202"/>
  <nd ref="13235018203"/>
  <nd ref="13235018217"/>
  <nd ref="13235018204"/>
  <nd ref="13235018205"/>
  <nd ref="13235018206"/>
  <nd ref="13235018356"/>
  <nd ref="13235018207"/>
  <nd ref="13235018208"/>
  <nd ref="13235018209"/>
  <nd ref="13235018224"/>
  <nd ref="13235018210"/>
  <nd ref="13234948100"/>
  <tag k="leisure" v="horse_riding"/>
  <tag k="name" v="Domaine du Latais"/>
 </way>
 <way id="1442415636" visible="true" version="1" changeset="173326290" timestamp="2025-10-15T15:27:10Z" user="Falig44" uid="23098618">
  <nd ref="13235018214"/>
  <nd ref="13235018215"/>
  <nd ref="13235018216"/>
  <nd ref="13235018217"/>
  <nd ref="13235018204"/>
  <nd ref="13235018218"/>
  <nd ref="13235018219"/>
  <nd ref="13235018214"/>
  <tag k="landuse" v="meadow"/>
 </way>
 <way id="1442415637" visible="true" version="1" changeset="173326290" timestamp="2025-10-15T15:27:10Z" user="Falig44" uid="23098618">
  <nd ref="13235018216"/>
  <nd ref="332307507"/>
  <nd ref="332307506"/>
  <nd ref="332307505"/>
  <nd ref="332307504"/>
  <nd ref="13235018203"/>
  <nd ref="13235018217"/>
  <nd ref="13235018216"/>
  <tag k="landuse" v="meadow"/>
 </way>
 <way id="1442415638" visible="true" version="1" changeset="173326290" timestamp="2025-10-15T15:27:10Z" user="Falig44" uid="23098618">
  <nd ref="13235018216"/>
  <nd ref="13235018217"/>
  <tag k="natural" v="tree_row"/>
 </way>
 <way id="1442415639" visible="true" version="1" changeset="173326290" timestamp="2025-10-15T15:27:10Z" user="Falig44" uid="23098618">
  <nd ref="13235018204"/>
  <nd ref="13235018203"/>
  <nd ref="332307504"/>
  <tag k="natural" v="tree_row"/>
 </way>
 <way id="1442415640" visible="true" version="1" changeset="173326290" timestamp="2025-10-15T15:27:10Z" user="Falig44" uid="23098618">
  <nd ref="13235018203"/>
  <nd ref="332307504"/>
  <nd ref="332307503"/>
  <nd ref="332307502"/>
  <nd ref="332307501"/>
  <nd ref="13235018220"/>
  <nd ref="13235018201"/>
  <nd ref="13235018202"/>
  <nd ref="13235018203"/>
  <tag k="landuse" v="meadow"/>
 </way>
 <way id="1442415683" visible="true" version="1" changeset="173326290" timestamp="2025-10-15T15:27:10Z" user="Falig44" uid="23098618">
  <nd ref="13235018315"/>
  <nd ref="13235018316"/>
  <tag k="natural" v="tree_row"/>
 </way>
 <way id="1442415684" visible="true" version="1" changeset="173326290" timestamp="2025-10-15T15:27:10Z" user="Falig44" uid="23098618">
  <nd ref="332307364"/>
  <nd ref="332307363"/>
  <nd ref="13235018316"/>
  <nd ref="13234879259"/>
  <nd ref="13235018314"/>
  <nd ref="332307367"/>
  <nd ref="332307365"/>
  <nd ref="332307364"/>
  <tag k="landuse" v="meadow"/>
 </way>
 <way id="1442415685" visible="true" version="1" changeset="173326290" timestamp="2025-10-15T15:27:10Z" user="Falig44" uid="23098618">
  <nd ref="13235018317"/>
  <nd ref="13235018318"/>
  <nd ref="13235018319"/>
  <nd ref="332307508"/>
  <nd ref="13235018320"/>
  <nd ref="13235018321"/>
  <nd ref="13235018322"/>
  <nd ref="13235018323"/>
  <nd ref="13235018324"/>
  <nd ref="13235018317"/>
  <tag k="landuse" v="farmland"/>
 </way>
 <way id="1442415686" visible="true" version="1" changeset="173326290" timestamp="2025-10-15T15:27:10Z" user="Falig44" uid="23098618">
  <nd ref="13235018317"/>
  <nd ref="13235018324"/>
  <nd ref="13235018323"/>
  <nd ref="13235018322"/>
  <tag k="barrier" v="hedge"/>
 </way>
 <way id="1442415687" visible="true" version="1" changeset="173326290" timestamp="2025-10-15T15:27:10Z" user="Falig44" uid="23098618">
  <nd ref="13235018324"/>
  <nd ref="13235018325"/>
  <nd ref="13235018326"/>
  <nd ref="13235018322"/>
  <nd ref="13235018324"/>
  <tag k="landuse" v="farmland"/>
 </way>
 <way id="1442415688" visible="true" version="1" changeset="173326290" timestamp="2025-10-15T15:27:10Z" user="Falig44" uid="23098618">
  <nd ref="13235018327"/>
  <nd ref="13235018328"/>
  <nd ref="13235018329"/>
  <nd ref="13235018214"/>
  <nd ref="13235018219"/>
  <nd ref="13235018218"/>
  <nd ref="13235018205"/>
  <nd ref="13235018206"/>
  <nd ref="13235018330"/>
  <nd ref="13235018348"/>
  <nd ref="13235018331"/>
  <nd ref="13235018332"/>
  <nd ref="13235018333"/>
  <nd ref="13235018327"/>
  <tag k="landuse" v="farmland"/>
 </way>
 <way id="1442529935" visible="true" version="1" changeset="173348894" timestamp="2025-10-16T06:26:06Z" user="Falig44" uid="23098618">
  <nd ref="13236009465"/>
  <nd ref="13236009466"/>
  <nd ref="13236009467"/>
  <nd ref="13236009468"/>
  <nd ref="13236009469"/>
  <nd ref="13236009470"/>
  <nd ref="13236009476"/>
  <nd ref="13236009471"/>
  <nd ref="13236009472"/>
  <nd ref="13236009473"/>
  <nd ref="13236009474"/>
  <nd ref="13236011032"/>
  <nd ref="13236009475"/>
  <nd ref="13236011040"/>
  <nd ref="13236009465"/>
  <tag k="landuse" v="forest"/>
 </way>
 <way id="1442529936" visible="true" version="1" changeset="173348894" timestamp="2025-10-16T06:26:06Z" user="Falig44" uid="23098618">
  <nd ref="13236009466"/>
  <nd ref="13236009476"/>
  <nd ref="13236009470"/>
  <nd ref="13236009469"/>
  <nd ref="13236009468"/>
  <nd ref="13236009467"/>
  <nd ref="13236009466"/>
  <tag k="natural" v="scrub"/>
 </way>
 <way id="1442529937" visible="true" version="2" changeset="173626874" timestamp="2025-10-22T13:01:19Z" user="Falig44" uid="23098618">
  <nd ref="13236009477"/>
  <nd ref="13249881818"/>
  <nd ref="13034468056"/>
  <nd ref="13236011047"/>
  <nd ref="13236009478"/>
  <nd ref="13236009479"/>
  <nd ref="13236009477"/>
  <tag k="landuse" v="forest"/>
 </way>
 <way id="1442529938" visible="true" version="1" changeset="173348894" timestamp="2025-10-16T06:26:06Z" user="Falig44" uid="23098618">
  <nd ref="13236009484"/>
  <nd ref="13236009485"/>
  <nd ref="13236009486"/>
  <nd ref="13236009487"/>
  <nd ref="13236009488"/>
  <nd ref="13236009489"/>
  <nd ref="13236009490"/>
  <nd ref="13236009491"/>
  <nd ref="13236009492"/>
  <nd ref="13236009484"/>
  <tag k="landuse" v="forest"/>
 </way>
 <way id="1442529942" visible="true" version="1" changeset="173348894" timestamp="2025-10-16T06:26:06Z" user="Falig44" uid="23098618">
  <nd ref="13236011019"/>
  <nd ref="13236011020"/>
  <nd ref="13236011021"/>
  <nd ref="13236011022"/>
  <nd ref="13236011019"/>
  <tag k="landuse" v="residential"/>
 </way>
 <way id="1442529943" visible="true" version="1" changeset="173348894" timestamp="2025-10-16T06:26:06Z" user="Falig44" uid="23098618">
  <nd ref="13236011023"/>
  <nd ref="13236011024"/>
  <nd ref="13236011025"/>
  <nd ref="332306292"/>
  <tag k="highway" v="residential"/>
 </way>
 <way id="1442529944" visible="true" version="1" changeset="173348894" timestamp="2025-10-16T06:26:06Z" user="Falig44" uid="23098618">
  <nd ref="332307512"/>
  <nd ref="332307513"/>
  <nd ref="13236011027"/>
  <nd ref="332307510"/>
  <nd ref="332307511"/>
  <nd ref="332307512"/>
  <tag k="landuse" v="farmland"/>
 </way>
 <way id="1442529945" visible="true" version="1" changeset="173348894" timestamp="2025-10-16T06:26:06Z" user="Falig44" uid="23098618">
  <nd ref="13236011028"/>
  <nd ref="13236011029"/>
  <nd ref="13236011030"/>
  <nd ref="13236011031"/>
  <nd ref="13236009472"/>
  <nd ref="13236009473"/>
  <nd ref="13236009474"/>
  <nd ref="13236011032"/>
  <nd ref="13236011033"/>
  <nd ref="13236011028"/>
  <tag k="landuse" v="farmland"/>
 </way>
 <way id="1442529946" visible="true" version="1" changeset="173348894" timestamp="2025-10-16T06:26:06Z" user="Falig44" uid="23098618">
  <nd ref="13236011032"/>
  <nd ref="13236011033"/>
  <nd ref="13236011028"/>
  <tag k="barrier" v="hedge"/>
 </way>
 <way id="1442529949" visible="true" version="1" changeset="173348894" timestamp="2025-10-16T06:26:06Z" user="Falig44" uid="23098618">
  <nd ref="13236011036"/>
  <nd ref="13236011035"/>
  <nd ref="13236011038"/>
  <nd ref="13236011039"/>
  <nd ref="13236011033"/>
  <tag k="barrier" v="hedge"/>
 </way>
 <way id="1442529950" visible="true" version="1" changeset="173348894" timestamp="2025-10-16T06:26:06Z" user="Falig44" uid="23098618">
  <nd ref="13236011032"/>
  <nd ref="13236009475"/>
  <nd ref="13236011040"/>
  <nd ref="13236011041"/>
  <nd ref="13236011034"/>
  <nd ref="13236011035"/>
  <nd ref="13236011038"/>
  <nd ref="13236011039"/>
  <nd ref="13236011033"/>
  <nd ref="13236011032"/>
  <tag k="landuse" v="farmland"/>
 </way>
 <way id="1442529951" visible="true" version="1" changeset="173348894" timestamp="2025-10-16T06:26:06Z" user="Falig44" uid="23098618">
  <nd ref="13236011041"/>
  <nd ref="13236011040"/>
  <tag k="barrier" v="hedge"/>
 </way>
 <way id="1442529952" visible="true" version="2" changeset="173626874" timestamp="2025-10-22T13:01:19Z" user="Falig44" uid="23098618">
  <nd ref="13236011040"/>
  <nd ref="13236009465"/>
  <nd ref="13236009466"/>
  <nd ref="13236009476"/>
  <nd ref="13236009471"/>
  <nd ref="13249881830"/>
  <nd ref="13236011042"/>
  <nd ref="13236011043"/>
  <nd ref="13249881844"/>
  <nd ref="13236011044"/>
  <nd ref="13236011045"/>
  <nd ref="13236011046"/>
  <nd ref="13236011047"/>
  <nd ref="13236011048"/>
  <nd ref="12834682549"/>
  <nd ref="13236011049"/>
  <nd ref="13236011050"/>
  <nd ref="13236011051"/>
  <nd ref="13236011052"/>
  <nd ref="13236011053"/>
  <nd ref="13236011041"/>
  <nd ref="13236011040"/>
  <tag k="landuse" v="farmland"/>
 </way>
 <way id="1442529953" visible="true" version="2" changeset="173626874" timestamp="2025-10-22T13:01:19Z" user="Falig44" uid="23098618">
  <nd ref="13236009471"/>
  <nd ref="13249881830"/>
  <nd ref="13236011042"/>
  <nd ref="13236011043"/>
  <nd ref="13249881844"/>
  <nd ref="13236011044"/>
  <nd ref="13236011045"/>
  <nd ref="13236011046"/>
  <tag k="barrier" v="hedge"/>
 </way>
 <way id="1442529956" visible="true" version="1" changeset="173348894" timestamp="2025-10-16T06:26:06Z" user="Falig44" uid="23098618">
  <nd ref="13236011049"/>
  <nd ref="12834682549"/>
  <nd ref="13236011051"/>
  <nd ref="13236011050"/>
  <nd ref="13236011049"/>
  <tag k="landuse" v="residential"/>
 </way>
 <way id="1442529957" visible="true" version="1" changeset="173348894" timestamp="2025-10-16T06:26:06Z" user="Falig44" uid="23098618">
  <nd ref="13236011062"/>
  <nd ref="13236011063"/>
  <nd ref="332307514"/>
  <nd ref="332307516"/>
  <nd ref="332307517"/>
  <nd ref="332307518"/>
  <nd ref="332307519"/>
  <nd ref="332307520"/>
  <nd ref="13236011062"/>
  <tag k="landuse" v="farmland"/>
 </way>
 <way id="1442529958" visible="true" version="1" changeset="173348894" timestamp="2025-10-16T06:26:06Z" user="Falig44" uid="23098618">
  <nd ref="13236011062"/>
  <nd ref="332307521"/>
  <nd ref="332307522"/>
  <nd ref="332307318"/>
  <nd ref="13236011064"/>
  <nd ref="13236011063"/>
  <nd ref="13236011062"/>
  <tag k="landuse" v="farmland"/>
 </way>
 <way id="1442529959" visible="true" version="1" changeset="173348894" timestamp="2025-10-16T06:26:06Z" user="Falig44" uid="23098618">
  <nd ref="13236011063"/>
  <nd ref="13236011062"/>
  <tag k="barrier" v="hedge"/>
 </way>
 <way id="1442529960" visible="true" version="1" changeset="173348894" timestamp="2025-10-16T06:26:06Z" user="Falig44" uid="23098618">
  <nd ref="13236011064"/>
  <nd ref="13236011063"/>
  <nd ref="332307514"/>
  <tag k="barrier" v="hedge"/>
 </way>
 <way id="1442529961" visible="true" version="1" changeset="173348894" timestamp="2025-10-16T06:26:06Z" user="Falig44" uid="23098618">
  <nd ref="13236011064"/>
  <nd ref="332307318"/>
  <tag k="barrier" v="hedge"/>
 </way>
 <way id="1442529962" visible="true" version="1" changeset="173348894" timestamp="2025-10-16T06:26:06Z" user="Falig44" uid="23098618">
  <nd ref="332307323"/>
  <nd ref="331221992"/>
  <nd ref="13236011070"/>
  <nd ref="332307328"/>
  <nd ref="332307327"/>
  <nd ref="332307326"/>
  <nd ref="332307325"/>
  <nd ref="13236011071"/>
  <nd ref="332307324"/>
  <nd ref="332307323"/>
  <tag k="landuse" v="farmland"/>
 </way>
 <way id="1442529963" visible="true" version="1" changeset="173348894" timestamp="2025-10-16T06:26:06Z" user="Falig44" uid="23098618">
  <nd ref="13236011071"/>
  <nd ref="13236011072"/>
  <tag k="barrier" v="hedge"/>
 </way>
 <way id="1442529964" visible="true" version="1" changeset="173348894" timestamp="2025-10-16T06:26:06Z" user="Falig44" uid="23098618">
  <nd ref="332307323"/>
  <nd ref="331221992"/>
  <nd ref="13236011070"/>
  <nd ref="332307328"/>
  <tag k="barrier" v="hedge"/>
 </way>
 <way id="1442529965" visible="true" version="2" changeset="173627556" timestamp="2025-10-22T13:17:23Z" user="Falig44" uid="23098618">
  <nd ref="13236011073"/>
  <nd ref="13236011074"/>
  <nd ref="13236011075"/>
  <nd ref="13249906363"/>
  <nd ref="13236011076"/>
  <nd ref="13236011077"/>
  <nd ref="13236011078"/>
  <nd ref="13236011079"/>
  <nd ref="13236011080"/>
  <nd ref="13236011081"/>
  <nd ref="13236011082"/>
  <nd ref="13236011083"/>
  <nd ref="13236011084"/>
  <nd ref="13234988551"/>
  <nd ref="13234988552"/>
  <nd ref="13236011073"/>
  <tag k="landuse" v="farmland"/>
 </way>
 <way id="1442529966" visible="true" version="1" changeset="173348894" timestamp="2025-10-16T06:26:06Z" user="Falig44" uid="23098618">
  <nd ref="13236011085"/>
  <nd ref="13236011086"/>
  <tag k="barrier" v="hedge"/>
 </way>
 <way id="1443938003" visible="true" version="1" changeset="173626874" timestamp="2025-10-22T13:01:19Z" user="Falig44" uid="23098618">
  <nd ref="13236011055"/>
  <nd ref="13236011054"/>
  <nd ref="13236009478"/>
  <nd ref="13236009479"/>
  <nd ref="13236009477"/>
  <nd ref="13249881816"/>
  <nd ref="13249881817"/>
  <nd ref="13236011055"/>
  <tag k="landuse" v="farmland"/>
 </way>
 <way id="1443938004" visible="true" version="2" changeset="173627556" timestamp="2025-10-22T13:17:23Z" user="Falig44" uid="23098618">
  <nd ref="13249881818"/>
  <nd ref="13249881819"/>
  <nd ref="13249881820"/>
  <nd ref="13249881821"/>
  <nd ref="13249881822"/>
  <nd ref="13249906319"/>
  <nd ref="13249881823"/>
  <nd ref="13249881816"/>
  <nd ref="13236009477"/>
  <nd ref="13249881818"/>
  <tag k="landuse" v="farmland"/>
 </way>
 <way id="1443938005" visible="true" version="2" changeset="173627556" timestamp="2025-10-22T13:17:23Z" user="Falig44" uid="23098618">
  <nd ref="13249881822"/>
  <nd ref="13249906319"/>
  <nd ref="13249881823"/>
  <nd ref="13249881824"/>
  <nd ref="13249881817"/>
  <tag k="barrier" v="hedge"/>
 </way>
 <way id="1443938007" visible="true" version="1" changeset="173626874" timestamp="2025-10-22T13:01:19Z" user="Falig44" uid="23098618">
  <nd ref="13249881825"/>
  <nd ref="13249881833"/>
  <nd ref="13249881826"/>
  <nd ref="13249881827"/>
  <nd ref="13249881828"/>
  <nd ref="13236011042"/>
  <nd ref="13249881830"/>
  <nd ref="13236009471"/>
  <nd ref="13236009472"/>
  <nd ref="13236011031"/>
  <nd ref="13236011030"/>
  <nd ref="13249881829"/>
  <nd ref="13249881825"/>
  <tag k="landuse" v="meadow"/>
 </way>
 <way id="1443938008" visible="true" version="1" changeset="173626874" timestamp="2025-10-22T13:01:19Z" user="Falig44" uid="23098618">
  <nd ref="13236011042"/>
  <nd ref="13249881828"/>
  <nd ref="13249881827"/>
  <tag k="barrier" v="hedge"/>
 </way>
 <way id="1443938009" visible="true" version="1" changeset="173626874" timestamp="2025-10-22T13:01:19Z" user="Falig44" uid="23098618">
  <nd ref="13249881830"/>
  <nd ref="13249881831"/>
  <tag k="barrier" v="hedge"/>
 </way>
 <way id="1443938010" visible="true" version="1" changeset="173626874" timestamp="2025-10-22T13:01:19Z" user="Falig44" uid="23098618">
  <nd ref="13236009472"/>
  <nd ref="13236011031"/>
  <nd ref="13249881831"/>
  <nd ref="13249881834"/>
  <nd ref="13249881835"/>
  <nd ref="13249881832"/>
  <nd ref="13249881833"/>
  <tag k="barrier" v="hedge"/>
 </way>
 <way id="1443938011" visible="true" version="1" changeset="173626874" timestamp="2025-10-22T13:01:19Z" user="Falig44" uid="23098618">
  <nd ref="13249881828"/>
  <nd ref="13249881834"/>
  <tag k="barrier" v="hedge"/>
 </way>
 <way id="1443938012" visible="true" version="1" changeset="173626874" timestamp="2025-10-22T13:01:19Z" user="Falig44" uid="23098618">
  <nd ref="13249881835"/>
  <nd ref="13249881836"/>
  <tag k="barrier" v="hedge"/>
 </way>
 <way id="1443938013" visible="true" version="1" changeset="173626874" timestamp="2025-10-22T13:01:19Z" user="Falig44" uid="23098618">
  <nd ref="13236011031"/>
  <nd ref="13236011030"/>
  <nd ref="13249881829"/>
  <tag k="barrier" v="hedge"/>
 </way>
 <way id="1443938014" visible="true" version="1" changeset="173626874" timestamp="2025-10-22T13:01:19Z" user="Falig44" uid="23098618">
  <nd ref="13249881841"/>
  <nd ref="13249881842"/>
  <nd ref="13249881843"/>
  <nd ref="13249881844"/>
  <nd ref="13236011043"/>
  <nd ref="13236011042"/>
  <nd ref="13249881828"/>
  <nd ref="13249881839"/>
  <nd ref="13249881838"/>
  <nd ref="13249881845"/>
  <nd ref="13249881841"/>
  <tag k="landuse" v="meadow"/>
 </way>
 <way id="1443938015" visible="true" version="1" changeset="173626874" timestamp="2025-10-22T13:01:19Z" user="Falig44" uid="23098618">
  <nd ref="13249881841"/>
  <nd ref="13249881846"/>
  <nd ref="13249881847"/>
  <nd ref="13249881848"/>
  <nd ref="13249881849"/>
  <nd ref="13236011046"/>
  <nd ref="13236011045"/>
  <nd ref="13236011044"/>
  <nd ref="13249881844"/>
  <nd ref="13249881843"/>
  <nd ref="13249881842"/>
  <nd ref="13249881841"/>
  <tag k="landuse" v="farmland"/>
 </way>
 <way id="1443938016" visible="true" version="1" changeset="173626874" timestamp="2025-10-22T13:01:19Z" user="Falig44" uid="23098618">
  <nd ref="4535743765"/>
  <nd ref="13249881850"/>
  <nd ref="13249881851"/>
  <nd ref="13249881852"/>
  <nd ref="13249881864"/>
  <nd ref="13249881853"/>
  <nd ref="13249881854"/>
  <nd ref="13249881855"/>
  <nd ref="4535743769"/>
  <nd ref="4535743767"/>
  <nd ref="4535743766"/>
  <nd ref="4535743765"/>
  <tag k="landuse" v="farmland"/>
 </way>
 <way id="1443938017" visible="true" version="1" changeset="173626874" timestamp="2025-10-22T13:01:19Z" user="Falig44" uid="23098618">
  <nd ref="4535743764"/>
  <nd ref="13249881865"/>
  <nd ref="13249881856"/>
  <nd ref="13249881892"/>
  <nd ref="13249881852"/>
  <nd ref="13249881851"/>
  <nd ref="13249881850"/>
  <nd ref="4535743764"/>
  <tag k="landuse" v="meadow"/>
 </way>
 <way id="1443938018" visible="true" version="1" changeset="173626874" timestamp="2025-10-22T13:01:19Z" user="Falig44" uid="23098618">
  <nd ref="13249881857"/>
  <nd ref="13249881893"/>
  <nd ref="13249881898"/>
  <nd ref="13249881858"/>
  <nd ref="13249881859"/>
  <nd ref="13249881860"/>
  <nd ref="13249881861"/>
  <nd ref="13249881857"/>
  <tag k="landuse" v="residential"/>
 </way>
 <way id="1443938019" visible="true" version="3" changeset="173629445" timestamp="2025-10-22T13:58:15Z" user="Falig44" uid="23098618">
  <nd ref="13249881862"/>
  <nd ref="13249881863"/>
  <nd ref="13249881890"/>
  <nd ref="13249881864"/>
  <nd ref="13249881852"/>
  <nd ref="13249881892"/>
  <nd ref="13249881856"/>
  <nd ref="13249881865"/>
  <nd ref="13249881866"/>
  <nd ref="13249881867"/>
  <nd ref="13249881868"/>
  <nd ref="13249881869"/>
  <nd ref="13249881870"/>
  <nd ref="13236009482"/>
  <nd ref="13249881871"/>
  <nd ref="13249906306"/>
  <nd ref="13249881872"/>
  <nd ref="13249881873"/>
  <nd ref="13249881874"/>
  <nd ref="13249881875"/>
  <nd ref="13249965424"/>
  <nd ref="13249881876"/>
  <nd ref="13249965417"/>
  <nd ref="13236009486"/>
  <nd ref="13236009487"/>
  <nd ref="13249881877"/>
  <nd ref="13249881878"/>
  <nd ref="13249881879"/>
  <nd ref="13249881880"/>
  <nd ref="13249881881"/>
  <nd ref="13249881882"/>
  <nd ref="13249881883"/>
  <nd ref="13249881884"/>
  <nd ref="13249881885"/>
  <nd ref="13249881891"/>
  <nd ref="13249881862"/>
  <tag k="landuse" v="residential"/>
 </way>
 <way id="1443938020" visible="true" version="1" changeset="173626874" timestamp="2025-10-22T13:01:19Z" user="Falig44" uid="23098618">
  <nd ref="13249881883"/>
  <nd ref="13249881886"/>
  <nd ref="13249881862"/>
  <nd ref="13249881891"/>
  <nd ref="13249881885"/>
  <nd ref="13249881884"/>
  <nd ref="13249881883"/>
  <tag k="landuse" v="meadow"/>
 </way>
 <way id="1443938021" visible="true" version="1" changeset="173626874" timestamp="2025-10-22T13:01:19Z" user="Falig44" uid="23098618">
  <nd ref="13249881886"/>
  <nd ref="13249881887"/>
  <nd ref="13249881888"/>
  <nd ref="13249881889"/>
  <nd ref="13249881890"/>
  <nd ref="13249881863"/>
  <nd ref="13249881862"/>
  <nd ref="13249881886"/>
  <tag k="landuse" v="meadow"/>
 </way>
 <way id="1443938022" visible="true" version="1" changeset="173626874" timestamp="2025-10-22T13:01:19Z" user="Falig44" uid="23098618">
  <nd ref="13249881862"/>
  <nd ref="13249881863"/>
  <nd ref="13249881890"/>
  <tag k="barrier" v="hedge"/>
 </way>
 <way id="1443938023" visible="true" version="1" changeset="173626874" timestamp="2025-10-22T13:01:19Z" user="Falig44" uid="23098618">
  <nd ref="13249881890"/>
  <nd ref="13249881891"/>
  <nd ref="13249881892"/>
  <nd ref="13249881852"/>
  <nd ref="13249881853"/>
  <nd ref="13249881854"/>
  <nd ref="13249881857"/>
  <nd ref="13249881893"/>
  <nd ref="13249881889"/>
  <nd ref="13249881890"/>
  <tag k="landuse" v="forest"/>
 </way>
 <way id="1443938024" visible="true" version="1" changeset="173626874" timestamp="2025-10-22T13:01:19Z" user="Falig44" uid="23098618">
  <nd ref="13249881858"/>
  <nd ref="13249881894"/>
  <nd ref="13249881895"/>
  <nd ref="13249881896"/>
  <nd ref="13249881897"/>
  <nd ref="13249881859"/>
  <nd ref="13249881858"/>
  <tag k="landuse" v="meadow"/>
 </way>
 <way id="1443938025" visible="true" version="1" changeset="173626874" timestamp="2025-10-22T13:01:19Z" user="Falig44" uid="23098618">
  <nd ref="13249881859"/>
  <nd ref="13249881897"/>
  <nd ref="13249881896"/>
  <tag k="barrier" v="hedge"/>
 </way>
 <way id="1443938026" visible="true" version="1" changeset="173626874" timestamp="2025-10-22T13:01:19Z" user="Falig44" uid="23098618">
  <nd ref="13249881898"/>
  <nd ref="13249881858"/>
  <nd ref="13249881894"/>
  <tag k="barrier" v="hedge"/>
 </way>
 <way id="1443938027" visible="true" version="1" changeset="173626874" timestamp="2025-10-22T13:01:19Z" user="Falig44" uid="23098618">
  <nd ref="13249881888"/>
  <nd ref="13249881887"/>
  <nd ref="13249881886"/>
  <tag k="barrier" v="hedge"/>
 </way>
 <way id="1443938028" visible="true" version="1" changeset="173626874" timestamp="2025-10-22T13:01:19Z" user="Falig44" uid="23098618">
  <nd ref="13249881886"/>
  <nd ref="13249881883"/>
  <nd ref="13249881882"/>
  <nd ref="13249881881"/>
  <tag k="barrier" v="hedge"/>
 </way>
 <way id="1443938029" visible="true" version="1" changeset="173626874" timestamp="2025-10-22T13:01:19Z" user="Falig44" uid="23098618">
  <nd ref="13249881888"/>
  <nd ref="13249881899"/>
  <nd ref="13249881900"/>
  <nd ref="13249881887"/>
  <nd ref="13249881888"/>
  <tag k="landuse" v="meadow"/>
 </way>
 <way id="1443938030" visible="true" version="1" changeset="173626874" timestamp="2025-10-22T13:01:19Z" user="Falig44" uid="23098618">
  <nd ref="13249881899"/>
  <nd ref="13249881900"/>
  <nd ref="13249881887"/>
  <tag k="barrier" v="hedge"/>
 </way>
 <way id="1443938031" visible="true" version="1" changeset="173626874" timestamp="2025-10-22T13:01:19Z" user="Falig44" uid="23098618">
  <nd ref="13249881900"/>
  <nd ref="13249881901"/>
  <nd ref="13249881902"/>
  <nd ref="13249881903"/>
  <nd ref="13249881899"/>
  <tag k="barrier" v="hedge"/>
 </way>
 <way id="1443938032" visible="true" version="1" changeset="173626874" timestamp="2025-10-22T13:01:19Z" user="Falig44" uid="23098618">
  <nd ref="13249881902"/>
  <nd ref="13249881901"/>
  <nd ref="13249881900"/>
  <nd ref="13249881899"/>
  <nd ref="13249881903"/>
  <nd ref="13249881902"/>
  <tag k="landuse" v="meadow"/>
 </way>
 <way id="1443940595" visible="true" version="1" changeset="173627556" timestamp="2025-10-22T13:17:23Z" user="Falig44" uid="23098618">
  <nd ref="13249881869"/>
  <nd ref="13249881870"/>
  <nd ref="13236009483"/>
  <nd ref="4535743760"/>
  <nd ref="4535743761"/>
  <nd ref="4535743762"/>
  <nd ref="4535743763"/>
  <nd ref="4535743764"/>
  <nd ref="13249881865"/>
  <nd ref="13249881866"/>
  <nd ref="13249881867"/>
  <nd ref="13249881868"/>
  <nd ref="13249881869"/>
  <tag k="landuse" v="farmland"/>
 </way>
 <way id="1443940596" visible="true" version="1" changeset="173627556" timestamp="2025-10-22T13:17:23Z" user="Falig44" uid="23098618">
  <nd ref="13249881880"/>
  <nd ref="13249881879"/>
  <nd ref="13236009492"/>
  <nd ref="13236009484"/>
  <nd ref="13249906301"/>
  <nd ref="13249906302"/>
  <nd ref="13249881902"/>
  <nd ref="13249881901"/>
  <nd ref="13249881900"/>
  <nd ref="13249881887"/>
  <nd ref="13249881886"/>
  <nd ref="13249881883"/>
  <nd ref="13249881882"/>
  <nd ref="13249881881"/>
  <nd ref="13249881880"/>
  <tag k="landuse" v="farmland"/>
 </way>
 <way id="1443940597" visible="true" version="1" changeset="173627556" timestamp="2025-10-22T13:17:23Z" user="Falig44" uid="23098618">
  <nd ref="13236009492"/>
  <nd ref="13236009491"/>
  <nd ref="13236009490"/>
  <nd ref="13236009489"/>
  <nd ref="13236009488"/>
  <nd ref="13236009487"/>
  <nd ref="13249881877"/>
  <nd ref="13249881878"/>
  <nd ref="13249881879"/>
  <nd ref="13236009492"/>
  <tag k="landuse" v="meadow"/>
 </way>
 <way id="1443940598" visible="true" version="1" changeset="173627556" timestamp="2025-10-22T13:17:23Z" user="Falig44" uid="23098618">
  <nd ref="13249881875"/>
  <nd ref="13249906303"/>
  <nd ref="13249906304"/>
  <nd ref="4535743853"/>
  <nd ref="4535743854"/>
  <nd ref="13249881872"/>
  <nd ref="13249881873"/>
  <nd ref="13249881874"/>
  <nd ref="13249881875"/>
  <tag k="landuse" v="meadow"/>
 </way>
 <way id="1443940599" visible="true" version="1" changeset="173627556" timestamp="2025-10-22T13:17:23Z" user="Falig44" uid="23098618">
  <nd ref="4535743854"/>
  <nd ref="4535743856"/>
  <nd ref="13249906305"/>
  <nd ref="13236009481"/>
  <nd ref="13249906306"/>
  <nd ref="13249881872"/>
  <nd ref="4535743854"/>
  <tag k="landuse" v="meadow"/>
 </way>
 <way id="1443940600" visible="true" version="1" changeset="173627556" timestamp="2025-10-22T13:17:23Z" user="Falig44" uid="23098618">
  <nd ref="13249881873"/>
  <nd ref="13249881872"/>
  <tag k="barrier" v="hedge"/>
 </way>
 <way id="1443940601" visible="true" version="1" changeset="173627556" timestamp="2025-10-22T13:17:23Z" user="Falig44" uid="23098618">
  <nd ref="13249906303"/>
  <nd ref="13249906304"/>
  <tag k="barrier" v="hedge"/>
 </way>
 <way id="1443940602" visible="true" version="1" changeset="173627556" timestamp="2025-10-22T13:17:23Z" user="Falig44" uid="23098618">
  <nd ref="13249906305"/>
  <nd ref="13249906307"/>
  <nd ref="4535743758"/>
  <nd ref="4535743759"/>
  <nd ref="13236009480"/>
  <nd ref="13236009481"/>
  <nd ref="13249906305"/>
  <tag k="landuse" v="meadow"/>
 </way>
 <way id="1443940603" visible="true" version="1" changeset="173627556" timestamp="2025-10-22T13:17:23Z" user="Falig44" uid="23098618">
  <nd ref="13236009481"/>
  <nd ref="13249906305"/>
  <nd ref="13249906307"/>
  <tag k="barrier" v="hedge"/>
 </way>
 <way id="1443940604" visible="true" version="1" changeset="173627556" timestamp="2025-10-22T13:17:23Z" user="Falig44" uid="23098618">
  <nd ref="4535743856"/>
  <nd ref="13249906308"/>
  <tag k="barrier" v="hedge"/>
 </way>
 <way id="1443940605" visible="true" version="1" changeset="173627556" timestamp="2025-10-22T13:17:23Z" user="Falig44" uid="23098618">
  <nd ref="13249906307"/>
  <nd ref="13249906308"/>
  <nd ref="13249906309"/>
  <nd ref="13249906310"/>
  <nd ref="13249906311"/>
  <tag k="barrier" v="hedge"/>
 </way>
 <way id="1443940606" visible="true" version="1" changeset="173627556" timestamp="2025-10-22T13:17:23Z" user="Falig44" uid="23098618">
  <nd ref="4535743758"/>
  <nd ref="13249906307"/>
  <tag k="barrier" v="hedge"/>
 </way>
 <way id="1443940607" visible="true" version="1" changeset="173627556" timestamp="2025-10-22T13:17:23Z" user="Falig44" uid="23098618">
  <nd ref="13249906305"/>
  <nd ref="4535743856"/>
  <tag k="barrier" v="hedge"/>
 </way>
 <way id="1443940608" visible="true" version="1" changeset="173627556" timestamp="2025-10-22T13:17:23Z" user="Falig44" uid="23098618">
  <nd ref="4535743856"/>
  <nd ref="13249906308"/>
  <nd ref="13249906307"/>
  <nd ref="13249906305"/>
  <nd ref="4535743856"/>
  <tag k="landuse" v="meadow"/>
 </way>
 <way id="1443940609" visible="true" version="1" changeset="173627556" timestamp="2025-10-22T13:17:23Z" user="Falig44" uid="23098618">
  <nd ref="4535743863"/>
  <nd ref="4535743864"/>
  <nd ref="13249906311"/>
  <nd ref="13249906310"/>
  <nd ref="13249906309"/>
  <nd ref="13249906308"/>
  <nd ref="4535743856"/>
  <nd ref="4535743857"/>
  <nd ref="4535743858"/>
  <nd ref="4535743860"/>
  <nd ref="4535743862"/>
  <nd ref="4535743863"/>
  <tag k="landuse" v="meadow"/>
 </way>
 <way id="1443940610" visible="true" version="1" changeset="173627556" timestamp="2025-10-22T13:17:23Z" user="Falig44" uid="23098618">
  <nd ref="13249906311"/>
  <nd ref="13249906312"/>
  <nd ref="13249906313"/>
  <nd ref="4535743758"/>
  <nd ref="13249906307"/>
  <nd ref="13249906308"/>
  <nd ref="13249906309"/>
  <nd ref="13249906310"/>
  <nd ref="13249906311"/>
  <tag k="landuse" v="farmland"/>
 </way>
 <way id="1443940612" visible="true" version="1" changeset="173627556" timestamp="2025-10-22T13:17:23Z" user="Falig44" uid="23098618">
  <nd ref="13249906315"/>
  <nd ref="13249906316"/>
  <nd ref="13249906317"/>
  <nd ref="13249906318"/>
  <nd ref="13249906319"/>
  <nd ref="13249881823"/>
  <nd ref="13249881824"/>
  <nd ref="13249881817"/>
  <nd ref="13249906315"/>
  <tag k="landuse" v="farmland"/>
 </way>
 <way id="1443940613" visible="true" version="1" changeset="173627556" timestamp="2025-10-22T13:17:23Z" user="Falig44" uid="23098618">
  <nd ref="13249906320"/>
  <nd ref="13249906321"/>
  <nd ref="13249906322"/>
  <nd ref="13249906323"/>
  <nd ref="13249906324"/>
  <nd ref="13249906325"/>
  <nd ref="13249906320"/>
  <tag k="landuse" v="farmland"/>
 </way>
 <way id="1443940614" visible="true" version="1" changeset="173627556" timestamp="2025-10-22T13:17:23Z" user="Falig44" uid="23098618">
  <nd ref="13249906320"/>
  <nd ref="13249906321"/>
  <nd ref="13249906326"/>
  <tag k="barrier" v="hedge"/>
 </way>
 <way id="1443940616" visible="true" version="1" changeset="173627556" timestamp="2025-10-22T13:17:23Z" user="Falig44" uid="23098618">
  <nd ref="13249906321"/>
  <nd ref="13249906326"/>
  <nd ref="13249906331"/>
  <nd ref="13249906327"/>
  <nd ref="13249906322"/>
  <nd ref="13249906321"/>
  <tag k="landuse" v="farmland"/>
 </way>
 <way id="1443940617" visible="true" version="1" changeset="173627556" timestamp="2025-10-22T13:17:23Z" user="Falig44" uid="23098618">
  <nd ref="13249906320"/>
  <nd ref="13249906328"/>
  <nd ref="13249906329"/>
  <nd ref="13249906330"/>
  <nd ref="13249881861"/>
  <nd ref="13249906326"/>
  <nd ref="13249906321"/>
  <nd ref="13249906320"/>
  <tag k="landuse" v="farmland"/>
 </way>
 <way id="1443940618" visible="true" version="1" changeset="173627556" timestamp="2025-10-22T13:17:23Z" user="Falig44" uid="23098618">
  <nd ref="13249906331"/>
  <nd ref="13249906326"/>
  <nd ref="13249881861"/>
  <tag k="barrier" v="hedge"/>
 </way>
 <way id="1443940619" visible="true" version="1" changeset="173627556" timestamp="2025-10-22T13:17:23Z" user="Falig44" uid="23098618">
  <nd ref="13249881860"/>
  <nd ref="13249906332"/>
  <nd ref="13249906333"/>
  <nd ref="13249906336"/>
  <nd ref="11422776513"/>
  <nd ref="13249906331"/>
  <nd ref="13249906326"/>
  <nd ref="13249881861"/>
  <nd ref="13249881860"/>
  <tag k="landuse" v="farmland"/>
 </way>
 <way id="1443940620" visible="true" version="1" changeset="173627556" timestamp="2025-10-22T13:17:23Z" user="Falig44" uid="23098618">
  <nd ref="13249906333"/>
  <nd ref="13249906334"/>
  <nd ref="13249906335"/>
  <nd ref="13249906336"/>
  <nd ref="13249906333"/>
  <tag k="landuse" v="meadow"/>
 </way>
 <way id="1443940621" visible="true" version="1" changeset="173627556" timestamp="2025-10-22T13:17:23Z" user="Falig44" uid="23098618">
  <nd ref="13249906334"/>
  <nd ref="13249906333"/>
  <nd ref="13249906332"/>
  <nd ref="13249881860"/>
  <tag k="barrier" v="hedge"/>
 </way>
 <way id="1443940622" visible="true" version="1" changeset="173627556" timestamp="2025-10-22T13:17:23Z" user="Falig44" uid="23098618">
  <nd ref="13249906332"/>
  <nd ref="13249906337"/>
  <nd ref="13249906340"/>
  <nd ref="13249906338"/>
  <tag k="barrier" v="hedge"/>
 </way>
 <way id="1443940623" visible="true" version="1" changeset="173627556" timestamp="2025-10-22T13:17:23Z" user="Falig44" uid="23098618">
  <nd ref="13249906338"/>
  <nd ref="13249906339"/>
  <nd ref="13249881896"/>
  <nd ref="13249881897"/>
  <nd ref="13249881859"/>
  <nd ref="13249881860"/>
  <nd ref="13249906332"/>
  <nd ref="13249906340"/>
  <nd ref="13249906338"/>
  <tag k="landuse" v="farmland"/>
 </way>
 <way id="1443940624" visible="true" version="1" changeset="173627556" timestamp="2025-10-22T13:17:23Z" user="Falig44" uid="23098618">
  <nd ref="13249906341"/>
  <nd ref="13249906342"/>
  <nd ref="13249906357"/>
  <nd ref="13249906350"/>
  <nd ref="13249906343"/>
  <nd ref="13249906344"/>
  <nd ref="13249906345"/>
  <nd ref="13249906346"/>
  <nd ref="13249906341"/>
  <tag k="landuse" v="farmland"/>
 </way>
 <way id="1443940625" visible="true" version="1" changeset="173627556" timestamp="2025-10-22T13:17:23Z" user="Falig44" uid="23098618">
  <nd ref="13249906344"/>
  <nd ref="13249906343"/>
  <nd ref="13249906350"/>
  <nd ref="13249906357"/>
  <nd ref="13249906342"/>
  <tag k="barrier" v="hedge"/>
 </way>
 <way id="1443940626" visible="true" version="1" changeset="173627556" timestamp="2025-10-22T13:17:23Z" user="Falig44" uid="23098618">
  <nd ref="13249906343"/>
  <nd ref="13249906347"/>
  <nd ref="13249906348"/>
  <nd ref="13249906349"/>
  <nd ref="4535743751"/>
  <nd ref="4535743750"/>
  <nd ref="4535743735"/>
  <nd ref="13249906344"/>
  <nd ref="13249906343"/>
  <tag k="landuse" v="farmland"/>
 </way>
 <way id="1443940627" visible="true" version="1" changeset="173627556" timestamp="2025-10-22T13:17:23Z" user="Falig44" uid="23098618">
  <nd ref="13249906350"/>
  <nd ref="13249906351"/>
  <nd ref="13249906352"/>
  <nd ref="13249906354"/>
  <nd ref="13249906353"/>
  <nd ref="4535743757"/>
  <nd ref="4535743756"/>
  <nd ref="4535743755"/>
  <nd ref="4535743754"/>
  <nd ref="4535743753"/>
  <nd ref="4535743752"/>
  <nd ref="13249906347"/>
  <nd ref="13249906350"/>
  <tag k="landuse" v="farmland"/>
 </way>
 <way id="1443940628" visible="true" version="1" changeset="173627556" timestamp="2025-10-22T13:17:23Z" user="Falig44" uid="23098618">
  <nd ref="13249906347"/>
  <nd ref="13249906343"/>
  <tag k="barrier" v="hedge"/>
 </way>
 <way id="1443940629" visible="true" version="1" changeset="173627556" timestamp="2025-10-22T13:17:23Z" user="Falig44" uid="23098618">
  <nd ref="13249906354"/>
  <nd ref="13249906352"/>
  <nd ref="13249906351"/>
  <tag k="barrier" v="hedge"/>
 </way>
 <way id="1443940630" visible="true" version="1" changeset="173627556" timestamp="2025-10-22T13:17:23Z" user="Falig44" uid="23098618">
  <nd ref="13249906350"/>
  <nd ref="13249906351"/>
  <nd ref="13249906355"/>
  <nd ref="13249906356"/>
  <tag k="barrier" v="hedge"/>
 </way>
 <way id="1443940631" visible="true" version="1" changeset="173627556" timestamp="2025-10-22T13:17:23Z" user="Falig44" uid="23098618">
  <nd ref="13249906357"/>
  <nd ref="13249906358"/>
  <nd ref="13249906359"/>
  <nd ref="13249906360"/>
  <nd ref="13249906361"/>
  <nd ref="13249906364"/>
  <nd ref="13249906377"/>
  <nd ref="13249906391"/>
  <nd ref="13249906362"/>
  <nd ref="13249906392"/>
  <nd ref="13249906381"/>
  <nd ref="13236011075"/>
  <nd ref="13249906363"/>
  <nd ref="13249906346"/>
  <nd ref="13249906342"/>
  <nd ref="13249906357"/>
  <tag k="landuse" v="forest"/>
 </way>
 <way id="1443940632" visible="true" version="1" changeset="173627556" timestamp="2025-10-22T13:17:23Z" user="Falig44" uid="23098618">
  <nd ref="13249906357"/>
  <nd ref="13249906358"/>
  <nd ref="13249906359"/>
  <nd ref="13249906360"/>
  <nd ref="13249906312"/>
  <nd ref="13249906313"/>
  <nd ref="4535743758"/>
  <nd ref="13249906353"/>
  <nd ref="13249906352"/>
  <nd ref="13249906351"/>
  <nd ref="13249906350"/>
  <nd ref="13249906357"/>
  <tag k="landuse" v="farmland"/>
 </way>
 <way id="1443940633" visible="true" version="1" changeset="173627556" timestamp="2025-10-22T13:17:23Z" user="Falig44" uid="23098618">
  <nd ref="13249906364"/>
  <nd ref="13249906365"/>
  <nd ref="13249906366"/>
  <nd ref="13249906367"/>
  <nd ref="13249906368"/>
  <nd ref="4535743868"/>
  <nd ref="4535743867"/>
  <nd ref="4535743866"/>
  <nd ref="4535743865"/>
  <nd ref="13249906361"/>
  <nd ref="13249906364"/>
  <tag k="landuse" v="farmland"/>
 </way>
 <way id="1443940634" visible="true" version="1" changeset="173627556" timestamp="2025-10-22T13:17:23Z" user="Falig44" uid="23098618">
  <nd ref="13249906369"/>
  <nd ref="13249906373"/>
  <nd ref="13249906370"/>
  <nd ref="4535743870"/>
  <nd ref="4535743871"/>
  <nd ref="4535743872"/>
  <nd ref="4535743873"/>
  <nd ref="4535743874"/>
  <nd ref="4535743875"/>
  <nd ref="4535743876"/>
  <nd ref="4535743877"/>
  <nd ref="4535743878"/>
  <nd ref="332307828"/>
  <nd ref="332307829"/>
  <nd ref="2093642205"/>
  <nd ref="332307830"/>
  <nd ref="332307831"/>
  <nd ref="13249906369"/>
  <tag k="landuse" v="meadow"/>
 </way>
 <way id="1443940635" visible="true" version="2" changeset="173628783" timestamp="2025-10-22T13:44:18Z" user="Falig44" uid="23098618">
  <nd ref="13249906372"/>
  <nd ref="13249932272"/>
  <nd ref="4535743810"/>
  <tag k="barrier" v="hedge"/>
 </way>
 <way id="1443940636" visible="true" version="2" changeset="173628783" timestamp="2025-10-22T13:44:18Z" user="Falig44" uid="23098618">
  <nd ref="4535743810"/>
  <nd ref="4535743811"/>
  <nd ref="4535743812"/>
  <nd ref="13249906369"/>
  <nd ref="13249906373"/>
  <nd ref="13249906372"/>
  <nd ref="13249932272"/>
  <nd ref="4535743810"/>
  <tag k="landuse" v="farmland"/>
 </way>
 <way id="1443940637" visible="true" version="1" changeset="173627556" timestamp="2025-10-22T13:17:23Z" user="Falig44" uid="23098618">
  <nd ref="13249906374"/>
  <nd ref="13249906375"/>
  <nd ref="13249906376"/>
  <nd ref="13249906371"/>
  <nd ref="4535743869"/>
  <nd ref="13249906368"/>
  <nd ref="13249906367"/>
  <nd ref="13249906374"/>
  <tag k="landuse" v="meadow"/>
 </way>
 <way id="1443940638" visible="true" version="1" changeset="173627556" timestamp="2025-10-22T13:17:23Z" user="Falig44" uid="23098618">
  <nd ref="13249906377"/>
  <nd ref="13249906378"/>
  <nd ref="13249906379"/>
  <nd ref="13249906393"/>
  <nd ref="13249906380"/>
  <nd ref="13249906374"/>
  <nd ref="13249906367"/>
  <nd ref="13249906366"/>
  <nd ref="13249906365"/>
  <nd ref="13249906364"/>
  <nd ref="13249906377"/>
  <tag k="landuse" v="meadow"/>
 </way>
 <way id="1443940639" visible="true" version="1" changeset="173627556" timestamp="2025-10-22T13:17:23Z" user="Falig44" uid="23098618">
  <nd ref="13249906381"/>
  <nd ref="13249906382"/>
  <nd ref="13249906383"/>
  <nd ref="13249906384"/>
  <nd ref="13249906385"/>
  <nd ref="13249906386"/>
  <nd ref="13249906387"/>
  <nd ref="13249906388"/>
  <nd ref="13249906389"/>
  <nd ref="13249906390"/>
  <nd ref="13249906391"/>
  <nd ref="13249906392"/>
  <nd ref="13249906381"/>
  <tag k="landuse" v="farmland"/>
 </way>
 <way id="1443940640" visible="true" version="1" changeset="173627556" timestamp="2025-10-22T13:17:23Z" user="Falig44" uid="23098618">
  <nd ref="13249906391"/>
  <nd ref="13249906390"/>
  <tag k="barrier" v="hedge"/>
 </way>
 <way id="1443940641" visible="true" version="1" changeset="173627556" timestamp="2025-10-22T13:17:23Z" user="Falig44" uid="23098618">
  <nd ref="13236011021"/>
  <nd ref="13236011020"/>
  <nd ref="13236011019"/>
  <tag k="barrier" v="hedge"/>
 </way>
 <way id="1443940642" visible="true" version="2" changeset="173628783" timestamp="2025-10-22T13:44:18Z" user="Falig44" uid="23098618">
  <nd ref="13236011020"/>
  <nd ref="13249932268"/>
  <nd ref="13249906376"/>
  <tag k="barrier" v="hedge"/>
 </way>
 <way id="1443940643" visible="true" version="1" changeset="173627556" timestamp="2025-10-22T13:17:23Z" user="Falig44" uid="23098618">
  <nd ref="13236011021"/>
  <nd ref="13249906393"/>
  <nd ref="13249906379"/>
  <nd ref="13249906378"/>
  <nd ref="13249906377"/>
  <nd ref="13249906391"/>
  <nd ref="13236011023"/>
  <nd ref="13236011021"/>
  <tag k="landuse" v="farmland"/>
 </way>
 <way id="1443940644" visible="true" version="2" changeset="173628783" timestamp="2025-10-22T13:44:18Z" user="Falig44" uid="23098618">
  <nd ref="13236011021"/>
  <nd ref="13236011020"/>
  <nd ref="13249932268"/>
  <nd ref="13249906376"/>
  <nd ref="13249906375"/>
  <nd ref="13249906374"/>
  <nd ref="13249906380"/>
  <nd ref="13249906393"/>
  <nd ref="13236011021"/>
  <tag k="landuse" v="farmland"/>
 </way>
 <way id="1443940645" visible="true" version="1" changeset="173627556" timestamp="2025-10-22T13:17:23Z" user="Falig44" uid="23098618">
  <nd ref="13249906394"/>
  <nd ref="13249906395"/>
  <nd ref="13249906396"/>
  <nd ref="13249906397"/>
  <nd ref="13249906398"/>
  <nd ref="12834682508"/>
  <nd ref="13249906399"/>
  <nd ref="13249906400"/>
  <nd ref="13249906401"/>
  <nd ref="13249906394"/>
  <tag k="landuse" v="meadow"/>
 </way>
 <way id="1443940646" visible="true" version="1" changeset="173627556" timestamp="2025-10-22T13:17:23Z" user="Falig44" uid="23098618">
  <nd ref="13249906398"/>
  <nd ref="13249906397"/>
  <nd ref="13249906396"/>
  <nd ref="13249906395"/>
  <nd ref="13249906394"/>
  <tag k="barrier" v="hedge"/>
 </way>
 <way id="1443940647" visible="true" version="1" changeset="173627556" timestamp="2025-10-22T13:17:23Z" user="Falig44" uid="23098618">
  <nd ref="13249906397"/>
  <nd ref="13249906402"/>
  <nd ref="13249906403"/>
  <tag k="barrier" v="hedge"/>
 </way>
 <way id="1443940648" visible="true" version="1" changeset="173627556" timestamp="2025-10-22T13:17:23Z" user="Falig44" uid="23098618">
  <nd ref="13249906404"/>
  <nd ref="13249906405"/>
  <nd ref="13249906403"/>
  <nd ref="13249906406"/>
  <nd ref="13249906409"/>
  <nd ref="13249906415"/>
  <nd ref="2093642193"/>
  <nd ref="13249906416"/>
  <nd ref="2093642194"/>
  <nd ref="2093642195"/>
  <tag k="barrier" v="hedge"/>
 </way>
 <way id="1443940649" visible="true" version="1" changeset="173627556" timestamp="2025-10-22T13:17:23Z" user="Falig44" uid="23098618">
  <nd ref="13249906397"/>
  <nd ref="13249906402"/>
  <nd ref="13249906403"/>
  <nd ref="13249906405"/>
  <nd ref="13249906404"/>
  <nd ref="13249906398"/>
  <nd ref="13249906397"/>
  <tag k="landuse" v="meadow"/>
 </way>
 <way id="1443940650" visible="true" version="1" changeset="173627556" timestamp="2025-10-22T13:17:23Z" user="Falig44" uid="23098618">
  <nd ref="13249906395"/>
  <nd ref="13249906407"/>
  <nd ref="13249906408"/>
  <nd ref="13249906409"/>
  <nd ref="13249906406"/>
  <nd ref="13249906403"/>
  <nd ref="13249906402"/>
  <nd ref="13249906397"/>
  <nd ref="13249906396"/>
  <nd ref="13249906395"/>
  <tag k="landuse" v="meadow"/>
 </way>
 <way id="1443940651" visible="true" version="1" changeset="173627556" timestamp="2025-10-22T13:17:23Z" user="Falig44" uid="23098618">
  <nd ref="13249906395"/>
  <nd ref="13249906407"/>
  <nd ref="13249906408"/>
  <nd ref="13249906409"/>
  <tag k="barrier" v="hedge"/>
 </way>
 <way id="1443940652" visible="true" version="1" changeset="173627556" timestamp="2025-10-22T13:17:23Z" user="Falig44" uid="23098618">
  <nd ref="13249906394"/>
  <nd ref="13249906410"/>
  <nd ref="13249906411"/>
  <nd ref="13249906414"/>
  <nd ref="13249906412"/>
  <nd ref="13249906407"/>
  <nd ref="13249906394"/>
  <tag k="landuse" v="meadow"/>
 </way>
 <way id="1443940653" visible="true" version="1" changeset="173627556" timestamp="2025-10-22T13:17:23Z" user="Falig44" uid="23098618">
  <nd ref="13249906413"/>
  <nd ref="13249906414"/>
  <tag k="barrier" v="hedge"/>
 </way>
 <way id="1443940654" visible="true" version="1" changeset="173627556" timestamp="2025-10-22T13:17:23Z" user="Falig44" uid="23098618">
  <nd ref="13249906407"/>
  <nd ref="13249906414"/>
  <nd ref="13249906411"/>
  <tag k="barrier" v="hedge"/>
 </way>
 <way id="1443940655" visible="true" version="1" changeset="173627556" timestamp="2025-10-22T13:17:23Z" user="Falig44" uid="23098618">
  <nd ref="13249906414"/>
  <nd ref="13249906415"/>
  <nd ref="13249906409"/>
  <nd ref="13249906408"/>
  <nd ref="13249906407"/>
  <nd ref="13249906414"/>
  <tag k="landuse" v="meadow"/>
 </way>
 <way id="1443940656" visible="true" version="1" changeset="173627556" timestamp="2025-10-22T13:17:23Z" user="Falig44" uid="23098618">
  <nd ref="13249906411"/>
  <nd ref="13249906416"/>
  <nd ref="2093642193"/>
  <nd ref="13249906415"/>
  <nd ref="13249906414"/>
  <nd ref="13249906411"/>
  <tag k="landuse" v="meadow"/>
 </way>
 <way id="1443940657" visible="true" version="1" changeset="173627556" timestamp="2025-10-22T13:17:23Z" user="Falig44" uid="23098618">
  <nd ref="4535743484"/>
  <nd ref="4535743589"/>
  <nd ref="4535743485"/>
  <nd ref="13249906420"/>
  <nd ref="4535743486"/>
  <nd ref="13249906417"/>
  <nd ref="13249906418"/>
  <nd ref="4535743484"/>
  <tag k="landuse" v="farmland"/>
 </way>
 <way id="1443940658" visible="true" version="1" changeset="173627556" timestamp="2025-10-22T13:17:23Z" user="Falig44" uid="23098618">
  <nd ref="4535743484"/>
  <nd ref="4535743483"/>
  <nd ref="4535743487"/>
  <nd ref="4535743592"/>
  <nd ref="4535743488"/>
  <nd ref="4535743589"/>
  <nd ref="4535743484"/>
  <tag k="landuse" v="farmland"/>
 </way>
 <way id="1443940659" visible="true" version="1" changeset="173627556" timestamp="2025-10-22T13:17:23Z" user="Falig44" uid="23098618">
  <nd ref="4535743488"/>
  <nd ref="4535743593"/>
  <nd ref="4535743590"/>
  <nd ref="4535743591"/>
  <nd ref="13249906419"/>
  <nd ref="4535743486"/>
  <nd ref="13249906420"/>
  <nd ref="4535743485"/>
  <nd ref="4535743589"/>
  <nd ref="4535743488"/>
  <tag k="landuse" v="meadow"/>
 </way>
 <way id="1443940660" visible="true" version="1" changeset="173627556" timestamp="2025-10-22T13:17:23Z" user="Falig44" uid="23098618">
  <nd ref="13249906420"/>
  <nd ref="13249906421"/>
  <nd ref="13249906422"/>
  <tag k="barrier" v="hedge"/>
 </way>
 <way id="1443940661" visible="true" version="1" changeset="173627556" timestamp="2025-10-22T13:17:23Z" user="Falig44" uid="23098618">
  <nd ref="13249906423"/>
  <nd ref="13249906424"/>
  <nd ref="13249906425"/>
  <nd ref="13249906426"/>
  <nd ref="13249906427"/>
  <nd ref="13249906428"/>
  <nd ref="13249906429"/>
  <nd ref="13249906430"/>
  <nd ref="13249906423"/>
  <tag k="natural" v="water"/>
  <tag k="water" v="pond"/>
 </way>
 <way id="1443940662" visible="true" version="1" changeset="173627556" timestamp="2025-10-22T13:17:23Z" user="Falig44" uid="23098618">
  <nd ref="4535743592"/>
  <nd ref="10931232584"/>
  <nd ref="4535743482"/>
  <nd ref="4535743487"/>
  <nd ref="4535743592"/>
  <tag k="landuse" v="meadow"/>
 </way>
 <way id="1443940663" visible="true" version="1" changeset="173627556" timestamp="2025-10-22T13:17:23Z" user="Falig44" uid="23098618">
  <nd ref="10931232584"/>
  <nd ref="13249906431"/>
  <nd ref="4535743595"/>
  <nd ref="4535743594"/>
  <nd ref="4535743590"/>
  <nd ref="4535743593"/>
  <nd ref="4535743592"/>
  <nd ref="10931232584"/>
  <tag k="landuse" v="meadow"/>
 </way>
 <way id="1443940664" visible="true" version="1" changeset="173627556" timestamp="2025-10-22T13:17:23Z" user="Falig44" uid="23098618">
  <nd ref="13249906432"/>
  <nd ref="13249906433"/>
  <nd ref="4535743479"/>
  <nd ref="4535743480"/>
  <nd ref="13249906434"/>
  <nd ref="13249906435"/>
  <nd ref="13249906432"/>
  <tag k="landuse" v="farmland"/>
 </way>
 <way id="1443940665" visible="true" version="1" changeset="173627556" timestamp="2025-10-22T13:17:23Z" user="Falig44" uid="23098618">
  <nd ref="13249906436"/>
  <nd ref="13249906437"/>
  <tag k="barrier" v="hedge"/>
 </way>
 <way id="1443940666" visible="true" version="1" changeset="173627556" timestamp="2025-10-22T13:17:23Z" user="Falig44" uid="23098618">
  <nd ref="4535743595"/>
  <nd ref="13249906438"/>
  <nd ref="13249906439"/>
  <nd ref="13249906440"/>
  <nd ref="4535743591"/>
  <nd ref="4535743590"/>
  <nd ref="4535743594"/>
  <nd ref="4535743595"/>
  <tag k="landuse" v="farmland"/>
 </way>
 <way id="1443940667" visible="true" version="1" changeset="173627556" timestamp="2025-10-22T13:17:23Z" user="Falig44" uid="23098618">
  <nd ref="13249906441"/>
  <nd ref="13249906442"/>
  <nd ref="13249906443"/>
  <nd ref="2009005568"/>
  <nd ref="13236011020"/>
  <nd ref="13236011019"/>
  <nd ref="13249906444"/>
  <nd ref="13249906404"/>
  <nd ref="13249906405"/>
  <nd ref="13249906403"/>
  <nd ref="13249906406"/>
  <nd ref="13249906441"/>
  <tag k="landuse" v="farmland"/>
 </way>
 <way id="1443940668" visible="true" version="1" changeset="173627556" timestamp="2025-10-22T13:17:23Z" user="Falig44" uid="23098618">
  <nd ref="13249906441"/>
  <nd ref="2093642193"/>
  <nd ref="2093642200"/>
  <nd ref="13249906445"/>
  <nd ref="13249906443"/>
  <nd ref="13249906442"/>
  <nd ref="13249906441"/>
  <tag k="landuse" v="farmland"/>
 </way>
 <way id="1443940669" visible="true" version="1" changeset="173627556" timestamp="2025-10-22T13:17:23Z" user="Falig44" uid="23098618">
  <nd ref="13249906443"/>
  <nd ref="13249906442"/>
  <nd ref="13249906441"/>
  <tag k="barrier" v="hedge"/>
 </way>
 <way id="1443940670" visible="true" version="1" changeset="173627556" timestamp="2025-10-22T13:17:23Z" user="Falig44" uid="23098618">
  <nd ref="2093642193"/>
  <nd ref="2093642200"/>
  <nd ref="13249906445"/>
  <nd ref="13249906446"/>
  <nd ref="13249906447"/>
  <tag k="barrier" v="hedge"/>
 </way>
 <way id="1443940671" visible="true" version="1" changeset="173627556" timestamp="2025-10-22T13:17:23Z" user="Falig44" uid="23098618">
  <nd ref="13249906443"/>
  <nd ref="13249906445"/>
  <tag k="barrier" v="hedge"/>
 </way>
 <way id="1443940672" visible="true" version="1" changeset="173627556" timestamp="2025-10-22T13:17:23Z" user="Falig44" uid="23098618">
  <nd ref="2093642200"/>
  <nd ref="2093642202"/>
  <nd ref="2093642204"/>
  <tag k="barrier" v="hedge"/>
 </way>
 <way id="1443945338" visible="true" version="1" changeset="173628783" timestamp="2025-10-22T13:44:18Z" user="Falig44" uid="23098618">
  <nd ref="13249932268"/>
  <nd ref="13249932269"/>
  <nd ref="13249932270"/>
  <nd ref="13249932271"/>
  <nd ref="13249932272"/>
  <nd ref="13249906372"/>
  <nd ref="13249906371"/>
  <nd ref="13249906376"/>
  <nd ref="13249932268"/>
  <tag k="landuse" v="farmland"/>
 </way>
 <way id="1443945339" visible="true" version="1" changeset="173628783" timestamp="2025-10-22T13:44:18Z" user="Falig44" uid="23098618">
  <nd ref="13249932272"/>
  <nd ref="13249932271"/>
  <nd ref="13249932270"/>
  <nd ref="13249932269"/>
  <tag k="barrier" v="hedge"/>
 </way>
 <way id="1443945340" visible="true" version="1" changeset="173628783" timestamp="2025-10-22T13:44:18Z" user="Falig44" uid="23098618">
  <nd ref="13249932273"/>
  <nd ref="13249932274"/>
  <tag k="barrier" v="hedge"/>
 </way>
 <way id="1443945341" visible="true" version="1" changeset="173628783" timestamp="2025-10-22T13:44:18Z" user="Falig44" uid="23098618">
  <nd ref="13249932275"/>
  <nd ref="13249932276"/>
  <nd ref="13249942015"/>
  <nd ref="13249932277"/>
  <nd ref="13249932278"/>
  <nd ref="13249932279"/>
  <nd ref="13249932269"/>
  <nd ref="13249932270"/>
  <nd ref="13249932271"/>
  <nd ref="13249932272"/>
  <nd ref="4535743810"/>
  <nd ref="4535743809"/>
  <nd ref="13249932275"/>
  <tag k="landuse" v="farmland"/>
 </way>
 <way id="1443945342" visible="true" version="1" changeset="173628783" timestamp="2025-10-22T13:44:18Z" user="Falig44" uid="23098618">
  <nd ref="2093642202"/>
  <nd ref="13249932280"/>
  <nd ref="13249932281"/>
  <nd ref="13249906447"/>
  <nd ref="13249906446"/>
  <nd ref="13249906445"/>
  <nd ref="2093642200"/>
  <nd ref="2093642202"/>
  <tag k="landuse" v="farmland"/>
 </way>
 <way id="1443945343" visible="true" version="1" changeset="173628783" timestamp="2025-10-22T13:44:18Z" user="Falig44" uid="23098618">
  <nd ref="2093642202"/>
  <nd ref="2093642204"/>
  <nd ref="4535743602"/>
  <nd ref="4535743603"/>
  <nd ref="4535743604"/>
  <nd ref="4535743605"/>
  <nd ref="13249932282"/>
  <nd ref="13249932283"/>
  <nd ref="13249932281"/>
  <nd ref="13249932280"/>
  <nd ref="2093642202"/>
  <tag k="landuse" v="farmland"/>
 </way>
 <way id="1443945344" visible="true" version="1" changeset="173628783" timestamp="2025-10-22T13:44:18Z" user="Falig44" uid="23098618">
  <nd ref="13249932281"/>
  <nd ref="13249932280"/>
  <nd ref="2093642202"/>
  <tag k="barrier" v="hedge"/>
 </way>
 <way id="1443945345" visible="true" version="1" changeset="173628783" timestamp="2025-10-22T13:44:18Z" user="Falig44" uid="23098618">
  <nd ref="2093642203"/>
  <nd ref="2093642204"/>
  <nd ref="4535743602"/>
  <tag k="barrier" v="hedge"/>
 </way>
 <way id="1443945346" visible="true" version="1" changeset="173628783" timestamp="2025-10-22T13:44:18Z" user="Falig44" uid="23098618">
  <nd ref="2093642204"/>
  <nd ref="13249932284"/>
  <nd ref="13249932285"/>
  <tag k="barrier" v="hedge"/>
 </way>
 <way id="1443945347" visible="true" version="2" changeset="173630098" timestamp="2025-10-22T14:13:10Z" user="Falig44" uid="23098618">
  <nd ref="13249932285"/>
  <nd ref="13249932286"/>
  <nd ref="13249939346"/>
  <nd ref="4535743614"/>
  <nd ref="4535743615"/>
  <nd ref="13249932287"/>
  <nd ref="4535743606"/>
  <nd ref="4535743604"/>
  <nd ref="4535743603"/>
  <nd ref="4535743602"/>
  <nd ref="2093642204"/>
  <nd ref="13249932284"/>
  <nd ref="13249932285"/>
  <tag k="landuse" v="farmland"/>
 </way>
 <way id="1443945348" visible="true" version="1" changeset="173628783" timestamp="2025-10-22T13:44:18Z" user="Falig44" uid="23098618">
  <nd ref="13249932288"/>
  <nd ref="13249932289"/>
  <nd ref="13249932290"/>
  <nd ref="13249932291"/>
  <nd ref="13249932292"/>
  <nd ref="13249932293"/>
  <nd ref="13249932294"/>
  <nd ref="13249932295"/>
  <nd ref="13249932296"/>
  <nd ref="13249932297"/>
  <nd ref="13249932298"/>
  <nd ref="13249932299"/>
  <nd ref="13249932300"/>
  <nd ref="13249942001"/>
  <nd ref="13249942002"/>
  <nd ref="13249942003"/>
  <nd ref="13249942004"/>
  <nd ref="13249942005"/>
  <nd ref="13249942006"/>
  <nd ref="13249942007"/>
  <nd ref="13249942008"/>
  <nd ref="13249942009"/>
  <nd ref="13249932288"/>
  <tag k="building" v="yes"/>
 </way>
 <way id="1443945349" visible="true" version="1" changeset="173628783" timestamp="2025-10-22T13:44:18Z" user="Falig44" uid="23098618">
  <nd ref="13249942010"/>
  <nd ref="13249942011"/>
  <nd ref="13249942012"/>
  <nd ref="13249942013"/>
  <nd ref="13249942014"/>
  <nd ref="4535743608"/>
  <nd ref="4535743609"/>
  <nd ref="4535743611"/>
  <nd ref="4535743613"/>
  <nd ref="4535743804"/>
  <nd ref="13249942010"/>
  <tag k="landuse" v="farmyard"/>
 </way>
 <way id="1443945350" visible="true" version="1" changeset="173628783" timestamp="2025-10-22T13:44:18Z" user="Falig44" uid="23098618">
  <nd ref="4535743605"/>
  <nd ref="13249942010"/>
  <nd ref="13249942011"/>
  <nd ref="13249942012"/>
  <nd ref="13249942013"/>
  <nd ref="13249942014"/>
  <nd ref="4535743607"/>
  <nd ref="4535743606"/>
  <nd ref="4535743604"/>
  <nd ref="4535743605"/>
  <tag k="landuse" v="meadow"/>
 </way>
 <way id="1443945351" visible="true" version="1" changeset="173628783" timestamp="2025-10-22T13:44:18Z" user="Falig44" uid="23098618">
  <nd ref="13249942015"/>
  <nd ref="13249942016"/>
  <nd ref="13249942017"/>
  <nd ref="13249942018"/>
  <nd ref="13249942019"/>
  <nd ref="4535743808"/>
  <nd ref="13249932275"/>
  <nd ref="13249932276"/>
  <nd ref="13249942015"/>
  <tag k="landuse" v="meadow"/>
 </way>
 <way id="1443945352" visible="true" version="1" changeset="173628783" timestamp="2025-10-22T13:44:18Z" user="Falig44" uid="23098618">
  <nd ref="13249932275"/>
  <nd ref="13249932276"/>
  <nd ref="13249942015"/>
  <tag k="barrier" v="hedge"/>
 </way>
 <way id="1443945353" visible="true" version="1" changeset="173628783" timestamp="2025-10-22T13:44:18Z" user="Falig44" uid="23098618">
  <nd ref="13249942015"/>
  <nd ref="13249942016"/>
  <nd ref="13249942017"/>
  <nd ref="13249942018"/>
  <nd ref="13249942020"/>
  <tag k="barrier" v="hedge"/>
 </way>
 <way id="1443945354" visible="true" version="1" changeset="173628783" timestamp="2025-10-22T13:44:18Z" user="Falig44" uid="23098618">
  <nd ref="13249942018"/>
  <nd ref="13249942020"/>
  <nd ref="4535743805"/>
  <nd ref="13249942021"/>
  <nd ref="4535743807"/>
  <nd ref="13249942019"/>
  <nd ref="13249942018"/>
  <tag k="landuse" v="meadow"/>
 </way>
 <way id="1443945360" visible="true" version="1" changeset="173628783" timestamp="2025-10-22T13:44:18Z" user="Falig44" uid="23098618">
  <nd ref="4535743884"/>
  <nd ref="4535743883"/>
  <nd ref="4535743882"/>
  <nd ref="4535743881"/>
  <nd ref="4535743880"/>
  <nd ref="2093642214"/>
  <nd ref="332307851"/>
  <nd ref="2093642216"/>
  <nd ref="332307850"/>
  <nd ref="332307849"/>
  <nd ref="2093642227"/>
  <nd ref="2093642228"/>
  <nd ref="332307843"/>
  <nd ref="332307842"/>
  <nd ref="4535743795"/>
  <nd ref="4535743796"/>
  <nd ref="4535743797"/>
  <nd ref="4535743798"/>
  <nd ref="4535743799"/>
  <nd ref="13249942055"/>
  <nd ref="4535743898"/>
  <nd ref="4535743899"/>
  <nd ref="4535743900"/>
  <nd ref="13249942056"/>
  <nd ref="13249942047"/>
  <nd ref="13249942046"/>
  <nd ref="13249942045"/>
  <nd ref="13249942054"/>
  <nd ref="4535743884"/>
  <tag k="natural" v="grassland"/>
 </way>
 <way id="1443947592" visible="true" version="1" changeset="173629445" timestamp="2025-10-22T13:58:15Z" user="Falig44" uid="23098618">
  <nd ref="4535743614"/>
  <nd ref="13249950185"/>
  <nd ref="13249950186"/>
  <nd ref="13249950187"/>
  <nd ref="13249950191"/>
  <nd ref="4535743610"/>
  <nd ref="4535743611"/>
  <nd ref="4535743609"/>
  <nd ref="4535743608"/>
  <nd ref="13249942014"/>
  <nd ref="4535743607"/>
  <nd ref="13249932287"/>
  <nd ref="4535743614"/>
  <tag k="landuse" v="farmland"/>
 </way>
 <way id="1443947593" visible="true" version="1" changeset="173629445" timestamp="2025-10-22T13:58:15Z" user="Falig44" uid="23098618">
  <nd ref="13249950187"/>
  <nd ref="13249950188"/>
  <nd ref="13249950189"/>
  <nd ref="4535743917"/>
  <nd ref="4535743918"/>
  <nd ref="4535743919"/>
  <nd ref="13249950190"/>
  <nd ref="4535743613"/>
  <nd ref="4535743611"/>
  <nd ref="4535743610"/>
  <nd ref="13249950191"/>
  <nd ref="13249950187"/>
  <tag k="landuse" v="farmland"/>
 </way>
 <way id="1443947597" visible="true" version="1" changeset="173629445" timestamp="2025-10-22T13:58:15Z" user="Falig44" uid="23098618">
  <nd ref="13249950200"/>
  <nd ref="13249950199"/>
  <nd ref="13249965405"/>
  <nd ref="13249965406"/>
  <nd ref="4535743838"/>
  <nd ref="4535743837"/>
  <nd ref="4535743836"/>
  <nd ref="13249965407"/>
  <nd ref="4535743846"/>
  <nd ref="13249950200"/>
  <tag k="landuse" v="farmland"/>
 </way>
 <way id="1443947598" visible="true" version="1" changeset="173629445" timestamp="2025-10-22T13:58:15Z" user="Falig44" uid="23098618">
  <nd ref="13249965407"/>
  <nd ref="4535743836"/>
  <nd ref="4535743835"/>
  <nd ref="4535743834"/>
  <nd ref="4535743833"/>
  <nd ref="13249965408"/>
  <nd ref="13249965409"/>
  <nd ref="13249965410"/>
  <nd ref="13249965411"/>
  <nd ref="13249965412"/>
  <nd ref="13249965413"/>
  <nd ref="13249965407"/>
  <tag k="landuse" v="farmland"/>
 </way>
 <way id="1443947600" visible="true" version="1" changeset="173629445" timestamp="2025-10-22T13:58:15Z" user="Falig44" uid="23098618">
  <nd ref="13249965414"/>
  <nd ref="13249965415"/>
  <nd ref="13249965416"/>
  <nd ref="13249965417"/>
  <tag k="barrier" v="hedge"/>
 </way>
 <way id="1443947602" visible="true" version="1" changeset="173629445" timestamp="2025-10-22T13:58:15Z" user="Falig44" uid="23098618">
  <nd ref="13249965413"/>
  <nd ref="13249965418"/>
  <nd ref="13249965419"/>
  <nd ref="13249965420"/>
  <nd ref="13249965411"/>
  <nd ref="13249965412"/>
  <nd ref="13249965413"/>
  <tag k="natural" v="scrub"/>
 </way>
 <way id="1443947603" visible="true" version="1" changeset="173629445" timestamp="2025-10-22T13:58:15Z" user="Falig44" uid="23098618">
  <nd ref="13249965419"/>
  <nd ref="13249965420"/>
  <nd ref="13249965421"/>
  <nd ref="13249965422"/>
  <nd ref="13249965423"/>
  <nd ref="13249965418"/>
  <nd ref="13249965419"/>
  <tag k="landuse" v="residential"/>
 </way>
 <way id="1443947604" visible="true" version="1" changeset="173629445" timestamp="2025-10-22T13:58:15Z" user="Falig44" uid="23098618">
  <nd ref="13249881876"/>
  <nd ref="13249965421"/>
  <nd ref="13249965422"/>
  <nd ref="13249965424"/>
  <nd ref="13249881876"/>
  <tag k="landuse" v="meadow"/>
 </way>
 <way id="1443947605" visible="true" version="1" changeset="173629445" timestamp="2025-10-22T13:58:15Z" user="Falig44" uid="23098618">
  <nd ref="13249906304"/>
  <nd ref="4535743852"/>
  <nd ref="4535743851"/>
  <nd ref="4535743850"/>
  <nd ref="4535743849"/>
  <nd ref="13249965425"/>
  <nd ref="13249965426"/>
  <nd ref="13249965431"/>
  <nd ref="13249965429"/>
  <nd ref="13249965427"/>
  <nd ref="13249965428"/>
  <nd ref="13249906304"/>
  <tag k="landuse" v="meadow"/>
 </way>
 <way id="1443947606" visible="true" version="1" changeset="173629445" timestamp="2025-10-22T13:58:15Z" user="Falig44" uid="23098618">
  <nd ref="13249965429"/>
  <nd ref="13249965430"/>
  <tag k="barrier" v="hedge"/>
 </way>
 <way id="1443947607" visible="true" version="1" changeset="173629445" timestamp="2025-10-22T13:58:15Z" user="Falig44" uid="23098618">
  <nd ref="13249965431"/>
  <nd ref="13249965427"/>
  <nd ref="13249965428"/>
  <tag k="barrier" v="hedge"/>
 </way>
 <way id="1443947608" visible="true" version="1" changeset="173629445" timestamp="2025-10-22T13:58:15Z" user="Falig44" uid="23098618">
  <nd ref="13249965417"/>
  <nd ref="13249881876"/>
  <nd ref="13249965421"/>
  <nd ref="13249965420"/>
  <tag k="barrier" v="hedge"/>
 </way>
 <way id="1443947614" visible="true" version="1" changeset="173629445" timestamp="2025-10-22T13:58:15Z" user="Falig44" uid="23098618">
  <nd ref="13249965417"/>
  <nd ref="13249965416"/>
  <nd ref="13249965415"/>
  <nd ref="13249965414"/>
  <nd ref="13249965444"/>
  <nd ref="13249906302"/>
  <nd ref="13249906301"/>
  <nd ref="13236009484"/>
  <nd ref="13236009485"/>
  <nd ref="13236009486"/>
  <nd ref="13249965417"/>
  <tag k="landuse" v="farmland"/>
 </way>
 <way id="1443947615" visible="true" version="1" changeset="173629445" timestamp="2025-10-22T13:58:15Z" user="Falig44" uid="23098618">
  <nd ref="13249965416"/>
  <nd ref="13249965410"/>
  <nd ref="13249965411"/>
  <nd ref="13249965420"/>
  <nd ref="13249965421"/>
  <nd ref="13249965417"/>
  <nd ref="13249965416"/>
  <tag k="landuse" v="farmland"/>
 </way>
 <way id="1443950266" visible="true" version="1" changeset="173630098" timestamp="2025-10-22T14:13:10Z" user="Falig44" uid="23098618">
  <nd ref="4535743916"/>
  <nd ref="13249939335"/>
  <nd ref="13249939336"/>
  <nd ref="13249939337"/>
  <nd ref="13249939338"/>
  <nd ref="13249939339"/>
  <nd ref="13249939340"/>
  <nd ref="4535743802"/>
  <nd ref="13249950190"/>
  <nd ref="4535743919"/>
  <nd ref="4535743914"/>
  <nd ref="4535743915"/>
  <nd ref="4535743916"/>
  <tag k="landuse" v="meadow"/>
 </way>
 <way id="1443950268" visible="true" version="1" changeset="173630098" timestamp="2025-10-22T14:13:10Z" user="Falig44" uid="23098618">
  <nd ref="4535743610"/>
  <nd ref="13249950187"/>
  <nd ref="13249950188"/>
  <tag k="barrier" v="hedge"/>
 </way>
 <way id="1443950285" visible="true" version="1" changeset="173630098" timestamp="2025-10-22T14:13:10Z" user="Falig44" uid="23098618">
  <nd ref="4535743623"/>
  <nd ref="4535743622"/>
  <nd ref="4535743620"/>
  <nd ref="4535743616"/>
  <nd ref="13249987407"/>
  <nd ref="13249987408"/>
  <nd ref="13249987409"/>
  <nd ref="4535743623"/>
  <tag k="landuse" v="farmland"/>
 </way>
 <way id="1443950286" visible="true" version="1" changeset="173630098" timestamp="2025-10-22T14:13:10Z" user="Falig44" uid="23098618">
  <nd ref="13249987407"/>
  <nd ref="13249939352"/>
  <nd ref="13249939397"/>
  <nd ref="4535743618"/>
  <nd ref="4535743619"/>
  <nd ref="4535743620"/>
  <nd ref="13249987407"/>
  <tag k="landuse" v="farmland"/>
 </way>
 <way id="1443961381" visible="true" version="1" changeset="173632890" timestamp="2025-10-22T15:09:04Z" user="Falig44" uid="23098618">
  <nd ref="13250080095"/>
  <nd ref="13250080096"/>
  <nd ref="13250080097"/>
  <nd ref="13250080098"/>
  <nd ref="13250080099"/>
  <nd ref="13250080100"/>
  <nd ref="13250080101"/>
  <nd ref="13250080102"/>
  <nd ref="13250080103"/>
  <nd ref="13250080104"/>
  <nd ref="13250080105"/>
  <nd ref="13250080106"/>
  <nd ref="13250080107"/>
  <nd ref="13250080108"/>
  <nd ref="13250080095"/>
  <tag k="landuse" v="farmland"/>
 </way>
 <way id="1443961388" visible="true" version="1" changeset="173632890" timestamp="2025-10-22T15:09:04Z" user="Falig44" uid="23098618">
  <nd ref="13250080116"/>
  <nd ref="13250080118"/>
  <nd ref="13250080119"/>
  <nd ref="13250080120"/>
  <nd ref="13249906338"/>
  <nd ref="13249906337"/>
  <nd ref="13250080121"/>
  <nd ref="13250080112"/>
  <nd ref="13250080111"/>
  <nd ref="13250080110"/>
  <nd ref="13250080117"/>
  <nd ref="13250080116"/>
  <tag k="landuse" v="farmland"/>
 </way>
 <way id="1443961389" visible="true" version="1" changeset="173632890" timestamp="2025-10-22T15:09:04Z" user="Falig44" uid="23098618">
  <nd ref="13250080121"/>
  <nd ref="13250080122"/>
  <nd ref="13250080123"/>
  <nd ref="13250080124"/>
  <nd ref="13249906333"/>
  <nd ref="13249906332"/>
  <nd ref="13249906337"/>
  <nd ref="13250080121"/>
  <tag k="landuse" v="farmland"/>
 </way>
 <way id="1443961390" visible="true" version="1" changeset="173632890" timestamp="2025-10-22T15:09:04Z" user="Falig44" uid="23098618">
  <nd ref="13250080125"/>
  <nd ref="13250080126"/>
  <nd ref="13250080127"/>
  <nd ref="13250080128"/>
  <nd ref="13236009496"/>
  <nd ref="13236009500"/>
  <nd ref="13236009499"/>
  <nd ref="13250080134"/>
  <nd ref="13250080130"/>
  <nd ref="13250080129"/>
  <nd ref="13250080125"/>
  <tag k="landuse" v="meadow"/>
 </way>
 <relation id="117010" visible="true" version="26" changeset="160633299" timestamp="2024-12-26T11:37:51Z" user="Dren ar Frankig" uid="11707888">
  <member type="node" ref="331024435" role="admin_centre"/>
  <member type="way" ref="35061685" role="outer"/>
  <member type="way" ref="35061698" role="outer"/>
  <member type="way" ref="35079417" role="outer"/>
  <member type="way" ref="193494748" role="outer"/>
  <member type="way" ref="193494749" role="outer"/>
  <member type="way" ref="193489069" role="outer"/>
  <member type="way" ref="193489065" role="outer"/>
  <member type="way" ref="193489049" role="outer"/>
  <member type="way" ref="33477781" role="outer"/>
  <member type="way" ref="35068712" role="outer"/>
  <tag k="admin_level" v="8"/>
  <tag k="boundary" v="administrative"/>
  <tag k="name" v="Notre-Dame-des-Landes"/>
  <tag k="name:br" v="Kernitron-al-Lann"/>
  <tag k="name:el" v="Νοτρ-Νταμ-ντε-Λαντ"/>
  <tag k="name:uk" v="Нотр-Дам-де-Ланд"/>
  <tag k="population" v="2310"/>
  <tag k="population:date" v="2021"/>
  <tag k="postal_code" v="44130"/>
  <tag k="ref:FR:SIREN" v="214401119"/>
  <tag k="ref:INSEE" v="44111"/>
  <tag k="source:population" v="INSEE 2024"/>
  <tag k="source:postal_code" v="source of postcode is from osm nodes"/>
  <tag k="type" v="boundary"/>
  <tag k="wikidata" v="Q733497"/>
  <tag k="wikipedia" v="fr:Notre-Dame-des-Landes"/>
 </relation>
 <relation id="147392" visible="true" version="20" changeset="158879992" timestamp="2024-11-08T03:53:16Z" user="Cyrille37Bot" uid="587556">
  <member type="node" ref="26695628" role="admin_centre"/>
  <member type="way" ref="35061642" role="outer"/>
  <member type="way" ref="35079230" role="outer"/>
  <member type="way" ref="35079232" role="outer"/>
  <member type="way" ref="35079231" role="outer"/>
  <member type="way" ref="35061698" role="outer"/>
  <member type="way" ref="35061690" role="outer"/>
  <member type="way" ref="35061692" role="outer"/>
  <tag k="admin_level" v="8"/>
  <tag k="boundary" v="administrative"/>
  <tag k="name" v="Fay-de-Bretagne"/>
  <tag k="name:br" v="Faouell"/>
  <tag k="population" v="3750"/>
  <tag k="population:date" v="2021"/>
  <tag k="postal_code" v="44130"/>
  <tag k="ref:FR:SIREN" v="214400566"/>
  <tag k="ref:INSEE" v="44056"/>
  <tag k="source:population" v="INSEE 2024"/>
  <tag k="source:postal_code" v="source of postcode is from osm nodes"/>
  <tag k="type" v="boundary"/>
  <tag k="wikidata" v="Q771480"/>
  <tag k="wikipedia" v="fr:Fay-de-Bretagne"/>
 </relation>
 <relation id="421507" visible="true" version="41" changeset="168064554" timestamp="2025-06-24T19:28:33Z" user="FRichard44" uid="2516858">
  <member type="node" ref="26696116" role="admin_centre"/>
  <member type="way" ref="35061642" role="outer"/>
  <member type="way" ref="35079230" role="outer"/>
  <member type="way" ref="35079232" role="outer"/>
  <member type="way" ref="32404464" role="outer"/>
  <member type="way" ref="31665978" role="outer"/>
  <member type="way" ref="193514182" role="outer"/>
  <member type="way" ref="215376964" role="outer"/>
  <member type="way" ref="215376962" role="outer"/>
  <member type="way" ref="30828584" role="outer"/>
  <member type="way" ref="215376963" role="outer"/>
  <member type="way" ref="31616547" role="outer"/>
  <member type="way" ref="29268812" role="outer"/>
  <member type="way" ref="332647410" role="outer"/>
  <member type="way" ref="332647232" role="outer"/>
  <member type="way" ref="332647426" role="outer"/>
  <member type="way" ref="332647274" role="outer"/>
  <member type="way" ref="856143415" role="outer"/>
  <member type="way" ref="30772463" role="outer"/>
  <member type="way" ref="30772464" role="outer"/>
  <member type="way" ref="630158089" role="outer"/>
  <member type="way" ref="31616707" role="outer"/>
  <member type="way" ref="630188693" role="outer"/>
  <member type="way" ref="630186393" role="outer"/>
  <member type="way" ref="330031415" role="outer"/>
  <member type="way" ref="32404214" role="outer"/>
  <member type="way" ref="32910116" role="outer"/>
  <member type="way" ref="35937200" role="outer"/>
  <member type="way" ref="35937202" role="outer"/>
  <member type="way" ref="38076234" role="outer"/>
  <member type="way" ref="38076233" role="outer"/>
  <member type="way" ref="318988658" role="outer"/>
  <member type="way" ref="38076209" role="outer"/>
  <member type="way" ref="145483918" role="outer"/>
  <member type="way" ref="1409302093" role="outer"/>
  <member type="way" ref="1409302094" role="outer"/>
  <member type="way" ref="1409302091" role="outer"/>
  <member type="way" ref="1409302092" role="outer"/>
  <member type="way" ref="268421826" role="outer"/>
  <member type="way" ref="384671487" role="outer"/>
  <member type="way" ref="807139376" role="outer"/>
  <member type="way" ref="384671513" role="outer"/>
  <member type="way" ref="268421844" role="outer"/>
  <member type="way" ref="101395177" role="outer"/>
  <member type="way" ref="268421817" role="outer"/>
  <member type="way" ref="319609616" role="outer"/>
  <member type="way" ref="211006727" role="outer"/>
  <member type="way" ref="37756379" role="outer"/>
  <member type="way" ref="208647629" role="outer"/>
  <member type="way" ref="299247678" role="outer"/>
  <member type="way" ref="35061680" role="outer"/>
  <member type="way" ref="127388820" role="outer"/>
  <member type="way" ref="299247680" role="outer"/>
  <member type="way" ref="299247691" role="outer"/>
  <member type="way" ref="127388138" role="outer"/>
  <member type="way" ref="92117826" role="outer"/>
  <member type="way" ref="299247681" role="outer"/>
  <member type="way" ref="35061685" role="outer"/>
  <member type="way" ref="35061690" role="outer"/>
  <member type="way" ref="35061692" role="outer"/>
  <member type="relation" ref="102798" role="subarea"/>
  <member type="relation" ref="147392" role="subarea"/>
  <member type="relation" ref="86182" role="subarea"/>
  <member type="relation" ref="147379" role="subarea"/>
  <member type="relation" ref="138782" role="subarea"/>
  <member type="relation" ref="117010" role="subarea"/>
  <member type="relation" ref="138783" role="subarea"/>
  <member type="relation" ref="102793" role="subarea"/>
  <member type="relation" ref="88884" role="subarea"/>
  <member type="relation" ref="179419" role="subarea"/>
  <member type="relation" ref="86179" role="subarea"/>
  <member type="relation" ref="87144" role="subarea"/>
  <tag k="boundary" v="local_authority"/>
  <tag k="local_authority:FR" v="CC"/>
  <tag k="name" v="Communauté de communes d'Erdre et Gesvres"/>
  <tag k="name:br" v="Kumuniezh-kumunioù an Erzh hag ar Gevr"/>
  <tag k="ref:FR:SIREN" v="244400503"/>
  <tag k="short_name" v="CCEG"/>
  <tag k="source:name:br" v="ofis publik ar brezhoneg"/>
  <tag k="type" v="boundary"/>
  <tag k="website" v="https://www.cceg.fr/"/>
  <tag k="wikidata" v="Q2987443"/>
  <tag k="wikipedia" v="fr:Communauté de communes d'Erdre et Gesvres"/>
 </relation>
 <relation id="3589539" visible="true" version="32" changeset="169867606" timestamp="2025-08-02T15:10:52Z" user="Dren ar Frankig" uid="11707888">
  <member type="relation" ref="3601742" role="01"/>
  <member type="relation" ref="3590781" role="02"/>
  <member type="relation" ref="3590961" role="03"/>
  <member type="relation" ref="3593932" role="04"/>
  <member type="relation" ref="3594037" role="05"/>
  <member type="relation" ref="3603442" role="06"/>
  <member type="relation" ref="3599762" role="07"/>
  <member type="relation" ref="3602894" role="08"/>
  <member type="relation" ref="3590730" role="09"/>
  <member type="relation" ref="3599252" role="10"/>
  <member type="relation" ref="3996860" role="11"/>
  <member type="relation" ref="3996861" role="12"/>
  <member type="relation" ref="3996862" role="13"/>
  <member type="relation" ref="3996863" role="14"/>
  <member type="relation" ref="3996864" role="15"/>
  <member type="relation" ref="3996865" role="16"/>
  <member type="relation" ref="3996866" role="17"/>
  <member type="relation" ref="3598333" role="18"/>
  <member type="relation" ref="3589538" role="19"/>
  <member type="relation" ref="3598763" role="20"/>
  <member type="relation" ref="3604979" role="21"/>
  <member type="relation" ref="3604978" role="22"/>
  <member type="relation" ref="3599116" role="23"/>
  <member type="relation" ref="3605524" role="24"/>
  <member type="relation" ref="3605525" role="25"/>
  <member type="relation" ref="3593189" role="26"/>
  <member type="relation" ref="3593190" role="27"/>
  <member type="relation" ref="3599390" role="28"/>
  <member type="relation" ref="3599518" role="29"/>
  <member type="relation" ref="3601253" role="30"/>
  <member type="relation" ref="3599519" role="31"/>
  <tag k="boundary" v="political"/>
  <tag k="collection" v="boundary"/>
  <tag k="description" v="31 cantons"/>
  <tag k="name" v="Loire-Atlantique - cantons (mars 2015)"/>
  <tag k="name:br" v="Liger-Atlantel - kantonioù (Meurzh 2015)"/>
  <tag k="planned:ref" v="044"/>
  <tag k="political_division" v="canton"/>
  <tag k="source" v="(JORF 2014-02-28) Décret nº 2014-243 du 25 février 2014 portant délimitation des cantons dans le département de la Loire-Atlantique"/>
  <tag k="source:url" v="http://www.legifrance.gouv.fr/affichTexte.do?cidTexte=JORFTEXT000028661362"/>
  <tag k="start_date" v="2015-03"/>
  <tag k="type" v="collection"/>
 </relation>
 <relation id="3594037" visible="true" version="13" changeset="92070836" timestamp="2020-10-06T21:30:19Z" user="Kalepom" uid="392288">
  <member type="node" ref="26692481" role="admin_centre"/>
  <member type="way" ref="35061642" role="outer"/>
  <member type="way" ref="35079230" role="outer"/>
  <member type="way" ref="35079232" role="outer"/>
  <member type="way" ref="32404464" role="outer"/>
  <member type="way" ref="31665978" role="outer"/>
  <member type="way" ref="193514182" role="outer"/>
  <member type="way" ref="215376964" role="outer"/>
  <member type="way" ref="215376962" role="outer"/>
  <member type="way" ref="30828584" role="outer"/>
  <member type="way" ref="215376963" role="outer"/>
  <member type="way" ref="31616547" role="outer"/>
  <member type="way" ref="29268812" role="outer"/>
  <member type="way" ref="332647410" role="outer"/>
  <member type="way" ref="332647232" role="outer"/>
  <member type="way" ref="332647426" role="outer"/>
  <member type="way" ref="332647274" role="outer"/>
  <member type="way" ref="856143415" role="outer"/>
  <member type="way" ref="30772463" role="outer"/>
  <member type="way" ref="55463785" role="outer"/>
  <member type="way" ref="454689650" role="outer"/>
  <member type="way" ref="454689651" role="outer"/>
  <member type="way" ref="373554595" role="outer"/>
  <member type="way" ref="373554606" role="outer"/>
  <member type="way" ref="332647337" role="outer"/>
  <member type="way" ref="373634623" role="outer"/>
  <member type="way" ref="373608389" role="outer"/>
  <member type="way" ref="373608395" role="outer"/>
  <member type="way" ref="30243690" role="outer"/>
  <member type="way" ref="30243692" role="outer"/>
  <member type="way" ref="630188693" role="outer"/>
  <member type="way" ref="31830432" role="outer"/>
  <member type="way" ref="82257508" role="outer"/>
  <member type="way" ref="34555534" role="outer"/>
  <member type="way" ref="32404334" role="outer"/>
  <member type="way" ref="31830430" role="outer"/>
  <member type="way" ref="35068713" role="outer"/>
  <member type="way" ref="33477781" role="outer"/>
  <member type="way" ref="193489049" role="outer"/>
  <member type="way" ref="193489065" role="outer"/>
  <member type="way" ref="193489069" role="outer"/>
  <member type="way" ref="193494749" role="outer"/>
  <member type="way" ref="193494748" role="outer"/>
  <member type="way" ref="35079417" role="outer"/>
  <member type="way" ref="35061698" role="outer"/>
  <member type="way" ref="35061690" role="outer"/>
  <member type="way" ref="35061692" role="outer"/>
  <member type="relation" ref="73554" role="subarea"/>
  <member type="relation" ref="147392" role="subarea"/>
  <member type="relation" ref="86182" role="subarea"/>
  <member type="relation" ref="88884" role="subarea"/>
  <member type="relation" ref="86179" role="subarea"/>
  <member type="relation" ref="87144" role="subarea"/>
  <tag k="boundary" v="political"/>
  <tag k="name" v="La Chapelle-sur-Erdre"/>
  <tag k="name:br" v="Chapel-Erzh"/>
  <tag k="name:fr" v="La Chapelle-sur-Erdre"/>
  <tag k="political_division" v="canton"/>
  <tag k="ref:INSEE" v="4405"/>
  <tag k="source" v="(JORF 2014-02-28) Décret nº 2014-243 du 25 février 2014 portant délimitation des cantons dans le département de la Loire-Atlantique"/>
  <tag k="source:url" v="http://www.legifrance.gouv.fr/affichTexte.do?cidTexte=JORFTEXT000028661362"/>
  <tag k="start_date" v="2015-03"/>
  <tag k="type" v="boundary"/>
 </relation>
 <relation id="3598333" visible="true" version="19" changeset="77532087" timestamp="2019-11-25T15:23:48Z" user="Olyon" uid="1443767">
  <member type="node" ref="26698277" role="admin_centre"/>
  <member type="way" ref="32910117" role="outer"/>
  <member type="way" ref="208647642" role="outer"/>
  <member type="way" ref="32910122" role="outer"/>
  <member type="way" ref="32910120" role="outer"/>
  <member type="way" ref="35937203" role="outer"/>
  <member type="way" ref="35937205" role="outer"/>
  <member type="way" ref="38076231" role="outer"/>
  <member type="way" ref="38076228" role="outer"/>
  <member type="way" ref="38076229" role="outer"/>
  <member type="way" ref="38076227" role="outer"/>
  <member type="way" ref="268756344" role="outer"/>
  <member type="way" ref="268756315" role="outer"/>
  <member type="way" ref="38076226" role="outer"/>
  <member type="way" ref="38076221" role="outer"/>
  <member type="way" ref="38067630" role="outer"/>
  <member type="way" ref="38076214" role="outer"/>
  <member type="way" ref="38067718" role="outer"/>
  <member type="way" ref="38067717" role="outer"/>
  <member type="way" ref="37756377" role="outer"/>
  <member type="way" ref="37756379" role="outer"/>
  <member type="way" ref="208647629" role="outer"/>
  <member type="way" ref="299247678" role="outer"/>
  <member type="way" ref="35061680" role="outer"/>
  <member type="way" ref="127388820" role="outer"/>
  <member type="way" ref="299247680" role="outer"/>
  <member type="way" ref="299247691" role="outer"/>
  <member type="way" ref="127388138" role="outer"/>
  <member type="way" ref="92117826" role="outer"/>
  <member type="way" ref="299247681" role="outer"/>
  <member type="way" ref="35061685" role="outer"/>
  <member type="way" ref="35061698" role="outer"/>
  <member type="way" ref="35079417" role="outer"/>
  <member type="way" ref="193494748" role="outer"/>
  <member type="way" ref="193494749" role="outer"/>
  <member type="way" ref="193489069" role="outer"/>
  <member type="way" ref="193489065" role="outer"/>
  <member type="way" ref="193489049" role="outer"/>
  <member type="way" ref="33477781" role="outer"/>
  <member type="way" ref="35068713" role="outer"/>
  <member type="way" ref="31830430" role="outer"/>
  <member type="way" ref="32404334" role="outer"/>
  <member type="way" ref="34555534" role="outer"/>
  <member type="way" ref="82257508" role="outer"/>
  <member type="way" ref="31830432" role="outer"/>
  <member type="way" ref="630186393" role="outer"/>
  <member type="way" ref="330031415" role="outer"/>
  <member type="way" ref="31004447" role="outer"/>
  <member type="way" ref="422920631" role="outer"/>
  <member type="way" ref="699040507" role="outer"/>
  <member type="way" ref="699040506" role="outer"/>
  <member type="way" ref="422920632" role="outer"/>
  <member type="way" ref="31480820" role="outer"/>
  <member type="relation" ref="102798" role="subarea"/>
  <member type="relation" ref="109363" role="subarea"/>
  <member type="relation" ref="147379" role="subarea"/>
  <member type="relation" ref="179412" role="subarea"/>
  <member type="relation" ref="157282" role="subarea"/>
  <member type="relation" ref="179418" role="subarea"/>
  <member type="relation" ref="138782" role="subarea"/>
  <member type="relation" ref="117010" role="subarea"/>
  <member type="relation" ref="138783" role="subarea"/>
  <member type="relation" ref="179414" role="subarea"/>
  <member type="relation" ref="102793" role="subarea"/>
  <member type="relation" ref="179417" role="subarea"/>
  <member type="relation" ref="179419" role="subarea"/>
  <member type="relation" ref="179413" role="subarea"/>
  <tag k="boundary" v="political"/>
  <tag k="name" v="Nort-sur-Erdre"/>
  <tag k="name:br" v="Enorzh"/>
  <tag k="name:fr" v="Nort-sur-Erdre"/>
  <tag k="political_division" v="canton"/>
  <tag k="ref:INSEE" v="4418"/>
  <tag k="source" v="(JORF 2014-02-28) Décret nº 2014-243 du 25 février 2014 portant délimitation des cantons dans le département de la Loire-Atlantique"/>
  <tag k="source:url" v="http://www.legifrance.gouv.fr/affichTexte.do?cidTexte=JORFTEXT000028661362"/>
  <tag k="start_date" v="2015-03"/>
  <tag k="type" v="boundary"/>
 </relation>
 <relation id="6759078" visible="true" version="4" changeset="62557937" timestamp="2018-09-13T16:41:53Z" user="wuff57" uid="2583033">
  <member type="way" ref="457423189" role="main_stream"/>
  <member type="way" ref="457423187" role="main_stream"/>
  <member type="way" ref="457423186" role="main_stream"/>
  <member type="way" ref="457423188" role="main_stream"/>
  <member type="way" ref="457423192" role="main_stream"/>
  <member type="way" ref="457423191" role="main_stream"/>
  <member type="way" ref="457423197" role="main_stream"/>
  <member type="way" ref="457423195" role="main_stream"/>
  <member type="way" ref="457423194" role="main_stream"/>
  <member type="way" ref="457423196" role="main_stream"/>
  <member type="way" ref="625321541" role="main_stream"/>
  <member type="way" ref="457423140" role="main_stream"/>
  <member type="way" ref="457423139" role="main_stream"/>
  <member type="way" ref="457423207" role="main_stream"/>
  <member type="way" ref="457423206" role="main_stream"/>
  <member type="way" ref="457423215" role="main_stream"/>
  <member type="way" ref="457423214" role="main_stream"/>
  <member type="way" ref="457423217" role="main_stream"/>
  <member type="way" ref="457423216" role="main_stream"/>
  <member type="way" ref="457423240" role="main_stream"/>
  <member type="way" ref="457423239" role="main_stream"/>
  <member type="way" ref="457412219" role="main_stream"/>
  <member type="way" ref="457412218" role="main_stream"/>
  <member type="way" ref="457412222" role="main_stream"/>
  <member type="way" ref="457412221" role="main_stream"/>
  <member type="way" ref="457412225" role="main_stream"/>
  <member type="way" ref="457412224" role="main_stream"/>
  <member type="way" ref="457412255" role="main_stream"/>
  <member type="way" ref="457412254" role="main_stream"/>
  <member type="way" ref="457412314" role="main_stream"/>
  <member type="way" ref="457412313" role="main_stream"/>
  <member type="way" ref="457412374" role="main_stream"/>
  <member type="way" ref="457412373" role="main_stream"/>
  <member type="way" ref="457412377" role="main_stream"/>
  <member type="way" ref="457412376" role="main_stream"/>
  <member type="way" ref="457412383" role="main_stream"/>
  <member type="way" ref="457412382" role="main_stream"/>
  <member type="way" ref="457412407" role="main_stream"/>
  <member type="way" ref="457412406" role="main_stream"/>
  <member type="way" ref="457412433" role="main_stream"/>
  <member type="way" ref="457412432" role="main_stream"/>
  <member type="way" ref="457412436" role="main_stream"/>
  <member type="way" ref="457412435" role="main_stream"/>
  <member type="way" ref="457412440" role="main_stream"/>
  <member type="way" ref="457412442" role="main_stream"/>
  <tag k="alt_name" v="Ruisseau de la Piclotais à l'Arche du Fouan;Ruisseau du Breil de l'Aune à la Piclotais"/>
  <tag k="destination" v="Canal de Nantes à Brest"/>
  <tag k="name" v="Le Plongeon"/>
  <tag k="ref:sandre" v="J9114000"/>
  <tag k="type" v="waterway"/>
  <tag k="waterway" v="stream"/>
 </relation>
 <relation id="6759260" visible="true" version="1" changeset="44138363" timestamp="2016-12-03T14:43:30Z" user="FRichard44" uid="2516858">
  <member type="way" ref="457423152" role="main_stream"/>
  <member type="way" ref="457423151" role="main_stream"/>
  <member type="way" ref="457423170" role="main_stream"/>
  <tag k="ref:sandre" v="J9115150"/>
  <tag k="type" v="waterway"/>
  <tag k="waterway" v="stream"/>
 </relation>
 <relation id="6759262" visible="true" version="1" changeset="44138363" timestamp="2016-12-03T14:43:31Z" user="FRichard44" uid="2516858">
  <member type="way" ref="457423185" role="outer"/>
  <member type="way" ref="457423184" role="inner"/>
  <tag k="natural" v="water"/>
  <tag k="type" v="multipolygon"/>
  <tag k="water" v="pond"/>
 </relation>
</osm>
